Timestamp,IAT (°C),Voltage (V),RPM,Oil Temp (°C),Oil Pressure (kPa),Coolant Temp (°C),Engine Load (%)
13:43:40.667,0,0,0,0,0,0,0
13:43:41.164,0,0,0,0,0,0,0
13:43:41.663,0,0,0,0,0,0,0
13:43:42.161,0,0,0,0,0,0,0
13:43:42.666,0,0,0,0,0,0,0
13:43:43.164,0,0,0,0,0,0,0
13:43:43.665,0,0,0,0,0,0,0
13:43:44.162,0,0,0,0,0,0,0
13:43:44.668,0,0,0,0,0,0,0
13:43:45.165,0,0,0,0,0,0,0
13:43:45.660,0,0,0,0,0,0,0
13:43:46.161,0,0,0,0,0,0,0
13:43:46.667,0,0,0,0,0,0,0
13:43:47.164,0,0,0,0,0,0,0
13:43:47.661,0,0,0,0,0,0,0
13:43:48.162,0,0,0,0,0,0,0
13:43:48.667,0,0,0,0,0,0,0
13:43:49.164,0,0,0,0,0,0,0
13:43:49.664,0,0,0,0,0,0,0
13:43:50.162,0,0,0,0,0,0,0
13:43:50.667,0,0,0,0,0,0,0
13:43:51.164,0,0,0,0,0,0,0
13:43:51.662,0,0,0,0,0,0,0
13:43:52.163,0,0,0,0,0,0,0
13:43:52.667,0,0,0,0,0,0,0
13:43:53.165,0,0,0,0,0,0,0
13:43:53.664,0,0,0,0,0,0,0
13:43:54.162,0,0,0,0,0,0,0
13:43:54.666,0,0,0,0,0,0,0
13:43:55.164,0,0,0,0,0,0,0
13:43:55.663,0,0,0,0,0,0,0
13:43:56.162,0,0,0,0,0,0,0
13:43:56.665,0,0,0,0,0,0,0
13:43:57.164,0,0,0,0,0,0,0
13:43:57.661,0,0,0,0,0,0,0
13:43:58.161,0,0,0,0,0,0,0
13:43:58.670,0,0,0,0,0,0,0
13:43:59.164,0,0,0,0,0,0,0
13:43:59.663,0,0,0,0,0,0,0
13:44:00.162,0,0,0,0,0,0,0
13:44:00.667,0,0,0,0,0,0,0
13:44:01.164,0,0,0,0,0,0,0
13:44:01.666,0,0,0,0,0,0,0
13:44:02.161,0,0,0,0,0,0,0
13:44:02.666,0,0,0,0,0,0,0
13:44:03.165,0,0,0,0,0,0,0
13:44:03.664,0,0,0,0,0,0,0
13:44:04.162,0,0,0,0,0,0,0
13:44:04.666,0,0,0,0,0,0,0
13:44:05.163,0,0,0,0,0,0,0
13:44:05.662,0,0,0,0,0,0,0
13:44:06.162,0,0,0,0,0,0,0
13:44:06.668,0,0,0,0,0,0,0
13:44:07.166,0,0,0,0,0,0,0
13:44:07.662,0,0,0,0,0,0,0
13:44:08.160,0,0,0,0,0,0,0
13:44:08.666,0,0,0,0,0,0,0
13:44:09.165,0,0,0,0,0,0,0
13:44:09.662,0,0,0,0,0,0,0
13:44:10.162,0,0,0,0,0,0,0
13:44:10.669,0,0,0,0,0,0,0
13:44:11.178,0,0,0,0,0,0,0
13:44:11.662,0,0,0,0,0,0,0
13:44:12.162,0,0,0,0,0,0,0
13:44:12.664,0,0,0,0,0,0,0
13:44:13.163,0,0,0,0,0,0,0
13:44:13.660,0,0,0,0,0,0,0
13:44:14.161,0,0,0,0,0,0,0
13:44:14.665,0,0,0,0,0,0,0
13:44:15.164,0,0,0,0,0,0,0
13:44:15.662,0,0,0,0,0,0,0
13:44:16.161,0,0,0,0,0,0,0
13:44:16.667,0,0,0,0,0,0,0
13:44:17.163,0,0,0,0,0,0,0
13:44:17.660,0,0,0,0,0,0,0
13:44:18.162,0,0,0,0,0,0,0
13:44:18.669,0,0,0,0,0,0,0
13:44:19.162,0,0,0,0,0,0,0
13:44:19.663,0,0,0,0,0,0,0
13:44:20.163,0,0,0,0,0,0,0
13:44:20.669,0,0,0,0,0,0,0
13:44:21.164,0,0,0,0,0,0,0
13:44:21.662,0,0,0,0,0,0,0
13:44:22.162,0,0,0,0,0,0,0
13:44:22.670,0,0,0,0,0,0,0
13:44:23.162,0,0,0,0,0,0,0
13:44:23.667,0,0,0,0,0,0,0
13:44:24.161,0,0,0,0,0,0,0
13:44:24.673,0,0,0,0,0,0,0
13:44:25.164,0,0,0,0,0,0,0
13:44:25.661,0,0,0,0,0,0,0
13:44:26.163,0,0,0,0,0,0,0
13:44:26.671,0,0,0,0,0,0,0
13:44:27.163,0,0,0,0,0,0,0
13:44:27.666,0,0,0,0,0,0,0
13:44:28.161,0,0,0,0,0,0,0
13:44:28.667,0,0,0,0,0,0,0
13:44:29.162,0,0,0,0,0,0,0
13:44:29.667,0,0,0,0,0,0,0
13:44:30.161,0,0,0,0,0,0,0
13:44:30.666,0,0,0,0,0,0,0
13:44:31.161,0,0,0,0,0,0,0
13:44:31.667,0,0,0,0,0,0,0
13:44:32.162,0,0,0,0,0,0,0
13:44:32.666,0,0,0,0,0,0,0
13:44:33.162,0,0,0,0,0,0,0
13:44:33.663,0,0,0,0,0,0,0
13:44:34.163,0,0,0,0,0,0,0
13:44:34.669,0,0,0,0,0,0,0
13:44:35.162,0,0,0,0,0,0,0
13:44:35.660,0,0,0,0,0,0,0
13:44:36.162,0,0,0,0,0,0,0
13:44:36.671,0,0,0,0,0,0,0
13:44:37.163,0,0,0,0,0,0,0
13:44:37.667,0,0,0,0,0,0,0
13:44:38.161,0,0,0,0,0,0,0
13:44:38.670,0,0,0,0,0,0,0
13:44:39.167,0,0,0,0,0,0,0
13:44:39.660,0,0,0,0,0,0,0
13:44:40.162,0,0,0,0,0,0,0
13:44:40.670,0,0,0,0,0,0,0
13:44:41.162,0,0,0,0,0,0,0
13:44:41.660,0,0,0,0,0,0,0
13:44:42.162,0,0,0,0,0,0,0
13:44:42.667,0,0,0,0,0,0,0
13:44:43.166,0,0,0,0,0,0,0
13:44:43.661,0,0,0,0,0,0,0
13:44:44.162,0,0,0,0,0,0,0
13:44:44.669,0,0,0,0,0,0,0
13:44:45.162,0,0,0,0,0,0,0
13:44:45.666,0,0,0,0,0,0,0
13:44:46.162,0,0,0,0,0,0,0
13:44:46.672,0,0,0,0,0,0,0
13:44:47.163,0,0,0,0,0,0,0
13:44:47.666,0,0,0,0,0,0,0
13:44:48.162,0,0,0,0,0,0,0
13:44:48.668,0,0,0,0,0,0,0
13:44:49.166,0,0,0,0,0,0,0
13:44:49.663,0,0,0,0,0,0,0
13:44:50.163,0,0,0,0,0,0,0
13:44:50.669,0,0,0,0,0,0,0
13:44:51.166,0,0,0,0,0,0,0
13:44:51.667,0,0,0,0,0,0,0
13:44:52.178,0,0,0,0,0,0,0
13:44:52.687,0,0,0,0,0,0,0
13:44:53.180,0,0,0,0,0,0,0
13:44:53.683,0,0,0,0,0,0,0
13:44:54.179,0,0,0,0,0,0,0
13:44:54.687,0,0,0,0,0,0,0
13:44:55.184,0,0,0,0,0,0,0
13:44:55.683,0,0,0,0,0,0,0
13:44:56.178,0,0,0,0,0,0,0
13:44:56.684,0,0,0,0,0,0,0
13:44:57.181,0,0,0,0,0,0,0
13:44:57.677,0,0,0,0,0,0,0
13:44:58.178,0,0,0,0,0,0,0
13:44:58.684,0,0,0,0,0,0,0
13:44:59.186,0,0,0,0,0,0,0
13:44:59.682,0,0,0,0,0,0,0
13:45:00.178,0,0,0,0,0,0,0
13:45:00.684,0,0,0,0,0,0,0
13:45:01.190,0,0,0,0,0,0,0
13:45:01.677,0,0,0,0,0,0,0
13:45:02.179,0,0,0,0,0,0,0
13:45:02.685,0,0,0,0,0,0,0
13:45:03.178,0,0,0,0,0,0,0
13:45:03.677,0,0,0,0,0,0,0
13:45:04.179,0,0,0,0,0,0,0
13:45:04.686,0,0,0,0,0,0,0
13:45:05.181,0,0,0,0,0,0,0
13:45:05.680,0,0,0,0,0,0,0
13:45:06.179,0,0,0,0,0,0,0
13:45:06.686,0,0,0,0,0,0,0
13:45:07.183,0,0,0,0,0,0,0
13:45:07.682,0,0,0,0,0,0,0
13:45:08.178,0,0,0,0,0,0,0
13:45:08.687,0,0,0,0,0,0,0
13:45:09.183,0,0,0,0,0,0,0
13:45:09.679,0,0,0,0,0,0,0
13:45:10.179,0,0,0,0,0,0,0
13:45:10.686,0,0,0,0,0,0,0
13:45:11.182,0,0,0,0,0,0,0
13:45:11.682,0,0,0,0,0,0,0
13:45:12.179,0,0,0,0,0,0,0
13:45:12.684,0,0,0,0,0,0,0
13:45:13.180,0,0,0,0,0,0,0
13:45:13.677,0,0,0,0,0,0,0
13:45:14.194,0,0,0,0,0,0,0
13:45:14.701,0,0,0,0,0,0,0
13:45:15.196,0,0,0,0,0,0,0
13:45:15.693,0,0,0,0,0,0,0
13:45:16.195,0,0,0,0,0,0,0
13:45:16.701,0,0,0,0,0,0,0
13:45:17.214,0,0,0,0,0,0,0
13:45:17.709,0,0,0,0,0,0,0
13:45:18.210,0,0,0,0,0,0,0
13:45:18.718,0,0,0,0,0,0,0
13:45:19.214,0,0,0,0,0,0,0
13:45:19.714,0,0,0,0,0,0,0
13:45:20.211,0,0,0,0,0,0,0
13:45:20.719,0,0,0,0,0,0,0
13:45:21.213,0,0,0,0,0,0,0
13:45:21.708,0,0,0,0,0,0,0
13:45:22.210,0,0,0,0,0,0,0
13:45:22.718,0,0,0,0,0,0,0
13:45:23.213,0,0,0,0,0,0,0
13:45:23.709,0,0,0,0,0,0,0
13:45:24.211,0,0,0,0,0,0,0
13:45:24.717,0,0,0,0,0,0,0
13:45:25.214,0,0,0,0,0,0,0
13:45:25.711,0,0,0,0,0,0,0
13:45:26.209,0,0,0,0,0,0,0
13:45:26.718,0,0,0,0,0,0,0
13:45:27.216,0,0,0,0,0,0,0
13:45:27.709,0,0,0,0,0,0,0
13:45:28.211,0,0,0,0,0,0,0
13:45:28.718,0,0,0,0,0,0,0
13:45:29.213,0,0,0,0,0,0,0
13:45:29.713,0,0,0,0,0,0,0
13:45:30.210,0,0,0,0,0,0,0
13:45:30.717,0,0,0,0,0,0,0
13:45:31.212,0,0,0,0,0,0,0
13:45:31.708,0,0,0,0,0,0,0
13:45:32.210,0,0,0,0,0,0,0
13:45:32.716,0,0,0,0,0,0,0
13:45:33.214,0,0,0,0,0,0,0
13:45:33.713,0,0,0,0,0,0,0
13:45:34.213,0,0,0,0,0,0,0
13:45:34.716,0,0,0,0,0,0,0
13:45:35.216,0,0,0,0,0,0,0
13:45:35.712,0,0,0,0,0,0,0
13:45:36.209,0,0,0,0,0,0,0
13:45:36.716,0,0,0,0,0,0,0
13:45:37.213,0,0,0,0,0,0,0
13:45:37.710,0,0,0,0,0,0,0
13:45:38.211,0,0,0,0,0,0,0
13:45:38.716,0,0,0,0,0,0,0
13:45:39.215,0,0,0,0,0,0,0
13:45:39.711,0,0,0,0,0,0,0
13:45:40.210,0,0,0,0,0,0,0
13:45:40.717,0,0,0,0,0,0,0
13:45:41.216,0,0,0,0,0,0,0
13:45:41.709,0,0,0,0,0,0,0
13:45:42.210,0,0,0,0,0,0,0
13:45:42.716,0,0,0,0,0,0,0
13:45:43.213,0,0,0,0,0,0,0
13:45:43.711,0,0,0,0,0,0,0
13:45:44.211,0,0,0,0,0,0,0
13:45:44.715,0,0,0,0,0,0,0
13:45:45.215,0,0,0,0,0,0,0
13:45:45.711,0,0,0,0,0,0,0
13:45:46.209,0,0,0,0,0,0,0
13:45:46.716,0,0,0,0,0,0,0
13:45:47.214,0,0,0,0,0,0,0
13:45:47.711,0,0,0,0,0,0,0
13:45:48.211,0,0,0,0,0,0,0
13:45:48.717,0,0,0,0,0,0,0
13:45:49.214,0,0,0,0,0,0,0
13:45:49.709,0,0,0,0,0,0,0
13:45:50.211,0,0,0,0,0,0,0
13:45:50.715,0,0,0,0,0,0,0
13:45:51.213,0,0,0,0,0,0,0
13:45:51.710,0,0,0,0,0,0,0
13:45:52.210,0,0,0,0,0,0,0
13:45:52.715,0,0,0,0,0,0,0
13:45:53.214,0,0,0,0,0,0,0
13:45:53.710,0,0,0,0,0,0,0
13:45:54.210,0,0,0,0,0,0,0
13:45:54.714,0,0,0,0,0,0,0
13:45:55.214,0,0,0,0,0,0,0
13:45:55.710,0,0,0,0,0,0,0
13:45:56.208,0,0,0,0,0,0,0
13:45:56.715,0,0,0,0,0,0,0
13:45:57.213,0,0,0,0,0,0,0
13:45:57.711,0,0,0,0,0,0,0
13:45:58.210,0,0,0,0,0,0,0
13:45:58.717,0,0,0,0,0,0,0
13:45:59.213,0,0,0,0,0,0,0
13:45:59.710,0,0,0,0,0,0,0
13:46:00.209,0,0,0,0,0,0,0
13:46:00.713,0,0,0,0,0,0,0
13:46:01.212,0,0,0,0,0,0,0
13:46:01.707,0,0,0,0,0,0,0
13:46:02.208,0,0,0,0,0,0,0
13:46:02.716,0,0,0,0,0,0,0
13:46:03.211,0,0,0,0,0,0,0
13:46:03.728,0,0,0,0,0,0,0
13:46:04.223,0,0,0,0,0,0,0
13:46:04.731,0,0,0,0,0,0,0
13:46:05.229,0,0,0,0,0,0,0
13:46:05.727,0,0,0,0,0,0,0
13:46:06.226,0,0,0,0,0,0,0
13:46:06.731,0,0,0,0,0,0,0
13:46:07.228,0,0,0,0,0,0,0
13:46:07.728,0,0,0,0,0,0,0
13:46:08.227,0,0,0,0,0,0,0
13:46:08.730,0,0,0,0,0,0,0
13:46:09.229,0,0,0,0,0,0,0
13:46:09.727,0,0,0,0,0,0,0
13:46:10.225,0,0,0,0,0,0,0
13:46:10.730,0,0,0,0,0,0,0
13:46:11.228,0,0,0,0,0,0,0
13:46:11.727,0,0,0,0,0,0,0
13:46:12.224,0,0,0,0,0,0,0
13:46:12.731,0,0,0,0,0,0,0
13:46:13.228,0,0,0,0,0,0,0
13:46:13.728,0,0,0,0,0,0,0
13:46:14.227,0,0,0,0,0,0,0
13:46:14.731,0,0,0,0,0,0,0
13:46:15.228,0,0,0,0,0,0,0
13:46:15.724,0,0,0,0,0,0,0
13:46:16.227,0,0,0,0,0,0,0
13:46:16.731,0,0,0,0,0,0,0
13:46:17.229,0,0,0,0,0,0,0
13:46:17.726,0,0,0,0,0,0,0
13:46:18.226,0,0,0,0,0,0,0
13:46:18.730,0,0,0,0,0,0,0
13:46:19.230,0,0,0,0,0,0,0
13:46:19.725,0,0,0,0,0,0,0
13:46:20.226,0,0,0,0,0,0,0
13:46:20.730,0,0,0,0,0,0,0
13:46:21.228,0,0,0,0,0,0,0
13:46:21.727,0,0,0,0,0,0,0
13:46:22.225,0,0,0,0,0,0,0
13:46:22.735,0,0,0,0,0,0,0
13:46:23.227,0,0,0,0,0,0,0
13:46:23.727,0,0,0,0,0,0,0
13:46:24.226,0,0,0,0,0,0,0
13:46:24.729,0,0,0,0,0,0,0
13:46:25.227,0,0,0,0,0,0,0
13:46:25.730,0,0,0,0,0,0,0
13:46:26.226,0,0,0,0,0,0,0
13:46:26.732,0,0,0,0,0,0,0
13:46:27.227,0,0,0,0,0,0,0
13:46:27.727,0,0,0,0,0,0,0
13:46:28.239,0,0,0,0,0,0,0
13:46:28.749,0,0,0,0,0,0,0
13:46:29.244,0,0,0,0,0,0,0
13:46:29.740,0,0,0,0,0,0,0
13:46:30.243,0,0,0,0,0,0,0
13:46:30.746,0,0,0,0,0,0,0
13:46:31.244,0,0,0,0,0,0,0
13:46:31.741,0,0,0,0,0,0,0
13:46:32.238,0,0,0,0,0,0,0
13:46:32.747,0,0,0,0,0,0,0
13:46:33.244,0,0,0,0,0,0,0
13:46:33.742,0,0,0,0,0,0,0
13:46:34.241,0,0,0,0,0,0,0
13:46:34.746,0,0,0,0,0,0,0
13:46:35.243,0,0,0,0,0,0,0
13:46:35.742,0,0,0,0,0,0,0
13:46:36.239,0,0,0,0,0,0,0
13:46:36.746,0,0,0,0,0,0,0
13:46:37.243,0,0,0,0,0,0,0
13:46:37.740,0,0,0,0,0,0,0
13:46:38.240,0,0,0,0,0,0,0
13:46:38.747,0,0,0,0,0,0,0
13:46:39.243,0,0,0,0,0,0,0
13:46:39.741,0,0,0,0,0,0,0
13:46:40.239,0,0,0,0,0,0,0
13:46:40.749,0,0,0,0,0,0,0
13:46:41.242,0,0,0,0,0,0,0
13:46:41.741,0,0,0,0,0,0,0
13:46:42.243,0,0,0,0,0,0,0
13:46:42.749,0,0,0,0,0,0,0
13:46:43.243,0,0,0,0,0,0,0
13:46:43.740,0,0,0,0,0,0,0
13:46:44.240,0,0,0,0,0,0,0
13:46:44.751,0,0,0,0,0,0,0
13:46:45.244,0,0,0,0,0,0,0
13:46:45.741,0,0,0,0,0,0,0
13:46:46.240,0,0,0,0,0,0,0
13:46:46.750,0,0,0,0,0,0,0
13:46:47.242,0,0,0,0,0,0,0
13:46:47.740,0,0,0,0,0,0,0
13:46:48.242,0,0,0,0,0,0,0
13:46:48.738,0,0,0,0,0,0,0
13:46:49.243,0,0,0,0,0,0,0
13:46:49.740,0,0,0,0,0,0,0
13:46:50.239,0,0,0,0,0,0,0
13:46:50.738,0,0,0,0,0,0,0
13:46:51.242,0,0,0,0,0,0,0
13:46:51.739,0,0,0,0,0,0,0
13:46:52.242,0,0,0,0,0,0,0
13:46:52.746,0,0,0,0,0,0,0
13:46:53.243,0,0,0,0,0,0,0
13:46:53.740,0,0,0,0,0,0,0
13:46:54.242,0,0,0,0,0,0,0
13:46:54.738,0,0,0,0,0,0,0
13:46:55.260,0,0,0,0,0,0,0
13:46:55.757,0,0,0,0,0,0,0
13:46:56.272,0,0,0,0,0,0,0
13:46:56.755,0,0,0,0,0,0,0
13:46:57.259,0,0,0,0,0,0,0
13:46:57.757,0,0,0,0,0,0,0
13:46:58.257,0,0,0,0,0,0,0
13:46:58.766,0,0,0,0,0,0,0
13:46:59.258,0,0,0,0,0,0,0
13:46:59.755,0,0,0,0,0,0,0
13:47:00.254,0,0,0,0,0,0,0
13:47:00.767,0,0,0,0,0,0,0
13:47:01.264,0,0,0,0,0,0,0
13:47:01.757,0,0,0,0,0,0,0
13:47:02.256,0,0,0,0,0,0,0
13:47:02.767,0,0,0,0,0,0,0
13:47:03.257,0,0,0,0,0,0,0
13:47:03.757,0,0,0,0,0,0,0
13:47:04.257,0,0,0,0,0,0,0
13:47:04.764,0,0,0,0,0,0,0
13:47:05.257,0,0,0,0,0,0,0
13:47:05.755,0,0,0,0,0,0,0
13:47:06.258,0,0,0,0,0,0,0
13:47:06.765,0,0,0,0,0,0,0
13:47:07.258,0,0,0,0,0,0,0
13:47:07.755,0,0,0,0,0,0,0
13:47:08.259,0,0,0,0,0,0,0
13:47:08.766,0,0,0,0,0,0,0
13:47:09.259,0,0,0,0,0,0,0
13:47:09.756,0,0,0,0,0,0,0
13:47:10.258,0,0,0,0,0,0,0
13:47:10.765,0,0,0,0,0,0,0
13:47:11.259,0,0,0,0,0,0,0
13:47:11.755,0,0,0,0,0,0,0
13:47:12.254,0,0,0,0,0,0,0
13:47:12.764,0,0,0,0,0,0,0
13:47:13.260,0,0,0,0,0,0,0
13:47:13.756,0,0,0,0,0,0,0
13:47:14.259,0,0,0,0,0,0,0
13:47:14.768,0,0,0,0,0,0,0
13:47:15.258,0,0,0,0,0,0,0
13:47:15.756,0,0,0,0,0,0,0
13:47:16.259,0,0,0,0,0,0,0
13:47:16.765,0,0,0,0,0,0,0
13:47:17.262,0,0,0,0,0,0,0
13:47:17.755,0,0,0,0,0,0,0
13:47:18.257,0,0,0,0,0,0,0
13:47:18.765,0,0,0,0,0,0,0
13:47:19.258,0,0,0,0,0,0,0
13:47:19.757,0,0,0,0,0,0,0
13:47:20.257,0,0,0,0,0,0,0
13:47:20.765,0,0,0,0,0,0,0
13:47:21.258,0,0,0,0,0,0,0
13:47:21.756,0,0,0,0,0,0,0
13:47:22.259,0,0,0,0,0,0,0
13:47:22.764,0,0,0,0,0,0,0
13:47:23.259,0,0,0,0,0,0,0
13:47:23.756,0,0,0,0,0,0,0
13:47:24.255,0,0,0,0,0,0,0
13:47:24.767,0,0,0,0,0,0,0
13:47:25.263,0,0,0,0,0,0,0
13:47:25.763,0,0,0,0,0,0,0
13:47:26.259,0,0,0,0,0,0,0
13:47:26.754,0,0,0,0,0,0,0
13:47:27.262,0,0,0,0,0,0,0
13:47:27.755,0,0,0,0,0,0,0
13:47:28.275,0,0,0,0,0,0,0
13:47:28.771,0,0,0,0,0,0,0
13:47:29.278,0,0,0,0,0,0,0
13:47:29.771,0,0,0,0,0,0,0
13:47:30.271,0,0,0,0,0,0,0
13:47:30.780,0,0,0,0,0,0,0
13:47:31.279,0,0,0,0,0,0,0
13:47:31.771,0,0,0,0,0,0,0
13:47:32.271,0,0,0,0,0,0,0
13:47:32.772,0,0,0,0,0,0,0
13:47:33.279,0,0,0,0,0,0,0
13:47:33.771,0,0,0,0,0,0,0
13:47:34.275,0,0,0,0,0,0,0
13:47:34.770,0,0,0,0,0,0,0
13:47:35.279,0,0,0,0,0,0,0
13:47:35.771,0,0,0,0,0,0,0
13:47:36.273,0,0,0,0,0,0,0
13:47:36.781,0,0,0,0,0,0,0
13:47:37.278,0,0,0,0,0,0,0
13:47:37.771,0,0,0,0,0,0,0
13:47:38.275,0,0,0,0,0,0,0
13:47:38.771,0,0,0,0,0,0,0
13:47:39.277,0,0,0,0,0,0,0
13:47:39.778,0,0,0,0,0,0,0
13:47:40.275,0,0,0,0,0,0,0
13:47:40.770,0,0,0,0,0,0,0
13:47:41.279,0,0,0,0,0,0,0
13:47:41.772,0,0,0,0,0,0,0
13:47:42.275,0,0,0,0,0,0,0
13:47:42.770,0,0,0,0,0,0,0
13:47:43.279,0,0,0,0,0,0,0
13:47:43.772,0,0,0,0,0,0,0
13:47:44.275,0,0,0,0,0,0,0
13:47:44.771,0,0,0,0,0,0,0
13:47:45.279,0,0,0,0,0,0,0
13:47:45.774,0,0,0,0,0,0,0
13:47:46.276,0,0,0,0,0,0,0
13:47:46.771,0,0,0,0,0,0,0
13:47:47.281,0,0,0,0,0,0,0
13:47:47.774,0,0,0,0,0,0,0
13:47:48.304,0,0,0,0,0,0,0
13:47:48.805,0,0,0,0,0,0,0
13:47:49.304,0,0,0,0,0,0,0
13:47:49.805,0,0,0,0,0,0,0
13:47:50.302,0,0,0,0,0,0,0
13:47:50.804,0,0,0,0,0,0,0
13:47:51.306,0,0,0,0,0,0,0
13:49:07.712,0,0,0,0,0,0,0
13:49:08.208,0,0,0,0,0,0,0
13:49:08.715,0,0,0,0,0,0,0
13:49:09.212,0,0,0,0,0,0,0
13:49:09.714,0,0,0,0,0,0,0
13:49:10.208,0,0,0,0,0,0,0
13:49:10.717,0,0,0,0,0,0,0
13:49:11.228,0,0,0,0,0,0,0
13:49:11.726,0,0,0,0,0,0,0
13:49:47.920,0,0,0,0,0,0,0
13:49:48.415,0,0,0,0,0,0,0
13:49:48.914,0,0,0,0,0,0,0
13:49:49.414,0,0,0,0,0,0,0
13:49:49.920,0,0,0,0,0,0,0
13:49:50.416,0,0,0,0,0,0,0
13:49:50.914,0,0,0,0,0,0,0
13:49:51.413,0,0,0,0,0,0,0
13:49:51.919,0,0,0,0,0,0,0
13:49:52.416,0,0,0,0,0,0,0
13:49:52.917,0,0,0,0,0,0,0
13:49:53.414,0,0,0,0,0,0,0
13:49:53.917,0,0,0,0,0,0,0
13:49:54.416,0,0,0,0,0,0,0
13:49:54.913,0,0,0,0,0,0,0
13:49:55.412,0,0,0,0,0,0,0
13:49:55.920,0,0,0,0,0,0,0
13:49:56.416,0,0,0,0,0,0,0
13:49:56.914,0,0,0,0,0,0,0
13:49:57.411,0,0,0,0,0,0,0
13:49:57.920,0,0,0,0,0,0,0
13:49:58.416,0,0,0,0,0,0,0
13:49:58.912,0,0,0,0,0,0,0
13:49:59.414,0,0,0,0,0,0,0
13:49:59.921,0,0,0,0,0,0,0
13:50:00.417,0,0,0,0,0,0,0
13:50:00.930,0,0,0,0,0,0,0
13:50:01.427,0,0,0,0,0,0,0
13:50:01.930,0,0,0,0,0,0,0
13:56:18.058,0,0,0,0,0,0,0
13:56:18.553,0,0,0,0,0,0,0
13:56:19.060,0,0,0,0,0,0,0
13:56:19.558,0,0,0,0,0,0,0
13:56:20.056,0,0,0,0,0,0,0
13:56:20.554,0,0,0,0,0,0,0
13:56:21.059,0,0,0,0,0,0,0
13:56:21.556,0,0,0,0,0,0,0
13:56:22.053,0,0,0,0,0,0,0
13:56:22.553,0,0,0,0,0,0,0
13:56:23.059,0,0,0,0,0,0,0
13:56:23.556,0,0,0,0,0,0,0
13:56:24.055,0,0,0,0,0,0,0
13:56:24.555,0,0,0,0,0,0,0
13:56:25.059,0,0,0,0,0,0,0
13:56:25.557,0,0,0,0,0,0,0
13:56:26.054,0,0,0,0,0,0,0
13:56:26.554,0,0,0,0,0,0,0
13:56:27.060,0,0,0,0,0,0,0
13:56:27.556,0,0,0,0,0,0,0
13:56:28.053,0,0,0,0,0,0,0
13:56:28.554,0,0,0,0,0,0,0
13:56:29.059,0,0,0,0,0,0,0
13:56:29.574,0,0,0,0,0,0,0
13:56:30.071,0,0,0,0,0,0,0
13:56:30.570,0,0,0,0,0,0,0
13:56:31.076,0,0,0,0,0,0,0
13:56:31.573,0,0,0,0,0,0,0
13:56:32.070,0,0,0,0,0,0,0
13:56:32.571,0,0,0,0,0,0,0
13:56:33.077,0,0,0,0,0,0,0
13:56:33.572,0,0,0,0,0,0,0
13:56:34.071,0,0,0,0,0,0,0
13:56:34.571,0,0,0,0,0,0,0
13:56:35.076,0,0,0,0,0,0,0
13:56:35.574,0,0,0,0,0,0,0
13:56:36.073,0,0,0,0,0,0,0
13:56:36.571,0,0,0,0,0,0,0
13:56:37.075,0,0,0,0,0,0,0
13:56:37.574,0,0,0,0,0,0,0
13:56:38.073,0,0,0,0,0,0,0
13:56:38.570,0,0,0,0,0,0,0
13:56:39.076,0,0,0,0,0,0,0
13:56:39.572,0,0,0,0,0,0,0
13:56:40.069,0,0,0,0,0,0,0
13:56:40.569,0,0,0,0,0,0,0
13:56:41.075,0,0,0,0,0,0,0
13:56:41.572,0,0,0,0,0,0,0
13:56:42.069,0,0,0,0,0,0,0
13:56:42.569,0,0,0,0,0,0,0
13:56:43.075,0,0,0,0,0,0,0
13:56:43.572,0,0,0,0,0,0,0
13:56:44.068,0,0,0,0,0,0,0
13:56:44.571,0,0,0,0,0,0,0
13:56:45.076,0,0,0,0,0,0,0
13:56:45.572,0,0,0,0,0,0,0
13:56:46.069,0,0,0,0,0,0,0
13:56:46.571,0,0,0,0,0,0,0
13:56:47.076,0,0,0,0,0,0,0
13:56:47.573,0,0,0,0,0,0,0
13:56:48.069,0,0,0,0,0,0,0
13:56:48.571,0,0,0,0,0,0,0
13:56:49.075,0,0,0,0,0,0,0
13:56:49.572,0,0,0,0,0,0,0
13:56:50.085,0,0,0,0,0,0,0
13:56:50.587,0,0,0,0,0,0,0
13:56:51.091,0,0,0,0,0,0,0
13:56:51.588,0,0,0,0,0,0,0
13:56:52.085,0,0,0,0,0,0,0
13:56:52.585,0,0,0,0,0,0,0
13:56:53.091,0,0,0,0,0,0,0
13:56:53.588,0,0,0,0,0,0,0
13:56:54.089,0,0,0,0,0,0,0
13:56:54.585,0,0,0,0,0,0,0
13:56:55.091,0,0,0,0,0,0,0
13:56:55.588,0,0,0,0,0,0,0
13:56:56.085,0,0,0,0,0,0,0
13:56:56.585,0,0,0,0,0,0,0
13:56:57.094,0,0,0,0,0,0,0
13:56:57.592,0,0,0,0,0,0,0
13:56:58.084,0,0,0,0,0,0,0
13:56:58.585,0,0,0,0,0,0,0
13:56:59.091,0,0,0,0,0,0,0
13:56:59.588,0,0,0,0,0,0,0
13:57:00.086,0,0,0,0,0,0,0
13:57:00.585,0,0,0,0,0,0,0
13:57:01.090,0,0,0,0,0,0,0
13:57:01.589,0,0,0,0,0,0,0
13:57:02.086,0,0,0,0,0,0,0
13:57:02.585,0,0,0,0,0,0,0
13:57:03.089,0,0,0,0,0,0,0
13:57:03.589,0,0,0,0,0,0,0
13:57:04.088,0,0,0,0,0,0,0
13:57:04.585,0,0,0,0,0,0,0
13:57:05.092,0,0,0,0,0,0,0
13:57:05.588,0,0,0,0,0,0,0
13:57:06.086,0,0,0,0,0,0,0
13:57:06.584,0,0,0,0,0,0,0
13:57:07.091,0,0,0,0,0,0,0
13:57:07.588,0,0,0,0,0,0,0
13:57:08.085,0,0,0,0,0,0,0
13:57:08.586,0,0,0,0,0,0,0
13:57:09.090,0,0,0,0,0,0,0
13:57:09.588,0,0,0,0,0,0,0
13:57:10.085,0,0,0,0,0,0,0
13:57:10.599,0,0,0,0,0,0,0
13:57:11.089,0,0,0,0,0,0,0
13:57:11.603,0,0,0,0,0,0,0
13:57:12.084,0,0,0,0,0,0,0
13:57:12.585,0,0,0,0,0,0,0
13:57:13.091,0,0,0,0,0,0,0
13:57:13.604,0,0,0,0,0,0,0
13:57:14.100,0,0,0,0,0,0,0
13:57:14.601,0,0,0,0,0,0,0
13:57:15.106,0,0,0,0,0,0,0
13:57:15.619,0,0,0,0,0,0,0
13:57:16.117,0,0,0,0,0,0,0
13:57:16.617,0,0,0,0,0,0,0
13:57:17.123,0,0,0,0,0,0,0
13:57:17.620,0,0,0,0,0,0,0
13:57:18.116,0,0,0,0,0,0,0
13:57:18.619,0,0,0,0,0,0,0
13:57:19.123,0,0,0,0,0,0,0
13:57:19.620,0,0,0,0,0,0,0
13:57:20.119,0,0,0,0,0,0,0
13:57:20.615,0,0,0,0,0,0,0
13:57:21.122,0,0,0,0,0,0,0
13:57:21.619,0,0,0,0,0,0,0
13:57:22.133,0,0,0,0,0,0,0
13:57:22.633,0,0,0,0,0,0,0
13:57:23.138,0,0,0,0,0,0,0
13:57:23.652,0,0,0,0,0,0,0
13:57:24.164,0,0,0,0,0,0,0
13:57:24.667,0,0,0,0,0,0,0
13:57:25.161,0,0,0,0,0,0,0
13:57:25.684,0,0,0,0,0,0,0
13:57:26.182,0,0,0,0,0,0,0
13:57:26.683,0,0,0,0,0,0,0
13:57:27.179,0,0,0,0,0,0,0
13:57:27.683,0,0,0,0,0,0,0
13:57:28.198,0,0,0,0,0,0,0
13:57:28.697,0,0,0,0,0,0,0
13:57:29.195,0,0,0,0,0,0,0
13:57:29.700,0,0,0,0,0,0,0
13:57:30.197,0,0,0,0,0,0,0
13:57:30.694,0,0,0,0,0,0,0
13:57:31.193,0,0,0,0,0,0,0
13:57:31.700,0,0,0,0,0,0,0
13:57:32.196,0,0,0,0,0,0,0
13:57:32.695,0,0,0,0,0,0,0
13:57:33.195,0,0,0,0,0,0,0
13:57:33.699,0,0,0,0,0,0,0
13:57:34.198,0,0,0,0,0,0,0
13:57:34.695,0,0,0,0,0,0,0
13:57:35.195,0,0,0,0,0,0,0
13:57:35.701,0,0,0,0,0,0,0
13:57:36.200,0,0,0,0,0,0,0
13:57:36.696,0,0,0,0,0,0,0
13:57:37.195,0,0,0,0,0,0,0
13:57:37.700,0,0,0,0,0,0,0
13:57:38.197,0,0,0,0,0,0,0
13:57:38.695,0,0,0,0,0,0,0
13:57:39.194,0,0,0,0,0,0,0
13:57:39.699,0,0,0,0,0,0,0
13:57:40.197,0,0,0,0,0,0,0
13:57:40.694,0,0,0,0,0,0,0
13:57:41.193,0,0,0,0,0,0,0
13:57:41.700,0,0,0,0,0,0,0
13:57:42.196,0,0,0,0,0,0,0
13:57:42.695,0,0,0,0,0,0,0
13:57:43.193,0,0,0,0,0,0,0
13:57:43.700,0,0,0,0,0,0,0
13:57:44.197,0,0,0,0,0,0,0
13:57:44.699,0,0,0,0,0,0,0
13:57:45.194,0,0,0,0,0,0,0
13:57:45.699,0,0,0,0,0,0,0
13:57:46.197,0,0,0,0,0,0,0
13:57:46.697,0,0,0,0,0,0,0
13:57:47.193,0,0,0,0,0,0,0
13:57:47.699,0,0,0,0,0,0,0
13:57:48.198,0,0,0,0,0,0,0
13:57:48.694,0,0,0,0,0,0,0
13:57:49.194,0,0,0,0,0,0,0
13:57:49.699,0,0,0,0,0,0,0
13:57:50.196,0,0,0,0,0,0,0
13:57:50.697,0,0,0,0,0,0,0
13:57:51.194,0,0,0,0,0,0,0
13:57:51.700,0,0,0,0,0,0,0
13:57:52.198,0,0,0,0,0,0,0
13:57:52.697,0,0,0,0,0,0,0
13:57:53.194,0,0,0,0,0,0,0
13:57:53.716,0,0,0,0,0,0,0
13:57:54.213,0,0,0,0,0,0,0
13:57:54.710,0,0,0,0,0,0,0
13:57:55.211,0,0,0,0,0,0,0
13:57:55.715,0,0,0,0,0,0,0
13:57:56.212,0,0,0,0,0,0,0
13:57:56.709,0,0,0,0,0,0,0
13:57:57.210,0,0,0,0,0,0,0
13:57:57.714,0,0,0,0,0,0,0
13:57:58.213,0,0,0,0,0,0,0
13:57:58.713,0,0,0,0,0,0,0
13:57:59.210,0,0,0,0,0,0,0
13:57:59.715,0,0,0,0,0,0,0
13:58:00.213,0,0,0,0,0,0,0
13:58:00.712,0,0,0,0,0,0,0
13:58:01.209,0,0,0,0,0,0,0
13:58:01.714,0,0,0,0,0,0,0
13:58:02.211,0,0,0,0,0,0,0
13:58:02.714,0,0,0,0,0,0,0
13:58:03.209,0,0,0,0,0,0,0
13:58:03.715,0,0,0,0,0,0,0
13:58:04.212,0,0,0,0,0,0,0
13:58:04.714,0,0,0,0,0,0,0
13:58:05.210,0,0,0,0,0,0,0
13:58:05.714,0,0,0,0,0,0,0
13:58:06.212,0,0,0,0,0,0,0
13:58:06.710,0,0,0,0,0,0,0
13:58:07.210,0,0,0,0,0,0,0
13:58:07.716,0,0,0,0,0,0,0
13:58:08.212,0,0,0,0,0,0,0
13:58:08.709,0,0,0,0,0,0,0
13:58:09.210,0,0,0,0,0,0,0
13:58:09.715,0,0,0,0,0,0,0
13:58:10.212,0,0,0,0,0,0,0
13:58:10.708,0,0,0,0,0,0,0
13:58:11.210,0,0,0,0,0,0,0
13:58:11.730,0,0,0,0,0,0,0
13:58:12.227,0,0,0,0,0,0,0
13:58:12.730,0,0,0,0,0,0,0
13:58:13.227,0,0,0,0,0,0,0
13:58:13.731,0,0,0,0,0,0,0
13:58:14.228,0,0,0,0,0,0,0
13:58:14.726,0,0,0,0,0,0,0
13:58:15.225,0,0,0,0,0,0,0
13:58:15.729,0,0,0,0,0,0,0
13:58:16.228,0,0,0,0,0,0,0
13:58:16.730,0,0,0,0,0,0,0
13:58:17.226,0,0,0,0,0,0,0
13:58:17.732,0,0,0,0,0,0,0
13:58:18.228,0,0,0,0,0,0,0
13:58:18.726,0,0,0,0,0,0,0
13:58:19.225,0,0,0,0,0,0,0
13:58:19.731,0,0,0,0,0,0,0
13:58:20.227,0,0,0,0,0,0,0
13:58:20.724,0,0,0,0,0,0,0
13:58:21.226,0,0,0,0,0,0,0
13:58:21.731,0,0,0,0,0,0,0
13:58:22.228,0,0,0,0,0,0,0
13:58:22.726,0,0,0,0,0,0,0
13:58:23.225,0,0,0,0,0,0,0
13:58:23.732,0,0,0,0,0,0,0
13:58:24.228,0,0,0,0,0,0,0
13:58:24.726,0,0,0,0,0,0,0
13:58:25.225,0,0,0,0,0,0,0
13:58:25.732,0,0,0,0,0,0,0
13:58:26.227,0,0,0,0,0,0,0
13:58:26.726,0,0,0,0,0,0,0
13:58:27.227,0,0,0,0,0,0,0
13:58:27.731,0,0,0,0,0,0,0
13:58:28.227,0,0,0,0,0,0,0
13:58:28.731,0,0,0,0,0,0,0
13:58:29.226,0,0,0,0,0,0,0
13:58:29.731,0,0,0,0,0,0,0
13:58:30.229,0,0,0,0,0,0,0
13:58:30.727,0,0,0,0,0,0,0
13:58:31.226,0,0,0,0,0,0,0
13:58:31.730,0,0,0,0,0,0,0
13:58:32.227,0,0,0,0,0,0,0
13:58:32.726,0,0,0,0,0,0,0
13:58:33.225,0,0,0,0,0,0,0
13:58:33.732,0,0,0,0,0,0,0
13:58:34.227,0,0,0,0,0,0,0
13:58:34.726,0,0,0,0,0,0,0
13:58:35.226,0,0,0,0,0,0,0
13:58:35.737,0,0,0,0,0,0,0
13:58:36.228,0,0,0,0,0,0,0
13:58:36.725,0,0,0,0,0,0,0
13:58:37.225,0,0,0,0,0,0,0
13:58:37.733,0,0,0,0,0,0,0
13:58:38.227,0,0,0,0,0,0,0
13:58:38.727,0,0,0,0,0,0,0
13:58:39.225,0,0,0,0,0,0,0
13:58:39.732,0,0,0,0,0,0,0
13:58:40.227,0,0,0,0,0,0,0
13:58:40.731,0,0,0,0,0,0,0
13:58:41.225,0,0,0,0,0,0,0
13:58:41.735,0,0,0,0,0,0,0
13:58:42.229,0,0,0,0,0,0,0
13:58:42.726,0,0,0,0,0,0,0
13:58:43.226,0,0,0,0,0,0,0
13:58:43.734,0,0,0,0,0,0,0
13:58:44.227,0,0,0,0,0,0,0
13:58:44.731,0,0,0,0,0,0,0
13:58:45.225,0,0,0,0,0,0,0
13:58:45.732,0,0,0,0,0,0,0
13:58:46.225,0,0,0,0,0,0,0
13:58:46.725,0,0,0,0,0,0,0
13:58:47.226,0,0,0,0,0,0,0
13:58:47.735,0,0,0,0,0,0,0
13:58:48.226,0,0,0,0,0,0,0
13:58:48.725,0,0,0,0,0,0,0
13:58:49.227,0,0,0,0,0,0,0
13:58:49.735,0,0,0,0,0,0,0
13:58:50.227,0,0,0,0,0,0,0
13:58:50.726,0,0,0,0,0,0,0
13:58:51.225,0,0,0,0,0,0,0
13:58:51.735,0,0,0,0,0,0,0
13:58:52.228,0,0,0,0,0,0,0
13:58:52.726,0,0,0,0,0,0,0
13:58:53.226,0,0,0,0,0,0,0
13:58:53.733,0,0,0,0,0,0,0
13:58:54.226,0,0,0,0,0,0,0
13:58:54.731,0,0,0,0,0,0,0
13:58:55.227,0,0,0,0,0,0,0
13:58:55.734,0,0,0,0,0,0,0
13:58:56.228,0,0,0,0,0,0,0
13:58:56.724,0,0,0,0,0,0,0
13:58:57.225,0,0,0,0,0,0,0
13:58:57.736,0,0,0,0,0,0,0
13:58:58.229,0,0,0,0,0,0,0
13:58:58.731,0,0,0,0,0,0,0
13:58:59.227,0,0,0,0,0,0,0
13:58:59.736,0,0,0,0,0,0,0
13:59:00.228,0,0,0,0,0,0,0
13:59:00.724,0,0,0,0,0,0,0
13:59:01.224,0,0,0,0,0,0,0
13:59:01.733,0,0,0,0,0,0,0
13:59:02.227,0,0,0,0,0,0,0
13:59:02.731,0,0,0,0,0,0,0
13:59:03.242,0,0,0,0,0,0,0
13:59:03.749,0,0,0,0,0,0,0
13:59:04.243,0,0,0,0,0,0,0
13:59:04.746,0,0,0,0,0,0,0
13:59:05.243,0,0,0,0,0,0,0
13:59:05.749,0,0,0,0,0,0,0
13:59:06.242,0,0,0,0,0,0,0
13:59:06.747,0,0,0,0,0,0,0
13:59:07.243,0,0,0,0,0,0,0
13:59:07.750,0,0,0,0,0,0,0
13:59:08.243,0,0,0,0,0,0,0
13:59:08.747,0,0,0,0,0,0,0
13:59:09.241,0,0,0,0,0,0,0
13:59:09.752,0,0,0,0,0,0,0
13:59:10.245,0,0,0,0,0,0,0
13:59:10.741,0,0,0,0,0,0,0
13:59:11.240,0,0,0,0,0,0,0
13:59:11.750,0,0,0,0,0,0,0
13:59:12.246,0,0,0,0,0,0,0
13:59:12.741,0,0,0,0,0,0,0
13:59:13.243,0,0,0,0,0,0,0
13:59:13.747,0,0,0,0,0,0,0
13:59:14.246,0,0,0,0,0,0,0
13:59:14.741,0,0,0,0,0,0,0
13:59:15.243,0,0,0,0,0,0,0
13:59:15.749,0,0,0,0,0,0,0
13:59:16.245,0,0,0,0,0,0,0
13:59:16.747,0,0,0,0,0,0,0
13:59:17.242,0,0,0,0,0,0,0
13:59:17.749,0,0,0,0,0,0,0
13:59:18.243,0,0,0,0,0,0,0
13:59:18.747,0,0,0,0,0,0,0
13:59:19.243,0,0,0,0,0,0,0
13:59:19.751,0,0,0,0,0,0,0
13:59:20.245,0,0,0,0,0,0,0
13:59:20.742,0,0,0,0,0,0,0
13:59:21.241,0,0,0,0,0,0,0
13:59:21.750,0,0,0,0,0,0,0
13:59:22.246,0,0,0,0,0,0,0
13:59:22.747,0,0,0,0,0,0,0
13:59:23.243,0,0,0,0,0,0,0
13:59:23.749,0,0,0,0,0,0,0
13:59:24.246,0,0,0,0,0,0,0
13:59:24.745,0,0,0,0,0,0,0
13:59:25.243,0,0,0,0,0,0,0
13:59:25.749,0,0,0,0,0,0,0
13:59:26.248,0,0,0,0,0,0,0
13:59:26.741,0,0,0,0,0,0,0
13:59:27.242,0,0,0,0,0,0,0
13:59:27.751,0,0,0,0,0,0,0
13:59:28.247,0,0,0,0,0,0,0
13:59:28.747,0,0,0,0,0,0,0
13:59:29.243,0,0,0,0,0,0,0
13:59:29.748,0,0,0,0,0,0,0
13:59:30.245,0,0,0,0,0,0,0
13:59:30.741,0,0,0,0,0,0,0
13:59:31.243,0,0,0,0,0,0,0
13:59:31.749,0,0,0,0,0,0,0
13:59:32.245,0,0,0,0,0,0,0
13:59:32.746,0,0,0,0,0,0,0
13:59:33.243,0,0,0,0,0,0,0
13:59:33.750,0,0,0,0,0,0,0
13:59:34.247,0,0,0,0,0,0,0
13:59:34.763,0,0,0,0,0,0,0
13:59:35.259,0,0,0,0,0,0,0
13:59:35.764,0,0,0,0,0,0,0
13:59:36.260,0,0,0,0,0,0,0
13:59:36.760,0,0,0,0,0,0,0
13:59:37.258,0,0,0,0,0,0,0
13:59:37.766,0,0,0,0,0,0,0
13:59:38.262,0,0,0,0,0,0,0
13:59:38.763,0,0,0,0,0,0,0
13:59:39.259,0,0,0,0,0,0,0
13:59:39.765,0,0,0,0,0,0,0
13:59:40.264,0,0,0,0,0,0,0
13:59:40.758,0,0,0,0,0,0,0
13:59:41.258,0,0,0,0,0,0,0
13:59:41.765,0,0,0,0,0,0,0
13:59:42.264,0,0,0,0,0,0,0
13:59:42.772,0,0,0,0,0,0,0
13:59:43.275,0,0,0,0,0,0,0
13:59:43.781,0,0,0,0,0,0,0
13:59:44.302,0,0,0,0,0,0,0
13:59:44.789,0,0,0,0,0,0,0
13:59:45.291,0,0,0,0,0,0,0
13:59:45.797,0,0,0,0,0,0,0
13:59:46.294,0,0,0,0,0,0,0
13:59:46.795,0,0,0,0,0,0,0
13:59:47.291,0,0,0,0,0,0,0
13:59:47.797,0,0,0,0,0,0,0
13:59:48.311,0,0,0,0,0,0,0
13:59:48.806,0,0,0,0,0,0,0
13:59:49.324,0,0,0,0,0,0,0
13:59:49.829,0,0,0,0,0,0,0
13:59:50.327,0,0,0,0,0,0,0
13:59:50.819,0,0,0,0,0,0,0
13:59:51.334,0,0,0,0,0,0,0
13:59:51.829,0,0,0,0,0,0,0
13:59:52.325,0,0,0,0,0,0,0
13:59:52.821,0,0,0,0,0,0,0
13:59:53.323,0,0,0,0,0,0,0
13:59:53.829,0,0,0,0,0,0,0
13:59:54.326,0,0,0,0,0,0,0
13:59:54.827,0,0,0,0,0,0,0
13:59:55.323,0,0,0,0,0,0,0
13:59:55.829,0,0,0,0,0,0,0
13:59:56.327,0,0,0,0,0,0,0
13:59:56.821,0,0,0,0,0,0,0
13:59:57.323,0,0,0,0,0,0,0
13:59:57.820,0,0,0,0,0,0,0
13:59:58.329,0,0,0,0,0,0,0
13:59:58.822,0,0,0,0,0,0,0
13:59:59.323,0,0,0,0,0,0,0
13:59:59.829,0,0,0,0,0,0,0
14:00:00.330,0,0,0,0,0,0,0
14:00:00.824,0,0,0,0,0,0,0
14:00:01.321,0,0,0,0,0,0,0
14:00:01.820,0,0,0,0,0,0,0
14:00:02.325,0,0,0,0,0,0,0
14:00:02.827,0,0,0,0,0,0,0
14:00:03.322,0,0,0,0,0,0,0
14:00:03.818,0,0,0,0,0,0,0
14:00:04.325,0,0,0,0,0,0,0
14:00:04.820,0,0,0,0,0,0,0
14:00:05.323,0,0,0,0,0,0,0
14:00:05.828,0,0,0,0,0,0,0
14:00:06.325,0,0,0,0,0,0,0
14:00:06.821,0,0,0,0,0,0,0
14:00:07.324,0,0,0,0,0,0,0
14:00:07.831,0,0,0,0,0,0,0
14:00:08.325,0,0,0,0,0,0,0
14:00:08.821,0,0,0,0,0,0,0
14:00:09.322,0,0,0,0,0,0,0
14:00:09.828,0,0,0,0,0,0,0
14:00:10.326,0,0,0,0,0,0,0
14:00:10.824,0,0,0,0,0,0,0
14:00:11.322,0,0,0,0,0,0,0
14:00:11.827,0,0,0,0,0,0,0
14:00:12.326,0,0,0,0,0,0,0
14:00:12.823,0,0,0,0,0,0,0
14:00:13.323,0,0,0,0,0,0,0
14:00:13.819,0,0,0,0,0,0,0
14:00:14.327,0,0,0,0,0,0,0
14:00:14.823,0,0,0,0,0,0,0
14:00:15.320,0,0,0,0,0,0,0
14:00:15.819,0,0,0,0,0,0,0
14:00:16.325,0,0,0,0,0,0,0
14:00:16.822,0,0,0,0,0,0,0
14:00:17.322,0,0,0,0,0,0,0
14:00:17.819,0,0,0,0,0,0,0
14:00:18.327,0,0,0,0,0,0,0
14:00:18.822,0,0,0,0,0,0,0
14:00:19.322,0,0,0,0,0,0,0
14:00:19.820,0,0,0,0,0,0,0
14:00:20.326,0,0,0,0,0,0,0
14:00:20.821,0,0,0,0,0,0,0
14:00:21.338,0,0,0,0,0,0,0
14:00:21.851,0,0,0,0,0,0,0
14:00:22.356,0,0,0,0,0,0,0
14:00:22.870,0,0,0,0,0,0,0
14:00:23.388,0,0,0,0,0,0,0
14:00:23.899,0,0,0,0,0,0,0
14:00:24.405,0,0,0,0,0,0,0
14:00:24.897,0,0,0,0,0,0,0
14:00:25.403,0,0,0,0,0,0,0
14:00:25.900,0,0,0,0,0,0,0
14:00:26.407,0,0,0,0,0,0,0
14:00:26.914,0,0,0,0,0,0,0
14:00:27.414,0,0,0,0,0,0,0
14:00:27.915,0,0,0,0,0,0,0
14:00:28.423,0,0,0,0,0,0,0
14:00:28.915,0,0,0,0,0,0,0
14:00:29.419,0,0,0,0,0,0,0
14:00:29.916,0,0,0,0,0,0,0
14:00:30.421,0,0,0,0,0,0,0
14:00:30.916,0,0,0,0,0,0,0
14:00:31.413,0,0,0,0,0,0,0
14:00:31.912,0,0,0,0,0,0,0
14:00:32.424,0,0,0,0,0,0,0
14:00:32.917,0,0,0,0,0,0,0
14:00:33.416,0,0,0,0,0,0,0
14:00:33.915,0,0,0,0,0,0,0
14:00:34.423,0,0,0,0,0,0,0
14:00:34.920,0,0,0,0,0,0,0
14:00:35.412,0,0,0,0,0,0,0
14:00:35.916,0,0,0,0,0,0,0
14:00:36.424,0,0,0,0,0,0,0
14:00:36.919,0,0,0,0,0,0,0
14:00:37.419,0,0,0,0,0,0,0
14:00:37.915,0,0,0,0,0,0,0
14:00:38.420,0,0,0,0,0,0,0
14:00:38.918,0,0,0,0,0,0,0
14:00:39.414,0,0,0,0,0,0,0
14:00:39.912,0,0,0,0,0,0,0
14:00:40.422,0,0,0,0,0,0,0
14:00:40.916,0,0,0,0,0,0,0
14:00:41.412,0,0,0,0,0,0,0
14:00:41.916,0,0,0,0,0,0,0
14:00:42.422,0,0,0,0,0,0,0
14:00:42.914,0,0,0,0,0,0,0
14:00:43.415,0,0,0,0,0,0,0
14:00:43.915,0,0,0,0,0,0,0
14:00:44.422,0,0,0,0,0,0,0
14:00:44.919,0,0,0,0,0,0,0
14:00:45.418,0,0,0,0,0,0,0
14:00:45.915,0,0,0,0,0,0,0
14:00:46.424,0,0,0,0,0,0,0
14:00:46.918,0,0,0,0,0,0,0
14:00:47.413,0,0,0,0,0,0,0
14:00:47.915,0,0,0,0,0,0,0
14:00:48.422,0,0,0,0,0,0,0
14:00:48.918,0,0,0,0,0,0,0
14:00:49.419,0,0,0,0,0,0,0
14:00:49.915,0,0,0,0,0,0,0
14:00:50.422,0,0,0,0,0,0,0
14:00:50.918,0,0,0,0,0,0,0
14:00:51.414,0,0,0,0,0,0,0
14:00:51.915,0,0,0,0,0,0,0
14:00:52.422,0,0,0,0,0,0,0
14:00:52.917,0,0,0,0,0,0,0
14:00:53.419,0,0,0,0,0,0,0
14:00:53.916,0,0,0,0,0,0,0
14:00:54.422,0,0,0,0,0,0,0
14:00:54.917,0,0,0,0,0,0,0
14:00:55.419,0,0,0,0,0,0,0
14:00:55.915,0,0,0,0,0,0,0
14:00:56.421,0,0,0,0,0,0,0
14:00:56.917,0,0,0,0,0,0,0
14:00:57.416,0,0,0,0,0,0,0
14:00:57.915,0,0,0,0,0,0,0
14:00:58.420,0,0,0,0,0,0,0
14:00:58.918,0,0,0,0,0,0,0
14:00:59.414,0,0,0,0,0,0,0
14:00:59.912,0,0,0,0,0,0,0
14:01:00.422,0,0,0,0,0,0,0
14:01:00.916,0,0,0,0,0,0,0
14:01:01.418,0,0,0,0,0,0,0
14:01:01.916,0,0,0,0,0,0,0
14:01:02.421,0,0,0,0,0,0,0
14:01:02.919,0,0,0,0,0,0,0
14:01:03.413,0,0,0,0,0,0,0
14:01:03.915,0,0,0,0,0,0,0
14:01:04.421,0,0,0,0,0,0,0
14:01:04.917,0,0,0,0,0,0,0
14:01:05.415,0,0,0,0,0,0,0
14:01:05.914,0,0,0,0,0,0,0
14:01:06.423,0,0,0,0,0,0,0
14:01:06.920,0,0,0,0,0,0,0
14:01:07.415,0,0,0,0,0,0,0
14:01:07.914,0,0,0,0,0,0,0
14:01:08.421,0,0,0,0,0,0,0
14:01:08.919,0,0,0,0,0,0,0
14:01:09.418,0,0,0,0,0,0,0
14:01:09.914,0,0,0,0,0,0,0
14:01:10.420,0,0,0,0,0,0,0
14:01:10.917,0,0,0,0,0,0,0
14:01:11.413,0,0,0,0,0,0,0
14:01:11.914,0,0,0,0,0,0,0
14:01:12.420,0,0,0,0,0,0,0
14:01:12.917,0,0,0,0,0,0,0
14:01:13.415,0,0,0,0,0,0,0
14:01:13.915,0,0,0,0,0,0,0
14:01:14.420,0,0,0,0,0,0,0
14:01:14.918,0,0,0,0,0,0,0
14:01:15.414,0,0,0,0,0,0,0
14:01:15.914,0,0,0,0,0,0,0
14:01:16.420,0,0,0,0,0,0,0
14:01:16.917,0,0,0,0,0,0,0
14:01:17.414,0,0,0,0,0,0,0
14:01:17.915,0,0,0,0,0,0,0
14:01:18.420,0,0,0,0,0,0,0
14:01:18.916,0,0,0,0,0,0,0
14:01:19.414,0,0,0,0,0,0,0
14:01:19.913,0,0,0,0,0,0,0
14:01:20.422,0,0,0,0,0,0,0
14:01:20.917,0,0,0,0,0,0,0
14:01:21.413,0,0,0,0,0,0,0
14:01:21.914,0,0,0,0,0,0,0
14:01:22.422,0,0,0,0,0,0,0
14:01:22.919,0,0,0,0,0,0,0
14:01:23.416,0,0,0,0,0,0,0
14:01:23.916,0,0,0,0,0,0,0
14:01:24.421,0,0,0,0,0,0,0
14:01:24.919,0,0,0,0,0,0,0
14:01:25.413,0,0,0,0,0,0,0
14:01:25.914,0,0,0,0,0,0,0
14:01:26.421,0,0,0,0,0,0,0
14:01:26.917,0,0,0,0,0,0,0
14:01:27.414,0,0,0,0,0,0,0
14:01:27.914,0,0,0,0,0,0,0
14:01:28.418,0,0,0,0,0,0,0
14:01:28.916,0,0,0,0,0,0,0
14:01:29.414,0,0,0,0,0,0,0
14:01:29.978,0,0,0,0,0,0,0
14:01:30.476,0,0,0,0,0,0,0
14:01:30.979,0,0,0,0,0,0,0
14:01:31.479,0,0,0,0,0,0,0
14:01:31.978,0,0,0,0,0,0,0
14:01:32.475,0,0,0,0,0,0,0
14:01:32.977,0,0,0,0,0,0,0
14:01:33.478,0,0,0,0,0,0,0
14:01:33.976,0,0,0,0,0,0,0
14:01:34.475,0,0,0,0,0,0,0
14:01:34.976,0,0,0,0,0,0,0
14:01:35.476,0,0,0,0,0,0,0
14:01:35.976,0,0,0,0,0,0,0
14:01:36.478,0,0,0,0,0,0,0
14:01:36.975,0,0,0,0,0,0,0
14:01:37.490,0,0,0,0,0,0,0
14:01:37.937,0,0,0,0,0,0,0
14:01:38.438,0,0,0,0,0,0,0
14:01:38.930,0,0,0,0,0,0,0
14:01:39.438,0,0,0,0,0,0,0
14:01:39.939,0,0,0,0,0,0,0
14:01:40.447,0,0,0,0,0,0,0
14:01:40.950,0,0,0,0,0,0,0
14:01:41.454,0,0,0,0,0,0,0
14:01:41.973,0,0,0,0,0,0,0
14:01:42.488,0,0,0,0,0,0,0
14:01:42.992,0,0,0,0,0,0,0
14:01:43.439,0,0,0,0,0,0,0
14:01:43.939,0,0,0,0,0,0,0
14:01:44.438,0,0,0,0,0,0,0
14:01:44.940,0,0,0,0,0,0,0
14:01:45.437,0,0,0,0,0,0,0
14:01:45.938,0,0,0,0,0,0,0
14:01:46.436,0,0,0,0,0,0,0
14:01:46.953,0,0,0,0,0,0,0
14:01:47.453,0,0,0,0,0,0,0
14:01:47.971,0,0,0,0,0,0,0
14:01:48.472,0,0,0,0,0,0,0
14:01:48.971,0,0,0,0,0,0,0
14:01:49.472,0,0,0,0,0,0,0
14:01:49.986,0,0,0,0,0,0,0
14:01:50.488,0,0,0,0,0,0,0
14:01:50.937,0,0,0,0,0,0,0
14:01:51.469,0,0,0,0,0,0,0
14:01:51.936,0,0,0,0,0,0,0
14:01:52.436,0,0,0,0,0,0,0
14:01:52.952,0,0,0,0,0,0,0
14:01:53.469,0,0,0,0,0,0,0
14:01:53.967,0,0,0,0,0,0,0
14:01:54.487,0,0,0,0,0,0,0
14:01:54.986,0,0,0,0,0,0,0
14:01:55.488,0,0,0,0,0,0,0
14:01:55.985,0,0,0,0,0,0,0
14:01:56.485,0,0,0,0,0,0,0
14:01:56.988,0,0,0,0,0,0,0
14:01:57.435,0,0,0,0,0,0,0
14:01:57.936,0,0,0,0,0,0,0
14:01:58.438,0,0,0,0,0,0,0
14:01:58.938,0,0,0,0,0,0,0
14:01:59.453,0,0,0,0,0,0,0
14:01:59.952,0,0,0,0,0,0,0
14:02:00.453,0,0,0,0,0,0,0
14:02:00.954,0,0,0,0,0,0,0
14:02:01.472,0,0,0,0,0,0,0
14:02:01.985,0,0,0,0,0,0,0
14:02:02.435,0,0,0,0,0,0,0
14:02:02.950,0,0,0,0,0,0,0
14:02:03.466,0,0,0,0,0,0,0
14:02:03.981,0,0,0,0,0,0,0
14:02:04.484,0,0,0,0,0,0,0
14:02:04.985,0,0,0,0,0,0,0
14:02:05.494,0,0,0,0,0,0,0
14:02:05.949,0,0,0,0,0,0,0
14:02:06.463,0,0,0,0,0,0,0
14:02:06.967,0,0,0,0,0,0,0
14:02:07.482,0,0,0,0,0,0,0
14:02:07.984,0,0,0,0,0,0,0
14:02:08.429,0,0,0,0,0,0,0
14:02:08.940,0,0,0,0,0,0,0
14:02:09.459,0,0,0,0,0,0,0
14:02:09.983,0,0,0,0,0,0,0
14:02:10.483,0,0,0,0,0,0,0
14:02:10.979,0,0,0,0,0,0,0
14:02:11.485,0,0,0,0,0,0,0
14:02:11.982,0,0,0,0,0,0,0
14:02:12.481,0,0,0,0,0,0,0
14:02:13.000,0,0,0,0,0,0,0
14:02:13.499,0,0,0,0,0,0,0
14:02:13.999,0,0,0,0,0,0,0
14:02:14.450,0,0,0,0,0,0,0
14:02:14.982,0,0,0,0,0,0,0
14:02:15.502,0,0,0,0,0,0,0
14:02:15.948,0,0,0,0,0,0,0
14:02:16.463,0,0,0,0,0,0,0
14:02:16.980,0,0,0,0,0,0,0
14:02:17.499,0,0,0,0,0,0,0
14:02:17.949,0,0,0,0,0,0,0
14:02:18.464,0,0,0,0,0,0,0
14:02:18.962,0,0,0,0,0,0,0
14:02:19.472,0,0,0,0,0,0,0
14:02:19.967,0,0,0,0,0,0,0
14:02:20.480,0,0,0,0,0,0,0
14:02:20.996,0,0,0,0,0,0,0
14:02:21.506,0,0,0,0,0,0,0
14:02:21.948,0,0,0,0,0,0,0
14:02:22.461,0,0,0,0,0,0,0
14:02:22.971,0,0,0,0,0,0,0
14:02:23.481,0,0,0,0,0,0,0
14:02:23.992,0,0,0,0,0,0,0
14:02:24.502,0,0,0,0,0,0,0
14:02:24.948,0,0,0,0,0,0,0
14:02:25.464,0,0,0,0,0,0,0
14:02:25.981,0,0,0,0,0,0,0
14:02:26.491,0,0,0,0,0,0,0
14:02:27.001,0,0,0,0,0,0,0
14:02:27.514,0,0,0,0,0,0,0
14:02:27.976,0,0,0,0,0,0,0
14:02:28.493,0,0,0,0,0,0,0
14:02:29.002,0,0,0,0,0,0,0
14:02:29.515,0,0,0,0,0,0,0
14:02:30.015,0,0,0,0,0,0,0
14:02:30.529,0,0,0,0,0,0,0
14:02:30.975,0,0,0,0,0,0,0
14:02:31.485,0,0,0,0,0,0,0
14:02:31.997,0,0,0,0,0,0,0
14:02:32.507,0,0,0,0,0,0,0
14:02:33.017,0,0,0,0,0,0,0
14:02:33.523,0,0,0,0,0,0,0
14:02:34.031,0,0,0,0,0,0,0
14:02:34.530,0,0,0,0,0,0,0
14:02:35.039,0,0,0,0,0,0,0
14:02:35.549,0,0,0,0,0,0,0
14:02:35.994,0,0,0,0,0,0,0
14:02:36.512,0,0,0,0,0,0,0
14:02:37.015,0,0,0,0,0,0,0
14:02:37.527,0,0,0,0,0,0,0
14:02:38.037,0,0,0,0,0,0,0
14:02:38.546,0,0,0,0,0,0,0
14:02:38.992,0,0,0,0,0,0,0
14:02:39.501,0,0,0,0,0,0,0
14:02:40.011,0,0,0,0,0,0,0
14:02:40.521,0,0,0,0,0,0,0
14:02:41.031,0,0,0,0,0,0,0
14:02:41.494,0,0,0,0,0,0,0
14:02:42.012,0,0,0,0,0,0,0
14:02:42.512,0,0,0,0,0,0,0
14:02:43.023,0,0,0,0,0,0,0
14:02:43.545,0,0,0,0,0,0,0
14:02:43.992,0,0,0,0,0,0,0
14:02:44.497,0,0,0,0,0,0,0
14:02:45.010,0,0,0,0,0,0,0
14:02:45.520,0,0,0,0,0,0,0
14:02:46.024,0,0,0,0,0,0,0
14:02:46.537,0,0,0,0,0,0,0
14:02:47.044,0,0,0,0,0,0,0
14:02:47.545,0,0,0,0,0,0,0
14:02:48.056,0,0,0,0,0,0,0
14:02:48.558,0,0,0,0,0,0,0
14:02:49.068,0,0,0,0,0,0,0
14:02:49.576,0,0,0,0,0,0,0
14:02:50.025,0,0,0,0,0,0,0
14:02:50.537,0,0,0,0,0,0,0
14:02:51.047,0,0,0,0,0,0,0
14:02:51.556,0,0,0,0,0,0,0
14:02:52.060,0,0,0,0,0,0,0
14:02:52.570,0,0,0,0,0,0,0
14:02:53.088,0,0,0,0,0,0,0
14:02:53.539,0,0,0,0,0,0,0
14:02:54.037,0,0,0,0,0,0,0
14:02:54.562,0,0,0,0,0,0,0
14:02:55.076,0,0,0,0,0,0,0
14:02:55.588,0,0,0,0,0,0,0
14:02:56.099,0,0,0,0,0,0,0
14:02:56.546,0,0,0,0,0,0,0
14:02:57.059,0,0,0,0,0,0,0
14:02:57.568,0,0,0,0,0,0,0
14:02:58.077,0,0,0,0,0,0,0
14:02:58.585,0,0,0,0,0,0,0
14:02:59.038,0,0,0,0,0,0,0
14:02:59.541,0,0,0,0,0,0,0
14:03:00.047,0,0,0,0,0,0,0
14:03:00.544,0,0,0,0,0,0,0
14:03:01.112,0,0,0,0,0,0,0
14:03:01.558,0,0,0,0,0,0,0
14:03:02.071,0,0,0,0,0,0,0
14:03:02.584,0,0,0,0,0,0,0
14:03:03.086,0,0,0,0,0,0,0
14:03:03.594,0,0,0,0,0,0,0
14:03:04.037,0,0,0,0,0,0,0
14:03:04.546,0,0,0,0,0,0,0
14:03:05.047,0,0,0,0,0,0,0
14:03:05.567,0,0,0,0,0,0,0
14:03:06.076,0,0,0,0,0,0,0
14:03:06.591,0,0,0,0,0,0,0
14:03:07.039,0,0,0,0,0,0,0
14:03:07.550,0,0,0,0,0,0,0
14:03:08.057,0,0,0,0,0,0,0
14:03:08.565,0,0,0,0,0,0,0
14:03:09.077,0,0,0,0,0,0,0
14:03:09.592,0,0,0,0,0,0,0
14:03:10.043,0,0,0,0,0,0,0
14:03:10.541,0,0,0,0,0,0,0
14:03:11.041,0,0,0,0,0,0,0
14:03:11.577,0,0,0,0,0,0,0
14:03:12.038,0,0,0,0,0,0,0
14:03:12.548,0,0,0,0,0,0,0
14:03:13.042,0,0,0,0,0,0,0
14:03:13.544,0,0,0,0,0,0,0
14:03:14.052,0,0,0,0,0,0,0
14:03:14.558,0,0,0,0,0,0,0
14:03:15.085,0,0,0,0,0,0,0
14:03:15.594,0,0,0,0,0,0,0
14:03:16.050,0,0,0,0,0,0,0
14:03:16.545,0,0,0,0,0,0,0
14:03:17.047,0,0,0,0,0,0,0
14:03:17.542,0,0,0,0,0,0,0
14:03:18.045,0,0,0,0,0,0,0
14:03:18.542,0,0,0,0,0,0,0
14:03:19.041,0,0,0,0,0,0,0
14:03:19.539,0,0,0,0,0,0,0
14:03:20.040,0,0,0,0,0,0,0
14:03:20.591,0,0,0,0,0,0,0
14:03:21.040,0,0,0,0,0,0,0
14:03:21.542,0,0,0,0,0,0,0
14:03:22.042,0,0,0,0,0,0,0
14:03:22.547,0,0,0,0,0,0,0
14:03:23.043,0,0,0,0,0,0,0
14:03:23.557,0,0,0,0,0,0,0
14:03:24.072,0,0,0,0,0,0,0
14:03:24.580,0,0,0,0,0,0,0
14:03:25.072,0,0,0,0,0,0,0
14:03:25.575,0,0,0,0,0,0,0
14:03:26.073,0,0,0,0,0,0,0
14:03:26.590,0,0,0,0,0,0,0
14:03:27.088,0,0,0,0,0,0,0
14:03:27.587,0,0,0,0,0,0,0
14:03:28.088,0,0,0,0,0,0,0
14:03:28.589,0,0,0,0,0,0,0
14:03:29.089,0,0,0,0,0,0,0
14:03:29.585,0,0,0,0,0,0,0
14:03:30.104,0,0,0,0,0,0,0
14:03:30.614,0,0,0,0,0,0,0
14:03:31.060,0,0,0,0,0,0,0
14:03:31.555,0,0,0,0,0,0,0
14:03:32.056,0,0,0,0,0,0,0
14:03:32.556,0,0,0,0,0,0,0
14:03:33.053,0,0,0,0,0,0,0
14:03:33.556,0,0,0,0,0,0,0
14:03:34.068,0,0,0,0,0,0,0
14:03:34.574,0,0,0,0,0,0,0
14:03:35.092,0,0,0,0,0,0,0
14:03:35.597,0,0,0,0,0,0,0
14:03:36.105,0,0,0,0,0,0,0
14:03:36.606,0,0,0,0,0,0,0
14:03:37.113,0,0,0,0,0,0,0
14:03:37.566,0,0,0,0,0,0,0
14:03:38.082,0,0,0,0,0,0,0
14:03:38.588,0,0,0,0,0,0,0
14:03:39.106,0,0,0,0,0,0,0
14:03:39.604,0,0,0,0,0,0,0
14:03:40.101,0,0,0,0,0,0,0
14:03:40.618,0,0,0,0,0,0,0
14:03:41.118,0,0,0,0,0,0,0
14:03:41.573,0,0,0,0,0,0,0
14:03:42.070,0,0,0,0,0,0,0
14:03:42.639,0,0,0,0,0,0,0
14:03:43.073,0,0,0,0,0,0,0
14:03:43.636,0,0,0,0,0,0,0
14:03:44.086,0,0,0,0,0,0,0
14:03:44.603,0,0,0,0,0,0,0
14:03:45.103,0,0,0,0,0,0,0
14:03:45.604,0,0,0,0,0,0,0
14:03:46.101,0,0,0,0,0,0,0
14:03:46.602,0,0,0,0,0,0,0
14:03:47.101,0,0,0,0,0,0,0
14:03:47.604,0,0,0,0,0,0,0
14:03:48.101,0,0,0,0,0,0,0
14:03:48.600,0,0,0,0,0,0,0
14:03:49.111,0,0,0,0,0,0,0
14:03:49.621,0,0,0,0,0,0,0
14:03:50.128,0,0,0,0,0,0,0
14:03:50.575,0,0,0,0,0,0,0
14:03:51.072,0,0,0,0,0,0,0
14:03:51.576,0,0,0,0,0,0,0
14:03:52.087,0,0,0,0,0,0,0
14:03:52.598,0,0,0,0,0,0,0
14:03:53.108,0,0,0,0,0,0,0
14:03:53.619,0,0,0,0,0,0,0
14:03:54.131,0,0,0,0,0,0,0
14:03:54.586,0,0,0,0,0,0,0
14:03:55.087,0,0,0,0,0,0,0
14:03:55.586,0,0,0,0,0,0,0
14:03:56.096,0,0,0,0,0,0,0
14:03:56.600,0,0,0,0,0,0,0
14:03:57.119,0,0,0,0,0,0,0
14:03:57.619,0,0,0,0,0,0,0
14:03:58.118,0,0,0,0,0,0,0
14:03:58.616,0,0,0,0,0,0,0
14:03:59.119,0,0,0,0,0,0,0
14:03:59.617,0,0,0,0,0,0,0
14:04:00.143,0,0,0,0,0,0,0
14:04:00.648,0,0,0,0,0,0,0
14:04:01.169,0,0,0,0,0,0,0
14:04:01.671,0,0,0,0,0,0,0
14:04:02.128,0,0,0,0,0,0,0
14:04:02.642,0,0,0,0,0,0,0
14:04:03.173,0,0,0,0,0,0,0
14:04:03.617,0,0,0,0,0,0,0
14:04:04.122,0,0,0,0,0,0,0
14:04:04.646,0,0,0,0,0,0,0
14:04:05.156,0,0,0,0,0,0,0
14:04:05.665,0,0,0,0,0,0,0
14:04:06.175,0,0,0,0,0,0,0
14:04:06.616,0,0,0,0,0,0,0
14:04:07.181,0,0,0,0,0,0,0
14:04:07.634,0,0,0,0,0,0,0
14:04:08.153,0,0,0,0,0,0,0
14:04:08.661,0,0,0,0,0,0,0
14:04:09.171,0,0,0,0,0,0,0
14:04:09.618,0,0,0,0,0,0,0
14:04:10.125,0,0,0,0,0,0,0
14:04:10.634,0,0,0,0,0,0,0
14:04:11.143,0,0,0,0,0,0,0
14:04:11.653,0,0,0,0,0,0,0
14:04:12.162,0,0,0,0,0,0,0
14:04:12.672,0,0,0,0,0,0,0
14:04:13.119,0,0,0,0,0,0,0
14:04:13.629,0,0,0,0,0,0,0
14:04:14.125,0,0,0,0,0,0,0
14:04:14.618,0,0,0,0,0,0,0
14:04:15.118,0,0,0,0,0,0,0
14:04:15.619,0,0,0,0,0,0,0
14:04:16.135,0,0,0,0,0,0,0
14:04:16.633,0,0,0,0,0,0,0
14:04:17.132,0,0,0,0,0,0,0
14:04:17.646,0,0,0,0,0,0,0
14:04:18.162,0,0,0,0,0,0,0
14:04:18.677,0,0,0,0,0,0,0
14:04:19.167,0,0,0,0,0,0,0
14:04:19.666,0,0,0,0,0,0,0
14:04:20.135,0,0,0,0,0,0,0
14:04:20.666,0,0,0,0,0,0,0
14:04:21.184,0,0,0,0,0,0,0
14:04:21.684,0,0,0,0,0,0,0
14:04:22.182,0,0,0,0,0,0,0
14:04:22.679,0,0,0,0,0,0,0
14:04:23.185,0,0,0,0,0,0,0
14:04:23.650,0,0,0,0,0,0,0
14:04:24.150,0,0,0,0,0,0,0
14:04:24.667,0,0,0,0,0,0,0
14:04:25.180,0,0,0,0,0,0,0
14:04:25.634,0,0,0,0,0,0,0
14:04:26.134,0,0,0,0,0,0,0
14:04:26.634,0,0,0,0,0,0,0
14:04:27.135,0,0,0,0,0,0,0
14:04:27.648,0,0,0,0,0,0,0
14:04:28.166,0,0,0,0,0,0,0
14:04:28.665,0,0,0,0,0,0,0
14:04:29.166,0,0,0,0,0,0,0
14:04:29.666,0,0,0,0,0,0,0
14:04:30.166,0,0,0,0,0,0,0
14:04:30.681,0,0,0,0,0,0,0
14:04:31.200,0,0,0,0,0,0,0
14:04:31.696,0,0,0,0,0,0,0
14:04:32.148,0,0,0,0,0,0,0
14:04:32.648,0,0,0,0,0,0,0
14:04:33.163,0,0,0,0,0,0,0
14:04:33.680,0,0,0,0,0,0,0
14:04:34.182,0,0,0,0,0,0,0
14:04:34.709,0,0,0,0,0,0,0
14:04:35.166,0,0,0,0,0,0,0
14:04:35.664,0,0,0,0,0,0,0
14:04:36.231,0,0,0,0,0,0,0
14:04:36.682,0,0,0,0,0,0,0
14:04:37.182,0,0,0,0,0,0,0
14:04:37.698,0,0,0,0,0,0,0
14:04:38.198,0,0,0,0,0,0,0
14:04:38.699,0,0,0,0,0,0,0
14:04:39.209,0,0,0,0,0,0,0
14:04:39.723,0,0,0,0,0,0,0
14:04:40.214,0,0,0,0,0,0,0
14:04:40.714,0,0,0,0,0,0,0
14:04:41.213,0,0,0,0,0,0,0
14:04:41.724,0,0,0,0,0,0,0
14:04:42.187,0,0,0,0,0,0,0
14:04:42.688,0,0,0,0,0,0,0
14:04:43.181,0,0,0,0,0,0,0
14:04:43.685,0,0,0,0,0,0,0
14:04:44.184,0,0,0,0,0,0,0
14:04:44.688,0,0,0,0,0,0,0
14:04:45.181,0,0,0,0,0,0,0
14:04:45.680,0,0,0,0,0,0,0
14:04:46.206,0,0,0,0,0,0,0
14:04:46.710,0,0,0,0,0,0,0
14:04:47.211,0,0,0,0,0,0,0
14:04:47.728,0,0,0,0,0,0,0
14:04:48.228,0,0,0,0,0,0,0
14:04:48.761,0,0,0,0,0,0,0
14:04:49.263,0,0,0,0,0,0,0
14:04:49.763,0,0,0,0,0,0,0
14:04:50.262,0,0,0,0,0,0,0
14:04:50.762,0,0,0,0,0,0,0
14:04:51.262,0,0,0,0,0,0,0
14:04:51.761,0,0,0,0,0,0,0
14:04:52.211,0,0,0,0,0,0,0
14:04:52.746,0,0,0,0,0,0,0
14:04:53.247,0,0,0,0,0,0,0
14:04:53.747,0,0,0,0,0,0,0
14:04:54.248,0,0,0,0,0,0,0
14:04:54.780,0,0,0,0,0,0,0
14:04:55.280,0,0,0,0,0,0,0
14:04:55.743,0,0,0,0,0,0,0
14:04:56.246,0,0,0,0,0,0,0
14:04:56.761,0,0,0,0,0,0,0
14:04:57.230,0,0,0,0,0,0,0
14:04:57.729,0,0,0,0,0,0,0
14:04:58.229,0,0,0,0,0,0,0
14:04:58.730,0,0,0,0,0,0,0
14:04:59.296,0,0,0,0,0,0,0
14:04:59.747,0,0,0,0,0,0,0
14:05:00.262,0,0,0,0,0,0,0
14:05:00.760,0,0,0,0,0,0,0
14:05:01.263,0,0,0,0,0,0,0
14:05:01.761,0,0,0,0,0,0,0
14:05:02.276,0,0,0,0,0,0,0
14:05:02.777,0,0,0,0,0,0,0
14:05:03.295,0,0,0,0,0,0,0
14:05:03.741,0,0,0,0,0,0,0
14:05:04.242,0,0,0,0,0,0,0
14:05:04.759,0,0,0,0,0,0,0
14:05:05.287,0,0,0,0,0,0,0
14:05:05.792,0,0,0,0,0,0,0
14:05:06.242,0,0,0,0,0,0,0
14:05:06.809,0,0,0,0,0,0,0
14:05:07.260,0,0,0,0,0,0,0
14:05:07.759,0,0,0,0,0,0,0
14:05:08.260,0,0,0,0,0,0,0
14:05:08.761,0,0,0,0,0,0,0
14:05:09.259,0,0,0,0,0,0,0
14:05:09.761,0,0,0,0,0,0,0
14:05:10.261,0,0,0,0,0,0,0
14:05:10.776,0,0,0,0,0,0,0
14:05:11.277,0,0,0,0,0,0,0
14:05:11.776,0,0,0,0,0,0,0
14:05:12.293,0,0,0,0,0,0,0
14:05:12.808,0,0,0,0,0,0,0
14:05:13.308,0,0,0,0,0,0,0
14:05:13.758,0,0,0,0,0,0,0
14:05:14.261,0,0,0,0,0,0,0
14:05:14.759,0,0,0,0,0,0,0
14:05:15.261,0,0,0,0,0,0,0
14:05:15.759,0,0,0,0,0,0,0
14:05:16.258,0,0,0,0,0,0,0
14:05:16.794,0,0,0,0,0,0,0
14:05:17.310,0,0,0,0,0,0,0
14:05:17.811,0,0,0,0,0,0,0
14:05:18.259,0,0,0,0,0,0,0
14:05:18.759,0,0,0,0,0,0,0
14:05:19.259,0,0,0,0,0,0,0
14:05:19.776,0,0,0,0,0,0,0
14:05:20.276,0,0,0,0,0,0,0
14:05:20.775,0,0,0,0,0,0,0
14:05:21.290,0,0,0,0,0,0,0
14:05:21.791,0,0,0,0,0,0,0
14:05:22.288,0,0,0,0,0,0,0
14:05:22.789,0,0,0,0,0,0,0
14:05:23.297,0,0,0,0,0,0,0
14:05:23.806,0,0,0,0,0,0,0
14:05:24.323,0,0,0,0,0,0,0
14:05:24.757,0,0,0,0,0,0,0
14:05:25.268,0,0,0,0,0,0,0
14:05:25.762,0,0,0,0,0,0,0
14:05:26.262,0,0,0,0,0,0,0
14:05:26.789,0,0,0,0,0,0,0
14:05:27.295,0,0,0,0,0,0,0
14:05:27.807,0,0,0,0,0,0,0
14:05:28.306,0,0,0,0,0,0,0
14:05:28.826,0,0,0,0,0,0,0
14:05:29.325,0,0,0,0,0,0,0
14:05:29.775,0,0,0,0,0,0,0
14:05:30.275,0,0,0,0,0,0,0
14:05:30.775,0,0,0,0,0,0,0
14:05:31.276,0,0,0,0,0,0,0
14:05:31.776,0,0,0,0,0,0,0
14:05:32.275,0,0,0,0,0,0,0
14:05:32.775,0,0,0,0,0,0,0
14:05:33.291,0,0,0,0,0,0,0
14:05:33.790,0,0,0,0,0,0,0
14:05:34.289,0,0,0,0,0,0,0
14:05:34.790,0,0,0,0,0,0,0
14:05:35.291,0,0,0,0,0,0,0
14:05:35.789,0,0,0,0,0,0,0
14:05:36.306,0,0,0,0,0,0,0
14:05:36.820,0,0,0,0,0,0,0
14:05:37.335,0,0,0,0,0,0,0
14:05:37.836,0,0,0,0,0,0,0
14:05:38.354,0,0,0,0,0,0,0
14:05:38.853,0,0,0,0,0,0,0
14:05:39.354,0,0,0,0,0,0,0
14:05:39.864,0,0,0,0,0,0,0
14:05:40.366,0,0,0,0,0,0,0
14:05:40.871,0,0,0,0,0,0,0
14:05:41.322,0,0,0,0,0,0,0
14:05:41.838,0,0,0,0,0,0,0
14:05:42.337,0,0,0,0,0,0,0
14:05:42.838,0,0,0,0,0,0,0
14:05:43.353,0,0,0,0,0,0,0
14:05:43.871,0,0,0,0,0,0,0
14:05:44.324,0,0,0,0,0,0,0
14:05:44.855,0,0,0,0,0,0,0
14:05:45.321,0,0,0,0,0,0,0
14:05:45.821,0,0,0,0,0,0,0
14:05:46.338,0,0,0,0,0,0,0
14:05:46.855,0,0,0,0,0,0,0
14:05:47.354,0,0,0,0,0,0,0
14:05:47.871,0,0,0,0,0,0,0
14:05:48.322,0,0,0,0,0,0,0
14:05:48.820,0,0,0,0,0,0,0
14:05:49.387,0,0,0,0,0,0,0
14:05:49.838,0,0,0,0,0,0,0
14:05:50.336,0,0,0,0,0,0,0
14:05:50.854,0,0,0,0,0,0,0
14:05:51.371,0,0,0,0,0,0,0
14:05:51.886,0,0,0,0,0,0,0
14:05:52.387,0,0,0,0,0,0,0
14:05:52.836,0,0,0,0,0,0,0
14:05:53.338,0,0,0,0,0,0,0
14:05:53.839,0,0,0,0,0,0,0
14:05:54.340,0,0,0,0,0,0,0
14:05:54.850,0,0,0,0,0,0,0
14:05:55.384,0,0,0,0,0,0,0
14:05:55.852,0,0,0,0,0,0,0
14:05:56.352,0,0,0,0,0,0,0
14:05:56.868,0,0,0,0,0,0,0
14:05:57.401,0,0,0,0,0,0,0
14:05:57.906,0,0,0,0,0,0,0
14:05:58.351,0,0,0,0,0,0,0
14:05:58.868,0,0,0,0,0,0,0
14:05:59.369,0,0,0,0,0,0,0
14:05:59.884,0,0,0,0,0,0,0
14:06:00.351,0,0,0,0,0,0,0
14:06:00.884,0,0,0,0,0,0,0
14:06:01.387,0,0,0,0,0,0,0
14:06:01.901,0,0,0,0,0,0,0
14:06:02.402,0,0,0,0,0,0,0
14:06:02.851,0,0,0,0,0,0,0
14:06:03.418,0,0,0,0,0,0,0
14:06:03.918,0,0,0,0,0,0,0
14:06:04.421,0,0,0,0,0,0,0
14:06:04.919,0,0,0,0,0,0,0
14:06:05.419,0,0,0,0,0,0,0
14:06:05.886,0,0,0,0,0,0,0
14:06:06.386,0,0,0,0,0,0,0
14:06:06.884,0,0,0,0,0,0,0
14:06:07.387,0,0,0,0,0,0,0
14:06:07.903,0,0,0,0,0,0,0
14:06:08.413,0,0,0,0,0,0,0
14:06:08.922,0,0,0,0,0,0,0
14:06:09.415,0,0,0,0,0,0,0
14:06:09.916,0,0,0,0,0,0,0
14:06:10.435,0,0,0,0,0,0,0
14:06:10.936,0,0,0,0,0,0,0
14:06:11.436,0,0,0,0,0,0,0
14:06:11.934,0,0,0,0,0,0,0
14:06:12.434,0,0,0,0,0,0,0
14:06:12.928,0,0,0,0,0,0,0
14:06:13.430,0,0,0,0,0,0,0
14:06:13.931,0,0,0,0,0,0,0
14:06:14.432,0,0,0,0,0,0,0
14:06:14.930,0,0,0,0,0,0,0
14:06:15.432,0,0,0,0,0,0,0
14:06:15.931,0,0,0,0,0,0,0
14:06:16.431,0,0,0,0,0,0,0
14:06:16.929,0,0,0,0,0,0,0
14:06:17.430,0,0,0,0,0,0,0
14:06:17.931,0,0,0,0,0,0,0
14:06:18.430,0,0,0,0,0,0,0
14:06:18.930,0,0,0,0,0,0,0
14:06:19.432,0,0,0,0,0,0,0
14:06:19.928,0,0,0,0,0,0,0
14:06:20.431,0,0,0,0,0,0,0
14:06:22.241,0,0,0,0.0,0.0,0.0,0.0,0.0,0.0,0.0,0.0,0.0,0.0,0.0,0,0.0,OFFLINE,0.0,0,0
14:06:22.745,0,0,0,0.0,0.0,0.0,0.0,0.0,0.0,0.0,0.0,0.0,0.0,0.0,0,0.0,OFFLINE,0.0,0,0
14:06:23.242,0,0,0,0.0,0.0,0.0,0.0,0.0,0.0,0.0,0.0,0.0,0.0,0.0,0,0.0,OFFLINE,0.0,0,0
14:06:23.745,0,0,0,0.0,0.0,0.0,0.0,0.0,0.0,0.0,0.0,0.0,0.0,0.0,0,0.0,OFFLINE,0.0,0,0
14:06:24.241,0,0,0,0.0,0.0,0.0,0.0,0.0,0.0,0.0,0.0,0.0,0.0,0.0,0,0.0,OFFLINE,0.0,0,0
14:06:24.745,0,0,0,0.0,0.0,0.0,0.0,0.0,0.0,0.0,0.0,0.0,0.0,0.0,0,0.0,OFFLINE,0.0,0,0
14:06:25.245,0,0,0,0.0,0.0,0.0,0.0,0.0,0.0,0.0,0.0,0.0,0.0,0.0,0,0.0,OFFLINE,0.0,0,0
14:06:25.744,0,0,0,0.0,0.0,0.0,0.0,0.0,0.0,0.0,0.0,0.0,0.0,0.0,0,0.0,OFFLINE,0.0,0,0
14:06:26.241,0,0,0,0.0,0.0,0.0,0.0,0.0,0.0,0.0,0.0,0.0,0.0,0.0,0,0.0,OFFLINE,0.0,0,0
14:06:26.745,0,0,0,0.0,0.0,0.0,0.0,0.0,0.0,0.0,0.0,0.0,0.0,0.0,0,0.0,OFFLINE,0.0,0,0
14:06:27.243,0,0,0,0.0,0.0,0.0,0.0,0.0,0.0,0.0,0.0,0.0,0.0,0.0,0,0.0,OFFLINE,0.0,0,0
14:06:27.745,0,0,0,0.0,0.0,0.0,0.0,0.0,0.0,0.0,0.0,0.0,0.0,0.0,0,0.0,OFFLINE,0.0,0,0
14:06:28.241,0,0,0,0.0,0.0,0.0,0.0,0.0,0.0,0.0,0.0,0.0,0.0,0.0,0,0.0,OFFLINE,0.0,0,0
14:06:28.748,0,0,0,0.0,0.0,0.0,0.0,0.0,0.0,0.0,0.0,0.0,0.0,0.0,0,0.0,OFFLINE,0.0,0,0
14:06:29.244,0,0,0,0.0,0.0,0.0,0.0,0.0,0.0,0.0,0.0,0.0,0.0,0.0,0,0.0,OFFLINE,0.0,0,0
14:06:29.745,0,0,0,0.0,0.0,0.0,0.0,0.0,0.0,0.0,0.0,0.0,0.0,0.0,0,0.0,OFFLINE,0.0,0,0
14:06:30.241,0,0,0,0.0,0.0,0.0,0.0,0.0,0.0,0.0,0.0,0.0,0.0,0.0,0,0.0,OFFLINE,0.0,0,0
14:06:30.746,0,0,0,0.0,0.0,0.0,0.0,0.0,0.0,0.0,0.0,0.0,0.0,0.0,0,0.0,OFFLINE,0.0,0,0
14:06:31.242,0,0,0,0.0,0.0,0.0,0.0,0.0,0.0,0.0,0.0,0.0,0.0,0.0,0,0.0,OFFLINE,0.0,0,0
14:06:31.746,0,0,0,0.0,0.0,0.0,0.0,0.0,0.0,0.0,0.0,0.0,0.0,0.0,0,0.0,OFFLINE,0.0,0,0
14:06:32.241,0,0,0,0.0,0.0,0.0,0.0,0.0,0.0,0.0,0.0,0.0,0.0,0.0,0,0.0,OFFLINE,0.0,0,0
14:06:32.747,0,0,0,0.0,0.0,0.0,0.0,0.0,0.0,0.0,0.0,0.0,0.0,0.0,0,0.0,OFFLINE,0.0,0,0
14:06:33.259,0,0,0,0.0,0.0,0.0,0.0,0.0,0.0,0.0,0.0,0.0,0.0,0.0,0,0.0,OFFLINE,0.0,0,0
14:06:33.759,0,0,0,0.0,0.0,0.0,0.0,0.0,0.0,0.0,0.0,0.0,0.0,0.0,0,0.0,OFFLINE,0.0,0,0
14:06:34.259,0,0,0,0.0,0.0,0.0,0.0,0.0,0.0,0.0,0.0,0.0,0.0,0.0,0,0.0,OFFLINE,0.0,0,0
14:08:16.793,0,0,0,0.0,0.0,0.0,0.0,0.0,0.0,0.0,0.0,0.0,0.0,0.0,0,0.0,OFFLINE,0.0,0,0
14:08:17.289,0,0,0,0.0,0.0,0.0,0.0,0.0,0.0,0.0,0.0,0.0,0.0,0.0,0,0.0,OFFLINE,0.0,0,0
14:08:17.799,0,0,0,0.0,0.0,0.0,0.0,0.0,0.0,0.0,0.0,0.0,0.0,0.0,0,0.0,OFFLINE,0.0,0,0
14:08:18.289,0,0,0,0.0,0.0,0.0,0.0,0.0,0.0,0.0,0.0,0.0,0.0,0.0,0,0.0,OFFLINE,0.0,0,0
14:08:18.793,0,0,0,0.0,0.0,0.0,0.0,0.0,0.0,0.0,0.0,0.0,0.0,0.0,0,0.0,OFFLINE,0.0,0,0
14:08:19.293,0,0,0,0.0,0.0,0.0,0.0,0.0,0.0,0.0,0.0,0.0,0.0,0.0,0,0.0,OFFLINE,0.0,0,0
14:08:19.800,0,0,0,0.0,0.0,0.0,0.0,0.0,0.0,0.0,0.0,0.0,0.0,0.0,0,0.0,OFFLINE,0.0,0,0
14:08:20.290,0,0,0,0.0,0.0,0.0,0.0,0.0,0.0,0.0,0.0,0.0,0.0,0.0,0,0.0,OFFLINE,0.0,0,0
14:08:20.793,0,0,0,0.0,0.0,0.0,0.0,0.0,0.0,0.0,0.0,0.0,0.0,0.0,0,0.0,OFFLINE,0.0,0,0
14:08:21.291,0,0,0,0.0,0.0,0.0,0.0,0.0,0.0,0.0,0.0,0.0,0.0,0.0,0,0.0,OFFLINE,0.0,0,0
14:08:21.790,0,0,0,0.0,0.0,0.0,0.0,0.0,0.0,0.0,0.0,0.0,0.0,0.0,0,0.0,OFFLINE,0.0,0,0
14:08:22.296,0,0,0,0.0,0.0,0.0,0.0,0.0,0.0,0.0,0.0,0.0,0.0,0.0,0,0.0,OFFLINE,0.0,0,0
14:08:22.793,0,0,0,0.0,0.0,0.0,0.0,0.0,0.0,0.0,0.0,0.0,0.0,0.0,0,0.0,OFFLINE,0.0,0,0
14:08:23.299,0,0,0,0.0,0.0,0.0,0.0,0.0,0.0,0.0,0.0,0.0,0.0,0.0,0,0.0,OFFLINE,0.0,0,0
14:08:23.795,0,0,0,0.0,0.0,0.0,0.0,0.0,0.0,0.0,0.0,0.0,0.0,0.0,0,0.0,OFFLINE,0.0,0,0
14:08:24.296,0,0,0,0.0,0.0,0.0,0.0,0.0,0.0,0.0,0.0,0.0,0.0,0.0,0,0.0,OFFLINE,0.0,0,0
14:08:24.792,0,0,0,0.0,0.0,0.0,0.0,0.0,0.0,0.0,0.0,0.0,0.0,0.0,0,0.0,OFFLINE,0.0,0,0
14:08:25.298,0,0,0,0.0,0.0,0.0,0.0,0.0,0.0,0.0,0.0,0.0,0.0,0.0,0,0.0,OFFLINE,0.0,0,0
14:08:25.794,0,0,0,0.0,0.0,0.0,0.0,0.0,0.0,0.0,0.0,0.0,0.0,0.0,0,0.0,OFFLINE,0.0,0,0
14:08:26.291,0,0,0,0.0,0.0,0.0,0.0,0.0,0.0,0.0,0.0,0.0,0.0,0.0,0,0.0,OFFLINE,0.0,0,0
14:08:26.788,0,0,0,0.0,0.0,0.0,0.0,0.0,0.0,0.0,0.0,0.0,0.0,0.0,0,0.0,OFFLINE,0.0,0,0
14:08:27.304,0,0,0,0.0,0.0,0.0,0.0,0.0,0.0,0.0,0.0,0.0,0.0,0.0,0,0.0,OFFLINE,0.0,0,0
14:08:27.799,0,0,0,0.0,0.0,0.0,0.0,0.0,0.0,0.0,0.0,0.0,0.0,0.0,0,0.0,OFFLINE,0.0,0,0
14:08:28.290,0,0,0,0.0,0.0,0.0,0.0,0.0,0.0,0.0,0.0,0.0,0.0,0.0,0,0.0,OFFLINE,0.0,0,0
14:08:28.790,0,0,0,0.0,0.0,0.0,0.0,0.0,0.0,0.0,0.0,0.0,0.0,0.0,0,0.0,OFFLINE,0.0,0,0
14:08:29.289,0,0,0,0.0,0.0,0.0,0.0,0.0,0.0,0.0,0.0,0.0,0.0,0.0,0,0.0,OFFLINE,0.0,0,0
14:08:29.801,0,0,0,0.0,0.0,0.0,0.0,0.0,0.0,0.0,0.0,0.0,0.0,0.0,0,0.0,OFFLINE,0.0,0,0
14:08:30.290,0,0,0,0.0,0.0,0.0,0.0,0.0,0.0,0.0,0.0,0.0,0.0,0.0,0,0.0,OFFLINE,0.0,0,0
14:08:30.808,0,0,0,0.0,0.0,0.0,0.0,0.0,0.0,0.0,0.0,0.0,0.0,0.0,0,0.0,OFFLINE,0.0,0,0
14:08:31.306,0,0,0,0.0,0.0,0.0,0.0,0.0,0.0,0.0,0.0,0.0,0.0,0.0,0,0.0,OFFLINE,0.0,0,0
14:08:31.815,0,0,0,0.0,0.0,0.0,0.0,0.0,0.0,0.0,0.0,0.0,0.0,0.0,0,0.0,OFFLINE,0.0,0,0
14:08:32.305,0,0,0,0.0,0.0,0.0,0.0,0.0,0.0,0.0,0.0,0.0,0.0,0.0,0,0.0,OFFLINE,0.0,0,0
14:08:32.808,0,0,0,0.0,0.0,0.0,0.0,0.0,0.0,0.0,0.0,0.0,0.0,0.0,0,0.0,OFFLINE,0.0,0,0
14:08:33.306,0,0,0,0.0,0.0,0.0,0.0,0.0,0.0,0.0,0.0,0.0,0.0,0.0,0,0.0,OFFLINE,0.0,0,0
14:08:33.805,0,0,0,0.0,0.0,0.0,0.0,0.0,0.0,0.0,0.0,0.0,0.0,0.0,0,0.0,OFFLINE,0.0,0,0
14:08:34.307,0,0,0,0.0,0.0,0.0,0.0,0.0,0.0,0.0,0.0,0.0,0.0,0.0,0,0.0,OFFLINE,0.0,0,0
14:08:34.808,0,0,0,0.0,0.0,0.0,0.0,0.0,0.0,0.0,0.0,0.0,0.0,0.0,0,0.0,OFFLINE,0.0,0,0
14:08:35.306,0,0,0,0.0,0.0,0.0,0.0,0.0,0.0,0.0,0.0,0.0,0.0,0.0,0,0.0,OFFLINE,0.0,0,0
14:08:35.807,0,0,0,0.0,0.0,0.0,0.0,0.0,0.0,0.0,0.0,0.0,0.0,0.0,0,0.0,OFFLINE,0.0,0,0
14:08:36.307,0,0,0,0.0,0.0,0.0,0.0,0.0,0.0,0.0,0.0,0.0,0.0,0.0,0,0.0,OFFLINE,0.0,0,0
14:08:36.805,0,0,0,0.0,0.0,0.0,0.0,0.0,0.0,0.0,0.0,0.0,0.0,0.0,0,0.0,OFFLINE,0.0,0,0
14:08:37.306,0,0,0,0.0,0.0,0.0,0.0,0.0,0.0,0.0,0.0,0.0,0.0,0.0,0,0.0,OFFLINE,0.0,0,0
14:08:37.812,0,0,0,0.0,0.0,0.0,0.0,0.0,0.0,0.0,0.0,0.0,0.0,0.0,0,0.0,OFFLINE,0.0,0,0
14:08:38.307,0,0,0,0.0,0.0,0.0,0.0,0.0,0.0,0.0,0.0,0.0,0.0,0.0,0,0.0,OFFLINE,0.0,0,0
14:08:38.808,0,0,0,0.0,0.0,0.0,0.0,0.0,0.0,0.0,0.0,0.0,0.0,0.0,0,0.0,OFFLINE,0.0,0,0
14:08:39.317,0,0,0,0.0,0.0,0.0,0.0,0.0,0.0,0.0,0.0,0.0,0.0,0.0,0,0.0,OFFLINE,0.0,0,0
14:08:39.815,0,0,0,0.0,0.0,0.0,0.0,0.0,0.0,0.0,0.0,0.0,0.0,0.0,0,0.0,OFFLINE,0.0,0,0
14:08:40.312,0,0,0,0.0,0.0,0.0,0.0,0.0,0.0,0.0,0.0,0.0,0.0,0.0,0,0.0,OFFLINE,0.0,0,0
14:08:40.808,0,0,0,0.0,0.0,0.0,0.0,0.0,0.0,0.0,0.0,0.0,0.0,0.0,0,0.0,OFFLINE,0.0,0,0
14:08:41.315,0,0,0,0.0,0.0,0.0,0.0,0.0,0.0,0.0,0.0,0.0,0.0,0.0,0,0.0,OFFLINE,0.0,0,0
14:08:41.813,0,0,0,0.0,0.0,0.0,0.0,0.0,0.0,0.0,0.0,0.0,0.0,0.0,0,0.0,OFFLINE,0.0,0,0
14:08:42.311,0,0,0,0.0,0.0,0.0,0.0,0.0,0.0,0.0,0.0,0.0,0.0,0.0,0,0.0,OFFLINE,0.0,0,0
14:08:42.805,0,0,0,0.0,0.0,0.0,0.0,0.0,0.0,0.0,0.0,0.0,0.0,0.0,0,0.0,OFFLINE,0.0,0,0
14:08:43.305,0,0,0,0.0,0.0,0.0,0.0,0.0,0.0,0.0,0.0,0.0,0.0,0.0,0,0.0,OFFLINE,0.0,0,0
14:08:43.805,0,0,0,0.0,0.0,0.0,0.0,0.0,0.0,0.0,0.0,0.0,0.0,0.0,0,0.0,OFFLINE,0.0,0,0
14:08:44.306,0,0,0,0.0,0.0,0.0,0.0,0.0,0.0,0.0,0.0,0.0,0.0,0.0,0,0.0,OFFLINE,0.0,0,0
14:08:44.807,0,0,0,0.0,0.0,0.0,0.0,0.0,0.0,0.0,0.0,0.0,0.0,0.0,0,0.0,OFFLINE,0.0,0,0
14:08:45.312,0,0,0,0.0,0.0,0.0,0.0,0.0,0.0,0.0,0.0,0.0,0.0,0.0,0,0.0,OFFLINE,0.0,0,0
14:08:45.815,0,0,0,0.0,0.0,0.0,0.0,0.0,0.0,0.0,0.0,0.0,0.0,0.0,0,0.0,OFFLINE,0.0,0,0
14:08:46.313,0,0,0,0.0,0.0,0.0,0.0,0.0,0.0,0.0,0.0,0.0,0.0,0.0,0,0.0,OFFLINE,0.0,0,0
14:08:46.808,0,0,0,0.0,0.0,0.0,0.0,0.0,0.0,0.0,0.0,0.0,0.0,0.0,0,0.0,OFFLINE,0.0,0,0
14:08:47.305,0,0,0,0.0,0.0,0.0,0.0,0.0,0.0,0.0,0.0,0.0,0.0,0.0,0,0.0,OFFLINE,0.0,0,0
14:08:47.805,0,0,0,0.0,0.0,0.0,0.0,0.0,0.0,0.0,0.0,0.0,0.0,0.0,0,0.0,OFFLINE,0.0,0,0
14:08:48.305,0,0,0,0.0,0.0,0.0,0.0,0.0,0.0,0.0,0.0,0.0,0.0,0.0,0,0.0,OFFLINE,0.0,0,0
14:08:48.808,0,0,0,0.0,0.0,0.0,0.0,0.0,0.0,0.0,0.0,0.0,0.0,0.0,0,0.0,OFFLINE,0.0,0,0
14:08:49.306,0,0,0,0.0,0.0,0.0,0.0,0.0,0.0,0.0,0.0,0.0,0.0,0.0,0,0.0,OFFLINE,0.0,0,0
14:08:49.805,0,0,0,0.0,0.0,0.0,0.0,0.0,0.0,0.0,0.0,0.0,0.0,0.0,0,0.0,OFFLINE,0.0,0,0
14:08:50.313,0,0,0,0.0,0.0,0.0,0.0,0.0,0.0,0.0,0.0,0.0,0.0,0.0,0,0.0,OFFLINE,0.0,0,0
14:08:50.808,0,0,0,0.0,0.0,0.0,0.0,0.0,0.0,0.0,0.0,0.0,0.0,0.0,0,0.0,OFFLINE,0.0,0,0
14:08:51.307,0,0,0,0.0,0.0,0.0,0.0,0.0,0.0,0.0,0.0,0.0,0.0,0.0,0,0.0,OFFLINE,0.0,0,0
14:08:51.810,0,0,0,0.0,0.0,0.0,0.0,0.0,0.0,0.0,0.0,0.0,0.0,0.0,0,0.0,OFFLINE,0.0,0,0
14:08:52.313,0,0,0,0.0,0.0,0.0,0.0,0.0,0.0,0.0,0.0,0.0,0.0,0.0,0,0.0,OFFLINE,0.0,0,0
14:08:52.804,0,0,0,0.0,0.0,0.0,0.0,0.0,0.0,0.0,0.0,0.0,0.0,0.0,0,0.0,OFFLINE,0.0,0,0
14:08:53.317,0,0,0,0.0,0.0,0.0,0.0,0.0,0.0,0.0,0.0,0.0,0.0,0.0,0,0.0,OFFLINE,0.0,0,0
14:08:53.812,0,0,0,0.0,0.0,0.0,0.0,0.0,0.0,0.0,0.0,0.0,0.0,0.0,0,0.0,OFFLINE,0.0,0,0
14:08:54.310,0,0,0,0.0,0.0,0.0,0.0,0.0,0.0,0.0,0.0,0.0,0.0,0.0,0,0.0,OFFLINE,0.0,0,0
14:08:54.806,0,0,0,0.0,0.0,0.0,0.0,0.0,0.0,0.0,0.0,0.0,0.0,0.0,0,0.0,OFFLINE,0.0,0,0
14:08:55.316,0,0,0,0.0,0.0,0.0,0.0,0.0,0.0,0.0,0.0,0.0,0.0,0.0,0,0.0,OFFLINE,0.0,0,0
14:08:55.814,0,0,0,0.0,0.0,0.0,0.0,0.0,0.0,0.0,0.0,0.0,0.0,0.0,0,0.0,OFFLINE,0.0,0,0
14:08:56.311,0,0,0,0.0,0.0,0.0,0.0,0.0,0.0,0.0,0.0,0.0,0.0,0.0,0,0.0,OFFLINE,0.0,0,0
14:08:56.807,0,0,0,0.0,0.0,0.0,0.0,0.0,0.0,0.0,0.0,0.0,0.0,0.0,0,0.0,OFFLINE,0.0,0,0
14:08:57.306,0,0,0,0.0,0.0,0.0,0.0,0.0,0.0,0.0,0.0,0.0,0.0,0.0,0,0.0,OFFLINE,0.0,0,0
14:08:57.817,0,0,0,0.0,0.0,0.0,0.0,0.0,0.0,0.0,0.0,0.0,0.0,0.0,0,0.0,OFFLINE,0.0,0,0
14:08:58.311,0,0,0,0.0,0.0,0.0,0.0,0.0,0.0,0.0,0.0,0.0,0.0,0.0,0,0.0,OFFLINE,0.0,0,0
14:08:58.808,0,0,0,0.0,0.0,0.0,0.0,0.0,0.0,0.0,0.0,0.0,0.0,0.0,0,0.0,OFFLINE,0.0,0,0
14:08:59.304,0,0,0,0.0,0.0,0.0,0.0,0.0,0.0,0.0,0.0,0.0,0.0,0.0,0,0.0,OFFLINE,0.0,0,0
14:08:59.805,0,0,0,0.0,0.0,0.0,0.0,0.0,0.0,0.0,0.0,0.0,0.0,0.0,0,0.0,OFFLINE,0.0,0,0
14:09:00.310,0,0,0,0.0,0.0,0.0,0.0,0.0,0.0,0.0,0.0,0.0,0.0,0.0,0,0.0,OFFLINE,0.0,0,0
14:09:00.808,0,0,0,0.0,0.0,0.0,0.0,0.0,0.0,0.0,0.0,0.0,0.0,0.0,0,0.0,OFFLINE,0.0,0,0
14:09:01.305,0,0,0,0.0,0.0,0.0,0.0,0.0,0.0,0.0,0.0,0.0,0.0,0.0,0,0.0,OFFLINE,0.0,0,0
14:09:01.817,0,0,0,0.0,0.0,0.0,0.0,0.0,0.0,0.0,0.0,0.0,0.0,0.0,0,0.0,OFFLINE,0.0,0,0
14:09:02.313,0,0,0,0.0,0.0,0.0,0.0,0.0,0.0,0.0,0.0,0.0,0.0,0.0,0,0.0,OFFLINE,0.0,0,0
14:09:02.808,0,0,0,0.0,0.0,0.0,0.0,0.0,0.0,0.0,0.0,0.0,0.0,0.0,0,0.0,OFFLINE,0.0,0,0
14:09:03.306,0,0,0,0.0,0.0,0.0,0.0,0.0,0.0,0.0,0.0,0.0,0.0,0.0,0,0.0,OFFLINE,0.0,0,0
14:09:03.816,0,0,0,0.0,0.0,0.0,0.0,0.0,0.0,0.0,0.0,0.0,0.0,0.0,0,0.0,OFFLINE,0.0,0,0
14:09:04.313,0,0,0,0.0,0.0,0.0,0.0,0.0,0.0,0.0,0.0,0.0,0.0,0.0,0,0.0,OFFLINE,0.0,0,0
14:09:04.809,0,0,0,0.0,0.0,0.0,0.0,0.0,0.0,0.0,0.0,0.0,0.0,0.0,0,0.0,OFFLINE,0.0,0,0
14:09:05.305,0,0,0,0.0,0.0,0.0,0.0,0.0,0.0,0.0,0.0,0.0,0.0,0.0,0,0.0,OFFLINE,0.0,0,0
14:09:05.813,0,0,0,0.0,0.0,0.0,0.0,0.0,0.0,0.0,0.0,0.0,0.0,0.0,0,0.0,OFFLINE,0.0,0,0
14:09:06.312,0,0,0,0.0,0.0,0.0,0.0,0.0,0.0,0.0,0.0,0.0,0.0,0.0,0,0.0,OFFLINE,0.0,0,0
14:09:06.806,0,0,0,0.0,0.0,0.0,0.0,0.0,0.0,0.0,0.0,0.0,0.0,0.0,0,0.0,OFFLINE,0.0,0,0
14:09:07.315,0,0,0,0.0,0.0,0.0,0.0,0.0,0.0,0.0,0.0,0.0,0.0,0.0,0,0.0,OFFLINE,0.0,0,0
14:09:07.809,0,0,0,0.0,0.0,0.0,0.0,0.0,0.0,0.0,0.0,0.0,0.0,0.0,0,0.0,OFFLINE,0.0,0,0
14:09:08.307,0,0,0,0.0,0.0,0.0,0.0,0.0,0.0,0.0,0.0,0.0,0.0,0.0,0,0.0,OFFLINE,0.0,0,0
14:09:08.807,0,0,0,0.0,0.0,0.0,0.0,0.0,0.0,0.0,0.0,0.0,0.0,0.0,0,0.0,OFFLINE,0.0,0,0
14:09:09.305,0,0,0,0.0,0.0,0.0,0.0,0.0,0.0,0.0,0.0,0.0,0.0,0.0,0,0.0,OFFLINE,0.0,0,0
14:09:09.807,0,0,0,0.0,0.0,0.0,0.0,0.0,0.0,0.0,0.0,0.0,0.0,0.0,0,0.0,OFFLINE,0.0,0,0
14:09:10.307,0,0,0,0.0,0.0,0.0,0.0,0.0,0.0,0.0,0.0,0.0,0.0,0.0,0,0.0,OFFLINE,0.0,0,0
14:09:10.804,0,0,0,0.0,0.0,0.0,0.0,0.0,0.0,0.0,0.0,0.0,0.0,0.0,0,0.0,OFFLINE,0.0,0,0
14:09:11.306,0,0,0,0.0,0.0,0.0,0.0,0.0,0.0,0.0,0.0,0.0,0.0,0.0,0,0.0,OFFLINE,0.0,0,0
14:09:11.816,0,0,0,0.0,0.0,0.0,0.0,0.0,0.0,0.0,0.0,0.0,0.0,0.0,0,0.0,OFFLINE,0.0,0,0
14:09:12.306,0,0,0,0.0,0.0,0.0,0.0,0.0,0.0,0.0,0.0,0.0,0.0,0.0,0,0.0,OFFLINE,0.0,0,0
14:09:12.806,0,0,0,0.0,0.0,0.0,0.0,0.0,0.0,0.0,0.0,0.0,0.0,0.0,0,0.0,OFFLINE,0.0,0,0
14:09:13.306,0,0,0,0.0,0.0,0.0,0.0,0.0,0.0,0.0,0.0,0.0,0.0,0.0,0,0.0,OFFLINE,0.0,0,0
14:09:13.805,0,0,0,0.0,0.0,0.0,0.0,0.0,0.0,0.0,0.0,0.0,0.0,0.0,0,0.0,OFFLINE,0.0,0,0
14:09:14.312,0,0,0,0.0,0.0,0.0,0.0,0.0,0.0,0.0,0.0,0.0,0.0,0.0,0,0.0,OFFLINE,0.0,0,0
14:09:14.808,0,0,0,0.0,0.0,0.0,0.0,0.0,0.0,0.0,0.0,0.0,0.0,0.0,0,0.0,OFFLINE,0.0,0,0
14:09:15.304,0,0,0,0.0,0.0,0.0,0.0,0.0,0.0,0.0,0.0,0.0,0.0,0.0,0,0.0,OFFLINE,0.0,0,0
14:09:15.809,0,0,0,0.0,0.0,0.0,0.0,0.0,0.0,0.0,0.0,0.0,0.0,0.0,0,0.0,OFFLINE,0.0,0,0
14:09:16.306,0,0,0,0.0,0.0,0.0,0.0,0.0,0.0,0.0,0.0,0.0,0.0,0.0,0,0.0,OFFLINE,0.0,0,0
14:09:16.808,0,0,0,0.0,0.0,0.0,0.0,0.0,0.0,0.0,0.0,0.0,0.0,0.0,0,0.0,OFFLINE,0.0,0,0
14:09:17.306,0,0,0,0.0,0.0,0.0,0.0,0.0,0.0,0.0,0.0,0.0,0.0,0.0,0,0.0,OFFLINE,0.0,0,0
14:09:17.804,0,0,0,0.0,0.0,0.0,0.0,0.0,0.0,0.0,0.0,0.0,0.0,0.0,0,0.0,OFFLINE,0.0,0,0
14:09:18.313,0,0,0,0.0,0.0,0.0,0.0,0.0,0.0,0.0,0.0,0.0,0.0,0.0,0,0.0,OFFLINE,0.0,0,0
14:09:18.809,0,0,0,0.0,0.0,0.0,0.0,0.0,0.0,0.0,0.0,0.0,0.0,0.0,0,0.0,OFFLINE,0.0,0,0
14:09:19.306,0,0,0,0.0,0.0,0.0,0.0,0.0,0.0,0.0,0.0,0.0,0.0,0.0,0,0.0,OFFLINE,0.0,0,0
14:09:19.810,0,0,0,0.0,0.0,0.0,0.0,0.0,0.0,0.0,0.0,0.0,0.0,0.0,0,0.0,OFFLINE,0.0,0,0
14:09:20.307,0,0,0,0.0,0.0,0.0,0.0,0.0,0.0,0.0,0.0,0.0,0.0,0.0,0,0.0,OFFLINE,0.0,0,0
14:09:20.809,0,0,0,0.0,0.0,0.0,0.0,0.0,0.0,0.0,0.0,0.0,0.0,0.0,0,0.0,OFFLINE,0.0,0,0
14:09:21.306,0,0,0,0.0,0.0,0.0,0.0,0.0,0.0,0.0,0.0,0.0,0.0,0.0,0,0.0,OFFLINE,0.0,0,0
14:09:21.808,0,0,0,0.0,0.0,0.0,0.0,0.0,0.0,0.0,0.0,0.0,0.0,0.0,0,0.0,OFFLINE,0.0,0,0
14:09:22.306,0,0,0,0.0,0.0,0.0,0.0,0.0,0.0,0.0,0.0,0.0,0.0,0.0,0,0.0,OFFLINE,0.0,0,0
14:09:22.808,0,0,0,0.0,0.0,0.0,0.0,0.0,0.0,0.0,0.0,0.0,0.0,0.0,0,0.0,OFFLINE,0.0,0,0
14:09:23.313,0,0,0,0.0,0.0,0.0,0.0,0.0,0.0,0.0,0.0,0.0,0.0,0.0,0,0.0,OFFLINE,0.0,0,0
14:09:23.809,0,0,0,0.0,0.0,0.0,0.0,0.0,0.0,0.0,0.0,0.0,0.0,0.0,0,0.0,OFFLINE,0.0,0,0
14:09:24.310,0,0,0,0.0,0.0,0.0,0.0,0.0,0.0,0.0,0.0,0.0,0.0,0.0,0,0.0,OFFLINE,0.0,0,0
14:09:24.805,0,0,0,0.0,0.0,0.0,0.0,0.0,0.0,0.0,0.0,0.0,0.0,0.0,0,0.0,OFFLINE,0.0,0,0
14:09:25.316,0,0,0,0.0,0.0,0.0,0.0,0.0,0.0,0.0,0.0,0.0,0.0,0.0,0,0.0,OFFLINE,0.0,0,0
14:09:25.810,0,0,0,0.0,0.0,0.0,0.0,0.0,0.0,0.0,0.0,0.0,0.0,0.0,0,0.0,OFFLINE,0.0,0,0
14:09:26.310,0,0,0,0.0,0.0,0.0,0.0,0.0,0.0,0.0,0.0,0.0,0.0,0.0,0,0.0,OFFLINE,0.0,0,0
14:09:26.806,0,0,0,0.0,0.0,0.0,0.0,0.0,0.0,0.0,0.0,0.0,0.0,0.0,0,0.0,OFFLINE,0.0,0,0
14:09:27.306,0,0,0,0.0,0.0,0.0,0.0,0.0,0.0,0.0,0.0,0.0,0.0,0.0,0,0.0,OFFLINE,0.0,0,0
14:09:27.816,0,0,0,0.0,0.0,0.0,0.0,0.0,0.0,0.0,0.0,0.0,0.0,0.0,0,0.0,OFFLINE,0.0,0,0
14:09:28.305,0,0,0,0.0,0.0,0.0,0.0,0.0,0.0,0.0,0.0,0.0,0.0,0.0,0,0.0,OFFLINE,0.0,0,0
14:09:28.805,0,0,0,0.0,0.0,0.0,0.0,0.0,0.0,0.0,0.0,0.0,0.0,0.0,0,0.0,OFFLINE,0.0,0,0
14:09:29.306,0,0,0,0.0,0.0,0.0,0.0,0.0,0.0,0.0,0.0,0.0,0.0,0.0,0,0.0,OFFLINE,0.0,0,0
14:09:29.808,0,0,0,0.0,0.0,0.0,0.0,0.0,0.0,0.0,0.0,0.0,0.0,0.0,0,0.0,OFFLINE,0.0,0,0
14:09:30.304,0,0,0,0.0,0.0,0.0,0.0,0.0,0.0,0.0,0.0,0.0,0.0,0.0,0,0.0,OFFLINE,0.0,0,0
14:09:30.808,0,0,0,0.0,0.0,0.0,0.0,0.0,0.0,0.0,0.0,0.0,0.0,0.0,0,0.0,OFFLINE,0.0,0,0
14:09:31.305,0,0,0,0.0,0.0,0.0,0.0,0.0,0.0,0.0,0.0,0.0,0.0,0.0,0,0.0,OFFLINE,0.0,0,0
14:09:31.808,0,0,0,0.0,0.0,0.0,0.0,0.0,0.0,0.0,0.0,0.0,0.0,0.0,0,0.0,OFFLINE,0.0,0,0
14:09:32.306,0,0,0,0.0,0.0,0.0,0.0,0.0,0.0,0.0,0.0,0.0,0.0,0.0,0,0.0,OFFLINE,0.0,0,0
14:09:32.808,0,0,0,0.0,0.0,0.0,0.0,0.0,0.0,0.0,0.0,0.0,0.0,0.0,0,0.0,OFFLINE,0.0,0,0
14:09:33.306,0,0,0,0.0,0.0,0.0,0.0,0.0,0.0,0.0,0.0,0.0,0.0,0.0,0,0.0,OFFLINE,0.0,0,0
14:09:33.808,0,0,0,0.0,0.0,0.0,0.0,0.0,0.0,0.0,0.0,0.0,0.0,0.0,0,0.0,OFFLINE,0.0,0,0
14:09:34.306,0,0,0,0.0,0.0,0.0,0.0,0.0,0.0,0.0,0.0,0.0,0.0,0.0,0,0.0,OFFLINE,0.0,0,0
14:09:34.810,0,0,0,0.0,0.0,0.0,0.0,0.0,0.0,0.0,0.0,0.0,0.0,0.0,0,0.0,OFFLINE,0.0,0,0
14:09:35.306,0,0,0,0.0,0.0,0.0,0.0,0.0,0.0,0.0,0.0,0.0,0.0,0.0,0,0.0,OFFLINE,0.0,0,0
14:09:35.808,0,0,0,0.0,0.0,0.0,0.0,0.0,0.0,0.0,0.0,0.0,0.0,0.0,0,0.0,OFFLINE,0.0,0,0
14:09:36.306,0,0,0,0.0,0.0,0.0,0.0,0.0,0.0,0.0,0.0,0.0,0.0,0.0,0,0.0,OFFLINE,0.0,0,0
14:09:36.825,0,0,0,0.0,0.0,0.0,0.0,0.0,0.0,0.0,0.0,0.0,0.0,0.0,0,0.0,OFFLINE,0.0,0,0
14:09:37.322,0,0,0,0.0,0.0,0.0,0.0,0.0,0.0,0.0,0.0,0.0,0.0,0.0,0,0.0,OFFLINE,0.0,0,0
14:09:37.829,0,0,0,0.0,0.0,0.0,0.0,0.0,0.0,0.0,0.0,0.0,0.0,0.0,0,0.0,OFFLINE,0.0,0,0
14:09:38.325,0,0,0,0.0,0.0,0.0,0.0,0.0,0.0,0.0,0.0,0.0,0.0,0.0,0,0.0,OFFLINE,0.0,0,0
14:09:38.819,0,0,0,0.0,0.0,0.0,0.0,0.0,0.0,0.0,0.0,0.0,0.0,0.0,0,0.0,OFFLINE,0.0,0,0
14:09:39.329,0,0,0,0.0,0.0,0.0,0.0,0.0,0.0,0.0,0.0,0.0,0.0,0.0,0,0.0,OFFLINE,0.0,0,0
14:09:39.825,0,0,0,0.0,0.0,0.0,0.0,0.0,0.0,0.0,0.0,0.0,0.0,0.0,0,0.0,OFFLINE,0.0,0,0
14:09:40.326,0,0,0,0.0,0.0,0.0,0.0,0.0,0.0,0.0,0.0,0.0,0.0,0.0,0,0.0,OFFLINE,0.0,0,0
14:09:40.823,0,0,0,0.0,0.0,0.0,0.0,0.0,0.0,0.0,0.0,0.0,0.0,0.0,0,0.0,OFFLINE,0.0,0,0
14:09:41.324,0,0,0,0.0,0.0,0.0,0.0,0.0,0.0,0.0,0.0,0.0,0.0,0.0,0,0.0,OFFLINE,0.0,0,0
14:09:41.820,0,0,0,0.0,0.0,0.0,0.0,0.0,0.0,0.0,0.0,0.0,0.0,0.0,0,0.0,OFFLINE,0.0,0,0
14:09:42.328,0,0,0,0.0,0.0,0.0,0.0,0.0,0.0,0.0,0.0,0.0,0.0,0.0,0,0.0,OFFLINE,0.0,0,0
14:09:42.824,0,0,0,0.0,0.0,0.0,0.0,0.0,0.0,0.0,0.0,0.0,0.0,0.0,0,0.0,OFFLINE,0.0,0,0
14:09:43.321,0,0,0,0.0,0.0,0.0,0.0,0.0,0.0,0.0,0.0,0.0,0.0,0.0,0,0.0,OFFLINE,0.0,0,0
14:09:43.821,0,0,0,0.0,0.0,0.0,0.0,0.0,0.0,0.0,0.0,0.0,0.0,0.0,0,0.0,OFFLINE,0.0,0,0
14:09:44.322,0,0,0,0.0,0.0,0.0,0.0,0.0,0.0,0.0,0.0,0.0,0.0,0.0,0,0.0,OFFLINE,0.0,0,0
14:09:44.825,0,0,0,0.0,0.0,0.0,0.0,0.0,0.0,0.0,0.0,0.0,0.0,0.0,0,0.0,OFFLINE,0.0,0,0
14:09:45.322,0,0,0,0.0,0.0,0.0,0.0,0.0,0.0,0.0,0.0,0.0,0.0,0.0,0,0.0,OFFLINE,0.0,0,0
14:09:45.826,0,0,0,0.0,0.0,0.0,0.0,0.0,0.0,0.0,0.0,0.0,0.0,0.0,0,0.0,OFFLINE,0.0,0,0
14:09:46.324,0,0,0,0.0,0.0,0.0,0.0,0.0,0.0,0.0,0.0,0.0,0.0,0.0,0,0.0,OFFLINE,0.0,0,0
14:09:46.824,0,0,0,0.0,0.0,0.0,0.0,0.0,0.0,0.0,0.0,0.0,0.0,0.0,0,0.0,OFFLINE,0.0,0,0
14:09:47.329,0,0,0,0.0,0.0,0.0,0.0,0.0,0.0,0.0,0.0,0.0,0.0,0.0,0,0.0,OFFLINE,0.0,0,0
14:09:47.826,0,0,0,0.0,0.0,0.0,0.0,0.0,0.0,0.0,0.0,0.0,0.0,0.0,0,0.0,OFFLINE,0.0,0,0
14:09:48.322,0,0,0,0.0,0.0,0.0,0.0,0.0,0.0,0.0,0.0,0.0,0.0,0.0,0,0.0,OFFLINE,0.0,0,0
14:09:48.824,0,0,0,0.0,0.0,0.0,0.0,0.0,0.0,0.0,0.0,0.0,0.0,0.0,0,0.0,OFFLINE,0.0,0,0
14:09:49.322,0,0,0,0.0,0.0,0.0,0.0,0.0,0.0,0.0,0.0,0.0,0.0,0.0,0,0.0,OFFLINE,0.0,0,0
14:09:49.825,0,0,0,0.0,0.0,0.0,0.0,0.0,0.0,0.0,0.0,0.0,0.0,0.0,0,0.0,OFFLINE,0.0,0,0
14:09:50.329,0,0,0,0.0,0.0,0.0,0.0,0.0,0.0,0.0,0.0,0.0,0.0,0.0,0,0.0,OFFLINE,0.0,0,0
14:09:50.825,0,0,0,0.0,0.0,0.0,0.0,0.0,0.0,0.0,0.0,0.0,0.0,0.0,0,0.0,OFFLINE,0.0,0,0
14:09:51.321,0,0,0,0.0,0.0,0.0,0.0,0.0,0.0,0.0,0.0,0.0,0.0,0.0,0,0.0,OFFLINE,0.0,0,0
14:09:51.825,0,0,0,0.0,0.0,0.0,0.0,0.0,0.0,0.0,0.0,0.0,0.0,0.0,0,0.0,OFFLINE,0.0,0,0
14:09:52.323,0,0,0,0.0,0.0,0.0,0.0,0.0,0.0,0.0,0.0,0.0,0.0,0.0,0,0.0,OFFLINE,0.0,0,0
14:09:52.822,0,0,0,0.0,0.0,0.0,0.0,0.0,0.0,0.0,0.0,0.0,0.0,0.0,0,0.0,OFFLINE,0.0,0,0
14:09:53.321,0,0,0,0.0,0.0,0.0,0.0,0.0,0.0,0.0,0.0,0.0,0.0,0.0,0,0.0,OFFLINE,0.0,0,0
14:09:53.826,0,0,0,0.0,0.0,0.0,0.0,0.0,0.0,0.0,0.0,0.0,0.0,0.0,0,0.0,OFFLINE,0.0,0,0
14:09:54.325,0,0,0,0.0,0.0,0.0,0.0,0.0,0.0,0.0,0.0,0.0,0.0,0.0,0,0.0,OFFLINE,0.0,0,0
14:09:54.824,0,0,0,0.0,0.0,0.0,0.0,0.0,0.0,0.0,0.0,0.0,0.0,0.0,0,0.0,OFFLINE,0.0,0,0
14:09:55.322,0,0,0,0.0,0.0,0.0,0.0,0.0,0.0,0.0,0.0,0.0,0.0,0.0,0,0.0,OFFLINE,0.0,0,0
14:09:55.824,0,0,0,0.0,0.0,0.0,0.0,0.0,0.0,0.0,0.0,0.0,0.0,0.0,0,0.0,OFFLINE,0.0,0,0
14:09:56.319,0,0,0,0.0,0.0,0.0,0.0,0.0,0.0,0.0,0.0,0.0,0.0,0.0,0,0.0,OFFLINE,0.0,0,0
14:09:56.823,0,0,0,0.0,0.0,0.0,0.0,0.0,0.0,0.0,0.0,0.0,0.0,0.0,0,0.0,OFFLINE,0.0,0,0
14:09:57.322,0,0,0,0.0,0.0,0.0,0.0,0.0,0.0,0.0,0.0,0.0,0.0,0.0,0,0.0,OFFLINE,0.0,0,0
14:09:57.832,0,0,0,0.0,0.0,0.0,0.0,0.0,0.0,0.0,0.0,0.0,0.0,0.0,0,0.0,OFFLINE,0.0,0,0
14:09:58.321,0,0,0,0.0,0.0,0.0,0.0,0.0,0.0,0.0,0.0,0.0,0.0,0.0,0,0.0,OFFLINE,0.0,0,0
14:09:58.824,0,0,0,0.0,0.0,0.0,0.0,0.0,0.0,0.0,0.0,0.0,0.0,0.0,0,0.0,OFFLINE,0.0,0,0
14:09:59.322,0,0,0,0.0,0.0,0.0,0.0,0.0,0.0,0.0,0.0,0.0,0.0,0.0,0,0.0,OFFLINE,0.0,0,0
14:09:59.820,0,0,0,0.0,0.0,0.0,0.0,0.0,0.0,0.0,0.0,0.0,0.0,0.0,0,0.0,OFFLINE,0.0,0,0
14:10:00.323,0,0,0,0.0,0.0,0.0,0.0,0.0,0.0,0.0,0.0,0.0,0.0,0.0,0,0.0,OFFLINE,0.0,0,0
14:10:00.823,0,0,0,0.0,0.0,0.0,0.0,0.0,0.0,0.0,0.0,0.0,0.0,0.0,0,0.0,OFFLINE,0.0,0,0
14:10:01.322,0,0,0,0.0,0.0,0.0,0.0,0.0,0.0,0.0,0.0,0.0,0.0,0.0,0,0.0,OFFLINE,0.0,0,0
14:10:01.826,0,0,0,0.0,0.0,0.0,0.0,0.0,0.0,0.0,0.0,0.0,0.0,0.0,0,0.0,OFFLINE,0.0,0,0
14:10:02.322,0,0,0,0.0,0.0,0.0,0.0,0.0,0.0,0.0,0.0,0.0,0.0,0.0,0,0.0,OFFLINE,0.0,0,0
14:10:02.825,0,0,0,0.0,0.0,0.0,0.0,0.0,0.0,0.0,0.0,0.0,0.0,0.0,0,0.0,OFFLINE,0.0,0,0
14:10:03.322,0,0,0,0.0,0.0,0.0,0.0,0.0,0.0,0.0,0.0,0.0,0.0,0.0,0,0.0,OFFLINE,0.0,0,0
14:10:03.828,0,0,0,0.0,0.0,0.0,0.0,0.0,0.0,0.0,0.0,0.0,0.0,0.0,0,0.0,OFFLINE,0.0,0,0
14:10:04.327,0,0,0,0.0,0.0,0.0,0.0,0.0,0.0,0.0,0.0,0.0,0.0,0.0,0,0.0,OFFLINE,0.0,0,0
14:10:04.825,0,0,0,0.0,0.0,0.0,0.0,0.0,0.0,0.0,0.0,0.0,0.0,0.0,0,0.0,OFFLINE,0.0,0,0
14:10:05.320,0,0,0,0.0,0.0,0.0,0.0,0.0,0.0,0.0,0.0,0.0,0.0,0.0,0,0.0,OFFLINE,0.0,0,0
14:10:05.822,0,0,0,0.0,0.0,0.0,0.0,0.0,0.0,0.0,0.0,0.0,0.0,0.0,0,0.0,OFFLINE,0.0,0,0
14:10:06.320,0,0,0,0.0,0.0,0.0,0.0,0.0,0.0,0.0,0.0,0.0,0.0,0.0,0,0.0,OFFLINE,0.0,0,0
14:10:06.823,0,0,0,0.0,0.0,0.0,0.0,0.0,0.0,0.0,0.0,0.0,0.0,0.0,0,0.0,OFFLINE,0.0,0,0
14:10:07.320,0,0,0,0.0,0.0,0.0,0.0,0.0,0.0,0.0,0.0,0.0,0.0,0.0,0,0.0,OFFLINE,0.0,0,0
14:10:07.831,0,0,0,0.0,0.0,0.0,0.0,0.0,0.0,0.0,0.0,0.0,0.0,0.0,0,0.0,OFFLINE,0.0,0,0
14:10:08.328,0,0,0,0.0,0.0,0.0,0.0,0.0,0.0,0.0,0.0,0.0,0.0,0.0,0,0.0,OFFLINE,0.0,0,0
14:10:08.824,0,0,0,0.0,0.0,0.0,0.0,0.0,0.0,0.0,0.0,0.0,0.0,0.0,0,0.0,OFFLINE,0.0,0,0
14:10:09.321,0,0,0,0.0,0.0,0.0,0.0,0.0,0.0,0.0,0.0,0.0,0.0,0.0,0,0.0,OFFLINE,0.0,0,0
14:10:09.823,0,0,0,0.0,0.0,0.0,0.0,0.0,0.0,0.0,0.0,0.0,0.0,0.0,0,0.0,OFFLINE,0.0,0,0
14:10:10.319,0,0,0,0.0,0.0,0.0,0.0,0.0,0.0,0.0,0.0,0.0,0.0,0.0,0,0.0,OFFLINE,0.0,0,0
14:10:10.824,0,0,0,0.0,0.0,0.0,0.0,0.0,0.0,0.0,0.0,0.0,0.0,0.0,0,0.0,OFFLINE,0.0,0,0
14:10:11.322,0,0,0,0.0,0.0,0.0,0.0,0.0,0.0,0.0,0.0,0.0,0.0,0.0,0,0.0,OFFLINE,0.0,0,0
14:10:11.826,0,0,0,0.0,0.0,0.0,0.0,0.0,0.0,0.0,0.0,0.0,0.0,0.0,0,0.0,OFFLINE,0.0,0,0
14:10:12.322,0,0,0,0.0,0.0,0.0,0.0,0.0,0.0,0.0,0.0,0.0,0.0,0.0,0,0.0,OFFLINE,0.0,0,0
14:10:12.825,0,0,0,0.0,0.0,0.0,0.0,0.0,0.0,0.0,0.0,0.0,0.0,0.0,0,0.0,OFFLINE,0.0,0,0
14:10:13.322,0,0,0,0.0,0.0,0.0,0.0,0.0,0.0,0.0,0.0,0.0,0.0,0.0,0,0.0,OFFLINE,0.0,0,0
14:10:13.822,0,0,0,0.0,0.0,0.0,0.0,0.0,0.0,0.0,0.0,0.0,0.0,0.0,0,0.0,OFFLINE,0.0,0,0
14:10:14.322,0,0,0,0.0,0.0,0.0,0.0,0.0,0.0,0.0,0.0,0.0,0.0,0.0,0,0.0,OFFLINE,0.0,0,0
14:10:14.824,0,0,0,0.0,0.0,0.0,0.0,0.0,0.0,0.0,0.0,0.0,0.0,0.0,0,0.0,OFFLINE,0.0,0,0
14:10:15.321,0,0,0,0.0,0.0,0.0,0.0,0.0,0.0,0.0,0.0,0.0,0.0,0.0,0,0.0,OFFLINE,0.0,0,0
14:10:15.830,0,0,0,0.0,0.0,0.0,0.0,0.0,0.0,0.0,0.0,0.0,0.0,0.0,0,0.0,OFFLINE,0.0,0,0
14:10:16.327,0,0,0,0.0,0.0,0.0,0.0,0.0,0.0,0.0,0.0,0.0,0.0,0.0,0,0.0,OFFLINE,0.0,0,0
14:10:16.824,0,0,0,0.0,0.0,0.0,0.0,0.0,0.0,0.0,0.0,0.0,0.0,0.0,0,0.0,OFFLINE,0.0,0,0
14:10:17.322,0,0,0,0.0,0.0,0.0,0.0,0.0,0.0,0.0,0.0,0.0,0.0,0.0,0,0.0,OFFLINE,0.0,0,0
14:10:17.820,0,0,0,0.0,0.0,0.0,0.0,0.0,0.0,0.0,0.0,0.0,0.0,0.0,0,0.0,OFFLINE,0.0,0,0
14:10:18.321,0,0,0,0.0,0.0,0.0,0.0,0.0,0.0,0.0,0.0,0.0,0.0,0.0,0,0.0,OFFLINE,0.0,0,0
14:10:18.824,0,0,0,0.0,0.0,0.0,0.0,0.0,0.0,0.0,0.0,0.0,0.0,0.0,0,0.0,OFFLINE,0.0,0,0
14:10:19.322,0,0,0,0.0,0.0,0.0,0.0,0.0,0.0,0.0,0.0,0.0,0.0,0.0,0,0.0,OFFLINE,0.0,0,0
14:10:19.823,0,0,0,0.0,0.0,0.0,0.0,0.0,0.0,0.0,0.0,0.0,0.0,0.0,0,0.0,OFFLINE,0.0,0,0
14:10:20.321,0,0,0,0.0,0.0,0.0,0.0,0.0,0.0,0.0,0.0,0.0,0.0,0.0,0,0.0,OFFLINE,0.0,0,0
14:10:20.822,0,0,0,0.0,0.0,0.0,0.0,0.0,0.0,0.0,0.0,0.0,0.0,0.0,0,0.0,OFFLINE,0.0,0,0
14:10:21.321,0,0,0,0.0,0.0,0.0,0.0,0.0,0.0,0.0,0.0,0.0,0.0,0.0,0,0.0,OFFLINE,0.0,0,0
14:10:21.826,0,0,0,0.0,0.0,0.0,0.0,0.0,0.0,0.0,0.0,0.0,0.0,0.0,0,0.0,OFFLINE,0.0,0,0
14:10:22.326,0,0,0,0.0,0.0,0.0,0.0,0.0,0.0,0.0,0.0,0.0,0.0,0.0,0,0.0,OFFLINE,0.0,0,0
14:10:22.822,0,0,0,0.0,0.0,0.0,0.0,0.0,0.0,0.0,0.0,0.0,0.0,0.0,0,0.0,OFFLINE,0.0,0,0
14:10:23.334,0,0,0,0.0,0.0,0.0,0.0,0.0,0.0,0.0,0.0,0.0,0.0,0.0,0,0.0,OFFLINE,0.0,0,0
14:10:23.832,0,0,0,0.0,0.0,0.0,0.0,0.0,0.0,0.0,0.0,0.0,0.0,0.0,0,0.0,OFFLINE,0.0,0,0
14:10:24.321,0,0,0,0.0,0.0,0.0,0.0,0.0,0.0,0.0,0.0,0.0,0.0,0.0,0,0.0,OFFLINE,0.0,0,0
14:10:24.824,0,0,0,0.0,0.0,0.0,0.0,0.0,0.0,0.0,0.0,0.0,0.0,0.0,0,0.0,OFFLINE,0.0,0,0
14:10:25.330,0,0,0,0.0,0.0,0.0,0.0,0.0,0.0,0.0,0.0,0.0,0.0,0.0,0,0.0,OFFLINE,0.0,0,0
14:10:25.821,0,0,0,0.0,0.0,0.0,0.0,0.0,0.0,0.0,0.0,0.0,0.0,0.0,0,0.0,OFFLINE,0.0,0,0
14:10:26.321,0,0,0,0.0,0.0,0.0,0.0,0.0,0.0,0.0,0.0,0.0,0.0,0.0,0,0.0,OFFLINE,0.0,0,0
14:10:26.840,0,0,0,0.0,0.0,0.0,0.0,0.0,0.0,0.0,0.0,0.0,0.0,0.0,0,0.0,OFFLINE,0.0,0,0
14:10:27.345,0,0,0,0.0,0.0,0.0,0.0,0.0,0.0,0.0,0.0,0.0,0.0,0.0,0,0.0,OFFLINE,0.0,0,0
14:10:27.841,0,0,0,0.0,0.0,0.0,0.0,0.0,0.0,0.0,0.0,0.0,0.0,0.0,0,0.0,OFFLINE,0.0,0,0
14:10:28.343,0,0,0,0.0,0.0,0.0,0.0,0.0,0.0,0.0,0.0,0.0,0.0,0.0,0,0.0,OFFLINE,0.0,0,0
14:10:28.840,0,0,0,0.0,0.0,0.0,0.0,0.0,0.0,0.0,0.0,0.0,0.0,0.0,0,0.0,OFFLINE,0.0,0,0
14:10:29.352,0,0,0,0.0,0.0,0.0,0.0,0.0,0.0,0.0,0.0,0.0,0.0,0.0,0,0.0,OFFLINE,0.0,0,0
14:10:29.853,0,0,0,0.0,0.0,0.0,0.0,0.0,0.0,0.0,0.0,0.0,0.0,0.0,0,0.0,OFFLINE,0.0,0,0
14:10:30.355,0,0,0,0.0,0.0,0.0,0.0,0.0,0.0,0.0,0.0,0.0,0.0,0.0,0,0.0,OFFLINE,0.0,0,0
14:10:30.852,0,0,0,0.0,0.0,0.0,0.0,0.0,0.0,0.0,0.0,0.0,0.0,0.0,0,0.0,OFFLINE,0.0,0,0
14:10:31.355,0,0,0,0.0,0.0,0.0,0.0,0.0,0.0,0.0,0.0,0.0,0.0,0.0,0,0.0,OFFLINE,0.0,0,0
14:10:31.854,0,0,0,0.0,0.0,0.0,0.0,0.0,0.0,0.0,0.0,0.0,0.0,0.0,0,0.0,OFFLINE,0.0,0,0
14:10:32.361,0,0,0,0.0,0.0,0.0,0.0,0.0,0.0,0.0,0.0,0.0,0.0,0.0,0,0.0,OFFLINE,0.0,0,0
14:10:32.858,0,0,0,0.0,0.0,0.0,0.0,0.0,0.0,0.0,0.0,0.0,0.0,0.0,0,0.0,OFFLINE,0.0,0,0
14:10:33.353,0,0,0,0.0,0.0,0.0,0.0,0.0,0.0,0.0,0.0,0.0,0.0,0.0,0,0.0,OFFLINE,0.0,0,0
14:10:33.854,0,0,0,0.0,0.0,0.0,0.0,0.0,0.0,0.0,0.0,0.0,0.0,0.0,0,0.0,OFFLINE,0.0,0,0
14:10:34.357,0,0,0,0.0,0.0,0.0,0.0,0.0,0.0,0.0,0.0,0.0,0.0,0.0,0,0.0,OFFLINE,0.0,0,0
14:10:34.871,0,0,0,0.0,0.0,0.0,0.0,0.0,0.0,0.0,0.0,0.0,0.0,0.0,0,0.0,OFFLINE,0.0,0,0
14:10:35.369,0,0,0,0.0,0.0,0.0,0.0,0.0,0.0,0.0,0.0,0.0,0.0,0.0,0,0.0,OFFLINE,0.0,0,0
14:10:35.871,0,0,0,0.0,0.0,0.0,0.0,0.0,0.0,0.0,0.0,0.0,0.0,0.0,0,0.0,OFFLINE,0.0,0,0
14:50:48.816,0,0,0,0.0,0.0,0.0,0.0,0.0,0.0,0.0,0.0,0.0,0.0,0.0,0,0.0,OFFLINE,0.0,0,0
14:50:49.318,0,0,0,0.0,0.0,0.0,0.0,0.0,0.0,0.0,0.0,0.0,0.0,0.0,0,0.0,OFFLINE,0.0,0,0
14:50:49.814,0,0,0,0.0,0.0,0.0,0.0,0.0,0.0,0.0,0.0,0.0,0.0,0.0,0,0.0,OFFLINE,0.0,0,0
14:50:50.314,0,0,0,0.0,0.0,0.0,0.0,0.0,0.0,0.0,0.0,0.0,0.0,0.0,0,0.0,OFFLINE,0.0,0,0
14:50:50.815,0,0,0,0.0,0.0,0.0,0.0,0.0,0.0,0.0,0.0,0.0,0.0,0.0,0,0.0,OFFLINE,0.0,0,0
14:50:51.313,0,0,0,0.0,0.0,0.0,0.0,0.0,0.0,0.0,0.0,0.0,0.0,0.0,0,0.0,OFFLINE,0.0,0,0
14:50:51.815,0,0,0,0.0,0.0,0.0,0.0,0.0,0.0,0.0,0.0,0.0,0.0,0.0,0,0.0,OFFLINE,0.0,0,0
14:50:52.316,0,0,0,0.0,0.0,0.0,0.0,0.0,0.0,0.0,0.0,0.0,0.0,0.0,0,0.0,OFFLINE,0.0,0,0
14:50:52.820,0,0,0,0.0,0.0,0.0,0.0,0.0,0.0,0.0,0.0,0.0,0.0,0.0,0,0.0,OFFLINE,0.0,0,0
14:50:53.317,0,0,0,0.0,0.0,0.0,0.0,0.0,0.0,0.0,0.0,0.0,0.0,0.0,0,0.0,OFFLINE,0.0,0,0
14:50:53.816,0,0,0,0.0,0.0,0.0,0.0,0.0,0.0,0.0,0.0,0.0,0.0,0.0,0,0.0,OFFLINE,0.0,0,0
14:50:54.316,0,0,0,0.0,0.0,0.0,0.0,0.0,0.0,0.0,0.0,0.0,0.0,0.0,0,0.0,OFFLINE,0.0,0,0
14:50:54.822,0,0,0,0.0,0.0,0.0,0.0,0.0,0.0,0.0,0.0,0.0,0.0,0.0,0,0.0,OFFLINE,0.0,0,0
14:50:55.318,0,0,0,0.0,0.0,0.0,0.0,0.0,0.0,0.0,0.0,0.0,0.0,0.0,0,0.0,OFFLINE,0.0,0,0
14:50:55.831,0,0,0,0.0,0.0,0.0,0.0,0.0,0.0,0.0,0.0,0.0,0.0,0.0,0,0.0,OFFLINE,0.0,0,0
14:50:56.336,0,0,0,0.0,0.0,0.0,0.0,0.0,0.0,0.0,0.0,0.0,0.0,0.0,0,0.0,OFFLINE,0.0,0,0
14:50:56.837,0,0,0,0.0,0.0,0.0,0.0,0.0,0.0,0.0,0.0,0.0,0.0,0.0,0,0.0,OFFLINE,0.0,0,0
14:50:57.333,0,0,0,0.0,0.0,0.0,0.0,0.0,0.0,0.0,0.0,0.0,0.0,0.0,0,0.0,OFFLINE,0.0,0,0
14:50:57.830,0,0,0,0.0,0.0,0.0,0.0,0.0,0.0,0.0,0.0,0.0,0.0,0.0,0,0.0,OFFLINE,0.0,0,0
14:50:58.342,0,0,0,0.0,0.0,0.0,0.0,0.0,0.0,0.0,0.0,0.0,0.0,0.0,0,0.0,OFFLINE,0.0,0,0
14:50:58.837,0,0,0,0.0,0.0,0.0,0.0,0.0,0.0,0.0,0.0,0.0,0.0,0.0,0,0.0,OFFLINE,0.0,0,0
14:50:59.394,0,0,0,0.0,0.0,0.0,0.0,0.0,0.0,0.0,0.0,0.0,0.0,0.0,0,0.0,OFFLINE,0.0,0,0
14:50:59.892,0,0,0,0.0,0.0,0.0,0.0,0.0,0.0,0.0,0.0,0.0,0.0,0.0,0,0.0,OFFLINE,0.0,0,0
14:51:00.394,0,0,0,0.0,0.0,0.0,0.0,0.0,0.0,0.0,0.0,0.0,0.0,0.0,0,0.0,OFFLINE,0.0,0,0
14:51:00.894,0,0,0,0.0,0.0,0.0,0.0,0.0,0.0,0.0,0.0,0.0,0.0,0.0,0,0.0,OFFLINE,0.0,0,0
14:51:01.330,0,0,0,0.0,0.0,0.0,0.0,0.0,0.0,0.0,0.0,0.0,0.0,0.0,0,0.0,OFFLINE,0.0,0,0
14:51:01.838,0,0,0,0.0,0.0,0.0,0.0,0.0,0.0,0.0,0.0,0.0,0.0,0.0,0,0.0,OFFLINE,0.0,0,0
14:51:02.332,0,0,0,0.0,0.0,0.0,0.0,0.0,0.0,0.0,0.0,0.0,0.0,0.0,0,0.0,OFFLINE,0.0,0,0
14:51:02.864,0,0,0,0.0,0.0,0.0,0.0,0.0,0.0,0.0,0.0,0.0,0.0,0.0,0,0.0,OFFLINE,0.0,0,0
14:51:03.370,0,0,0,0.0,0.0,0.0,0.0,0.0,0.0,0.0,0.0,0.0,0.0,0.0,0,0.0,OFFLINE,0.0,0,0
14:51:03.860,0,0,0,0.0,0.0,0.0,0.0,0.0,0.0,0.0,0.0,0.0,0.0,0.0,0,0.0,OFFLINE,0.0,0,0
14:51:04.362,0,0,0,0.0,0.0,0.0,0.0,0.0,0.0,0.0,0.0,0.0,0.0,0.0,0,0.0,OFFLINE,0.0,0,0
14:51:04.863,0,0,0,0.0,0.0,0.0,0.0,0.0,0.0,0.0,0.0,0.0,0.0,0.0,0,0.0,OFFLINE,0.0,0,0
14:51:05.361,0,0,0,0.0,0.0,0.0,0.0,0.0,0.0,0.0,0.0,0.0,0.0,0.0,0,0.0,OFFLINE,0.0,0,0
14:51:05.929,0,0,0,0.0,0.0,0.0,0.0,0.0,0.0,0.0,0.0,0.0,0.0,0.0,0,0.0,OFFLINE,0.0,0,0
14:51:06.430,0,0,0,0.0,0.0,0.0,0.0,0.0,0.0,0.0,0.0,0.0,0.0,0.0,0,0.0,OFFLINE,0.0,0,0
14:51:06.930,0,0,0,0.0,0.0,0.0,0.0,0.0,0.0,0.0,0.0,0.0,0.0,0.0,0,0.0,OFFLINE,0.0,0,0
14:51:07.433,0,0,0,0.0,0.0,0.0,0.0,0.0,0.0,0.0,0.0,0.0,0.0,0.0,0,0.0,OFFLINE,0.0,0,0
14:51:07.899,0,0,0,0.0,0.0,0.0,0.0,0.0,0.0,0.0,0.0,0.0,0.0,0.0,0,0.0,OFFLINE,0.0,0,0
14:51:08.415,0,0,0,0.0,0.0,0.0,0.0,0.0,0.0,0.0,0.0,0.0,0.0,0.0,0,0.0,OFFLINE,0.0,0,0
14:51:08.911,0,0,0,0.0,0.0,0.0,0.0,0.0,0.0,0.0,0.0,0.0,0.0,0.0,0,0.0,OFFLINE,0.0,0,0
14:51:09.411,0,0,0,0.0,0.0,0.0,0.0,0.0,0.0,0.0,0.0,0.0,0.0,0.0,0,0.0,OFFLINE,0.0,0,0
14:51:09.907,0,0,0,0.0,0.0,0.0,0.0,0.0,0.0,0.0,0.0,0.0,0.0,0.0,0,0.0,OFFLINE,0.0,0,0
14:51:10.407,0,0,0,0.0,0.0,0.0,0.0,0.0,0.0,0.0,0.0,0.0,0.0,0.0,0,0.0,OFFLINE,0.0,0,0
14:51:10.910,0,0,0,0.0,0.0,0.0,0.0,0.0,0.0,0.0,0.0,0.0,0.0,0.0,0,0.0,OFFLINE,0.0,0,0
14:51:11.410,0,0,0,0.0,0.0,0.0,0.0,0.0,0.0,0.0,0.0,0.0,0.0,0.0,0,0.0,OFFLINE,0.0,0,0
14:51:11.909,0,0,0,0.0,0.0,0.0,0.0,0.0,0.0,0.0,0.0,0.0,0.0,0.0,0,0.0,OFFLINE,0.0,0,0
14:51:12.408,0,0,0,0.0,0.0,0.0,0.0,0.0,0.0,0.0,0.0,0.0,0.0,0.0,0,0.0,OFFLINE,0.0,0,0
14:51:12.911,0,0,0,0.0,0.0,0.0,0.0,0.0,0.0,0.0,0.0,0.0,0.0,0.0,0,0.0,OFFLINE,0.0,0,0
14:51:13.410,0,0,0,0.0,0.0,0.0,0.0,0.0,0.0,0.0,0.0,0.0,0.0,0.0,0,0.0,OFFLINE,0.0,0,0
14:51:13.907,0,0,0,0.0,0.0,0.0,0.0,0.0,0.0,0.0,0.0,0.0,0.0,0.0,0,0.0,OFFLINE,0.0,0,0
14:51:14.408,0,0,0,0.0,0.0,0.0,0.0,0.0,0.0,0.0,0.0,0.0,0.0,0.0,0,0.0,OFFLINE,0.0,0,0
14:51:14.908,0,0,0,0.0,0.0,0.0,0.0,0.0,0.0,0.0,0.0,0.0,0.0,0.0,0,0.0,OFFLINE,0.0,0,0
14:51:15.409,0,0,0,0.0,0.0,0.0,0.0,0.0,0.0,0.0,0.0,0.0,0.0,0.0,0,0.0,OFFLINE,0.0,0,0
14:51:15.909,0,0,0,0.0,0.0,0.0,0.0,0.0,0.0,0.0,0.0,0.0,0.0,0.0,0,0.0,OFFLINE,0.0,0,0
14:51:16.409,0,0,0,0.0,0.0,0.0,0.0,0.0,0.0,0.0,0.0,0.0,0.0,0.0,0,0.0,OFFLINE,0.0,0,0
14:51:16.910,0,0,0,0.0,0.0,0.0,0.0,0.0,0.0,0.0,0.0,0.0,0.0,0.0,0,0.0,OFFLINE,0.0,0,0
14:51:17.407,0,0,0,0.0,0.0,0.0,0.0,0.0,0.0,0.0,0.0,0.0,0.0,0.0,0,0.0,OFFLINE,0.0,0,0
14:51:17.911,0,0,0,0.0,0.0,0.0,0.0,0.0,0.0,0.0,0.0,0.0,0.0,0.0,0,0.0,OFFLINE,0.0,0,0
14:51:18.409,0,0,0,0.0,0.0,0.0,0.0,0.0,0.0,0.0,0.0,0.0,0.0,0.0,0,0.0,OFFLINE,0.0,0,0
14:51:18.910,0,0,0,0.0,0.0,0.0,0.0,0.0,0.0,0.0,0.0,0.0,0.0,0.0,0,0.0,OFFLINE,0.0,0,0
14:51:19.411,0,0,0,0.0,0.0,0.0,0.0,0.0,0.0,0.0,0.0,0.0,0.0,0.0,0,0.0,OFFLINE,0.0,0,0
14:51:19.910,0,0,0,0.0,0.0,0.0,0.0,0.0,0.0,0.0,0.0,0.0,0.0,0.0,0,0.0,OFFLINE,0.0,0,0
14:51:20.408,0,0,0,0.0,0.0,0.0,0.0,0.0,0.0,0.0,0.0,0.0,0.0,0.0,0,0.0,OFFLINE,0.0,0,0
14:51:20.911,0,0,0,0.0,0.0,0.0,0.0,0.0,0.0,0.0,0.0,0.0,0.0,0.0,0,0.0,OFFLINE,0.0,0,0
14:51:21.407,0,0,0,0.0,0.0,0.0,0.0,0.0,0.0,0.0,0.0,0.0,0.0,0.0,0,0.0,OFFLINE,0.0,0,0
14:51:21.910,0,0,0,0.0,0.0,0.0,0.0,0.0,0.0,0.0,0.0,0.0,0.0,0.0,0,0.0,OFFLINE,0.0,0,0
14:51:22.407,0,0,0,0.0,0.0,0.0,0.0,0.0,0.0,0.0,0.0,0.0,0.0,0.0,0,0.0,OFFLINE,0.0,0,0
14:51:22.909,0,0,0,0.0,0.0,0.0,0.0,0.0,0.0,0.0,0.0,0.0,0.0,0.0,0,0.0,OFFLINE,0.0,0,0
14:51:23.409,0,0,0,0.0,0.0,0.0,0.0,0.0,0.0,0.0,0.0,0.0,0.0,0.0,0,0.0,OFFLINE,0.0,0,0
14:51:23.911,0,0,0,0.0,0.0,0.0,0.0,0.0,0.0,0.0,0.0,0.0,0.0,0.0,0,0.0,OFFLINE,0.0,0,0
14:51:24.412,0,0,0,0.0,0.0,0.0,0.0,0.0,0.0,0.0,0.0,0.0,0.0,0.0,0,0.0,OFFLINE,0.0,0,0
14:51:24.909,0,0,0,0.0,0.0,0.0,0.0,0.0,0.0,0.0,0.0,0.0,0.0,0.0,0,0.0,OFFLINE,0.0,0,0
14:51:25.411,0,0,0,0.0,0.0,0.0,0.0,0.0,0.0,0.0,0.0,0.0,0.0,0.0,0,0.0,OFFLINE,0.0,0,0
14:51:25.910,0,0,0,0.0,0.0,0.0,0.0,0.0,0.0,0.0,0.0,0.0,0.0,0.0,0,0.0,OFFLINE,0.0,0,0
14:51:26.407,0,0,0,0.0,0.0,0.0,0.0,0.0,0.0,0.0,0.0,0.0,0.0,0.0,0,0.0,OFFLINE,0.0,0,0
14:51:26.909,0,0,0,0.0,0.0,0.0,0.0,0.0,0.0,0.0,0.0,0.0,0.0,0.0,0,0.0,OFFLINE,0.0,0,0
14:51:27.409,0,0,0,0.0,0.0,0.0,0.0,0.0,0.0,0.0,0.0,0.0,0.0,0.0,0,0.0,OFFLINE,0.0,0,0
14:51:27.912,0,0,0,0.0,0.0,0.0,0.0,0.0,0.0,0.0,0.0,0.0,0.0,0.0,0,0.0,OFFLINE,0.0,0,0
14:51:28.410,0,0,0,0.0,0.0,0.0,0.0,0.0,0.0,0.0,0.0,0.0,0.0,0.0,0,0.0,OFFLINE,0.0,0,0
14:51:28.908,0,0,0,0.0,0.0,0.0,0.0,0.0,0.0,0.0,0.0,0.0,0.0,0.0,0,0.0,OFFLINE,0.0,0,0
14:51:29.408,0,0,0,0.0,0.0,0.0,0.0,0.0,0.0,0.0,0.0,0.0,0.0,0.0,0,0.0,OFFLINE,0.0,0,0
14:51:29.907,0,0,0,0.0,0.0,0.0,0.0,0.0,0.0,0.0,0.0,0.0,0.0,0.0,0,0.0,OFFLINE,0.0,0,0
14:51:30.409,0,0,0,0.0,0.0,0.0,0.0,0.0,0.0,0.0,0.0,0.0,0.0,0.0,0,0.0,OFFLINE,0.0,0,0
14:51:30.908,0,0,0,0.0,0.0,0.0,0.0,0.0,0.0,0.0,0.0,0.0,0.0,0.0,0,0.0,OFFLINE,0.0,0,0
14:51:31.410,0,0,0,0.0,0.0,0.0,0.0,0.0,0.0,0.0,0.0,0.0,0.0,0.0,0,0.0,OFFLINE,0.0,0,0
14:51:31.910,0,0,0,0.0,0.0,0.0,0.0,0.0,0.0,0.0,0.0,0.0,0.0,0.0,0,0.0,OFFLINE,0.0,0,0
14:51:32.410,0,0,0,0.0,0.0,0.0,0.0,0.0,0.0,0.0,0.0,0.0,0.0,0.0,0,0.0,OFFLINE,0.0,0,0
14:51:32.908,0,0,0,0.0,0.0,0.0,0.0,0.0,0.0,0.0,0.0,0.0,0.0,0.0,0,0.0,OFFLINE,0.0,0,0
14:51:33.409,0,0,0,0.0,0.0,0.0,0.0,0.0,0.0,0.0,0.0,0.0,0.0,0.0,0,0.0,OFFLINE,0.0,0,0
14:51:33.909,0,0,0,0.0,0.0,0.0,0.0,0.0,0.0,0.0,0.0,0.0,0.0,0.0,0,0.0,OFFLINE,0.0,0,0
14:51:34.411,0,0,0,0.0,0.0,0.0,0.0,0.0,0.0,0.0,0.0,0.0,0.0,0.0,0,0.0,OFFLINE,0.0,0,0
14:51:34.911,0,0,0,0.0,0.0,0.0,0.0,0.0,0.0,0.0,0.0,0.0,0.0,0.0,0,0.0,OFFLINE,0.0,0,0
14:51:35.409,0,0,0,0.0,0.0,0.0,0.0,0.0,0.0,0.0,0.0,0.0,0.0,0.0,0,0.0,OFFLINE,0.0,0,0
14:51:35.909,0,0,0,0.0,0.0,0.0,0.0,0.0,0.0,0.0,0.0,0.0,0.0,0.0,0,0.0,OFFLINE,0.0,0,0
14:51:36.408,0,0,0,0.0,0.0,0.0,0.0,0.0,0.0,0.0,0.0,0.0,0.0,0.0,0,0.0,OFFLINE,0.0,0,0
14:51:36.910,0,0,0,0.0,0.0,0.0,0.0,0.0,0.0,0.0,0.0,0.0,0.0,0.0,0,0.0,OFFLINE,0.0,0,0
14:51:37.411,0,0,0,0.0,0.0,0.0,0.0,0.0,0.0,0.0,0.0,0.0,0.0,0.0,0,0.0,OFFLINE,0.0,0,0
14:51:37.907,0,0,0,0.0,0.0,0.0,0.0,0.0,0.0,0.0,0.0,0.0,0.0,0.0,0,0.0,OFFLINE,0.0,0,0
14:51:38.408,0,0,0,0.0,0.0,0.0,0.0,0.0,0.0,0.0,0.0,0.0,0.0,0.0,0,0.0,OFFLINE,0.0,0,0
14:51:38.910,0,0,0,0.0,0.0,0.0,0.0,0.0,0.0,0.0,0.0,0.0,0.0,0.0,0,0.0,OFFLINE,0.0,0,0
14:51:39.409,0,0,0,0.0,0.0,0.0,0.0,0.0,0.0,0.0,0.0,0.0,0.0,0.0,0,0.0,OFFLINE,0.0,0,0
14:51:39.909,0,0,0,0.0,0.0,0.0,0.0,0.0,0.0,0.0,0.0,0.0,0.0,0.0,0,0.0,OFFLINE,0.0,0,0
14:51:40.410,0,0,0,0.0,0.0,0.0,0.0,0.0,0.0,0.0,0.0,0.0,0.0,0.0,0,0.0,OFFLINE,0.0,0,0
14:51:40.909,0,0,0,0.0,0.0,0.0,0.0,0.0,0.0,0.0,0.0,0.0,0.0,0.0,0,0.0,OFFLINE,0.0,0,0
14:51:41.411,0,0,0,0.0,0.0,0.0,0.0,0.0,0.0,0.0,0.0,0.0,0.0,0.0,0,0.0,OFFLINE,0.0,0,0
14:51:41.971,0,0,0,0.0,0.0,0.0,0.0,0.0,0.0,0.0,0.0,0.0,0.0,0.0,0,0.0,OFFLINE,0.0,0,0
14:51:42.410,0,0,0,0.0,0.0,0.0,0.0,0.0,0.0,0.0,0.0,0.0,0.0,0.0,0,0.0,OFFLINE,0.0,0,0
14:51:42.926,0,0,0,0.0,0.0,0.0,0.0,0.0,0.0,0.0,0.0,0.0,0.0,0.0,0,0.0,OFFLINE,0.0,0,0
14:51:43.442,0,0,0,0.0,0.0,0.0,0.0,0.0,0.0,0.0,0.0,0.0,0.0,0.0,0,0.0,OFFLINE,0.0,0,0
14:51:43.942,0,0,0,0.0,0.0,0.0,0.0,0.0,0.0,0.0,0.0,0.0,0.0,0.0,0,0.0,OFFLINE,0.0,0,0
14:51:44.460,0,0,0,0.0,0.0,0.0,0.0,0.0,0.0,0.0,0.0,0.0,0.0,0.0,0,0.0,OFFLINE,0.0,0,0
14:51:44.958,0,0,0,0.0,0.0,0.0,0.0,0.0,0.0,0.0,0.0,0.0,0.0,0.0,0,0.0,OFFLINE,0.0,0,0
14:51:45.408,0,0,0,0.0,0.0,0.0,0.0,0.0,0.0,0.0,0.0,0.0,0.0,0.0,0,0.0,OFFLINE,0.0,0,0
14:51:45.909,0,0,0,0.0,0.0,0.0,0.0,0.0,0.0,0.0,0.0,0.0,0.0,0.0,0,0.0,OFFLINE,0.0,0,0
14:51:46.409,0,0,0,0.0,0.0,0.0,0.0,0.0,0.0,0.0,0.0,0.0,0.0,0.0,0,0.0,OFFLINE,0.0,0,0
14:51:46.925,0,0,0,0.0,0.0,0.0,0.0,0.0,0.0,0.0,0.0,0.0,0.0,0.0,0,0.0,OFFLINE,0.0,0,0
14:51:47.424,0,0,0,0.0,0.0,0.0,0.0,0.0,0.0,0.0,0.0,0.0,0.0,0.0,0,0.0,OFFLINE,0.0,0,0
14:51:47.942,0,0,0,0.0,0.0,0.0,0.0,0.0,0.0,0.0,0.0,0.0,0.0,0.0,0,0.0,OFFLINE,0.0,0,0
14:51:48.440,0,0,0,0.0,0.0,0.0,0.0,0.0,0.0,0.0,0.0,0.0,0.0,0.0,0,0.0,OFFLINE,0.0,0,0
14:51:48.939,0,0,0,0.0,0.0,0.0,0.0,0.0,0.0,0.0,0.0,0.0,0.0,0.0,0,0.0,OFFLINE,0.0,0,0
14:51:49.441,0,0,0,0.0,0.0,0.0,0.0,0.0,0.0,0.0,0.0,0.0,0.0,0.0,0,0.0,OFFLINE,0.0,0,0
14:51:49.955,0,0,0,0.0,0.0,0.0,0.0,0.0,0.0,0.0,0.0,0.0,0.0,0.0,0,0.0,OFFLINE,0.0,0,0
14:51:50.408,0,0,0,0.0,0.0,0.0,0.0,0.0,0.0,0.0,0.0,0.0,0.0,0.0,0,0.0,OFFLINE,0.0,0,0
14:51:50.973,0,0,0,0.0,0.0,0.0,0.0,0.0,0.0,0.0,0.0,0.0,0.0,0.0,0,0.0,OFFLINE,0.0,0,0
14:51:51.484,0,0,0,0.0,0.0,0.0,0.0,0.0,0.0,0.0,0.0,0.0,0.0,0.0,0,0.0,OFFLINE,0.0,0,0
14:51:51.983,0,0,0,0.0,0.0,0.0,0.0,0.0,0.0,0.0,0.0,0.0,0.0,0.0,0,0.0,OFFLINE,0.0,0,0
14:51:52.479,0,0,0,0.0,0.0,0.0,0.0,0.0,0.0,0.0,0.0,0.0,0.0,0.0,0,0.0,OFFLINE,0.0,0,0
14:51:52.974,0,0,0,0.0,0.0,0.0,0.0,0.0,0.0,0.0,0.0,0.0,0.0,0.0,0,0.0,OFFLINE,0.0,0,0
14:51:53.490,0,0,0,0.0,0.0,0.0,0.0,0.0,0.0,0.0,0.0,0.0,0.0,0.0,0,0.0,OFFLINE,0.0,0,0
14:51:53.953,0,0,0,0.0,0.0,0.0,0.0,0.0,0.0,0.0,0.0,0.0,0.0,0.0,0,0.0,OFFLINE,0.0,0,0
14:51:54.484,0,0,0,0.0,0.0,0.0,0.0,0.0,0.0,0.0,0.0,0.0,0.0,0.0,0,0.0,OFFLINE,0.0,0,0
14:51:54.985,0,0,0,0.0,0.0,0.0,0.0,0.0,0.0,0.0,0.0,0.0,0.0,0.0,0,0.0,OFFLINE,0.0,0,0
14:51:55.502,0,0,0,0.0,0.0,0.0,0.0,0.0,0.0,0.0,0.0,0.0,0.0,0.0,0,0.0,OFFLINE,0.0,0,0
14:51:55.956,0,0,0,0.0,0.0,0.0,0.0,0.0,0.0,0.0,0.0,0.0,0.0,0.0,0,0.0,OFFLINE,0.0,0,0
14:51:56.456,0,0,0,0.0,0.0,0.0,0.0,0.0,0.0,0.0,0.0,0.0,0.0,0.0,0,0.0,OFFLINE,0.0,0,0
14:51:56.977,0,0,0,0.0,0.0,0.0,0.0,0.0,0.0,0.0,0.0,0.0,0.0,0.0,0,0.0,OFFLINE,0.0,0,0
14:51:57.493,0,0,0,0.0,0.0,0.0,0.0,0.0,0.0,0.0,0.0,0.0,0.0,0.0,0,0.0,OFFLINE,0.0,0,0
14:51:57.995,0,0,0,0.0,0.0,0.0,0.0,0.0,0.0,0.0,0.0,0.0,0.0,0.0,0,0.0,OFFLINE,0.0,0,0
14:51:58.500,0,0,0,0.0,0.0,0.0,0.0,0.0,0.0,0.0,0.0,0.0,0.0,0.0,0,0.0,OFFLINE,0.0,0,0
14:51:59.007,0,0,0,0.0,0.0,0.0,0.0,0.0,0.0,0.0,0.0,0.0,0.0,0.0,0,0.0,OFFLINE,0.0,0,0
14:51:59.504,0,0,0,0.0,0.0,0.0,0.0,0.0,0.0,0.0,0.0,0.0,0.0,0.0,0,0.0,OFFLINE,0.0,0,0
14:51:59.975,0,0,0,0.0,0.0,0.0,0.0,0.0,0.0,0.0,0.0,0.0,0.0,0.0,0,0.0,OFFLINE,0.0,0,0
14:52:00.473,0,0,0,0.0,0.0,0.0,0.0,0.0,0.0,0.0,0.0,0.0,0.0,0.0,0,0.0,OFFLINE,0.0,0,0
14:52:00.989,0,0,0,0.0,0.0,0.0,0.0,0.0,0.0,0.0,0.0,0.0,0.0,0.0,0,0.0,OFFLINE,0.0,0,0
14:52:01.489,0,0,0,0.0,0.0,0.0,0.0,0.0,0.0,0.0,0.0,0.0,0.0,0.0,0,0.0,OFFLINE,0.0,0,0
14:52:02.008,0,0,0,0.0,0.0,0.0,0.0,0.0,0.0,0.0,0.0,0.0,0.0,0.0,0,0.0,OFFLINE,0.0,0,0
14:52:02.523,0,0,0,0.0,0.0,0.0,0.0,0.0,0.0,0.0,0.0,0.0,0.0,0.0,0,0.0,OFFLINE,0.0,0,0
14:52:02.974,0,0,0,0.0,0.0,0.0,0.0,0.0,0.0,0.0,0.0,0.0,0.0,0.0,0,0.0,OFFLINE,0.0,0,0
14:52:03.489,0,0,0,0.0,0.0,0.0,0.0,0.0,0.0,0.0,0.0,0.0,0.0,0.0,0,0.0,OFFLINE,0.0,0,0
14:52:04.023,0,0,0,0.0,0.0,0.0,0.0,0.0,0.0,0.0,0.0,0.0,0.0,0.0,0,0.0,OFFLINE,0.0,0,0
14:52:04.488,0,0,0,0.0,0.0,0.0,0.0,0.0,0.0,0.0,0.0,0.0,0.0,0.0,0,0.0,OFFLINE,0.0,0,0
14:52:05.005,0,0,0,0.0,0.0,0.0,0.0,0.0,0.0,0.0,0.0,0.0,0.0,0.0,0,0.0,OFFLINE,0.0,0,0
14:52:05.507,0,0,0,0.0,0.0,0.0,0.0,0.0,0.0,0.0,0.0,0.0,0.0,0.0,0,0.0,OFFLINE,0.0,0,0
14:52:06.022,0,0,0,0.0,0.0,0.0,0.0,0.0,0.0,0.0,0.0,0.0,0.0,0.0,0,0.0,OFFLINE,0.0,0,0
14:52:06.482,0,0,0,0.0,0.0,0.0,0.0,0.0,0.0,0.0,0.0,0.0,0.0,0.0,0,0.0,OFFLINE,0.0,0,0
14:52:06.989,0,0,0,0.0,0.0,0.0,0.0,0.0,0.0,0.0,0.0,0.0,0.0,0.0,0,0.0,OFFLINE,0.0,0,0
14:52:07.505,0,0,0,0.0,0.0,0.0,0.0,0.0,0.0,0.0,0.0,0.0,0.0,0.0,0,0.0,OFFLINE,0.0,0,0
14:52:07.976,0,0,0,0.0,0.0,0.0,0.0,0.0,0.0,0.0,0.0,0.0,0.0,0.0,0,0.0,OFFLINE,0.0,0,0
14:52:08.507,0,0,0,0.0,0.0,0.0,0.0,0.0,0.0,0.0,0.0,0.0,0.0,0.0,0,0.0,OFFLINE,0.0,0,0
14:52:08.974,0,0,0,0.0,0.0,0.0,0.0,0.0,0.0,0.0,0.0,0.0,0.0,0.0,0,0.0,OFFLINE,0.0,0,0
14:52:09.507,0,0,0,0.0,0.0,0.0,0.0,0.0,0.0,0.0,0.0,0.0,0.0,0.0,0,0.0,OFFLINE,0.0,0,0
14:52:10.022,0,0,0,0.0,0.0,0.0,0.0,0.0,0.0,0.0,0.0,0.0,0.0,0.0,0,0.0,OFFLINE,0.0,0,0
14:52:10.525,0,0,0,0.0,0.0,0.0,0.0,0.0,0.0,0.0,0.0,0.0,0.0,0.0,0,0.0,OFFLINE,0.0,0,0
14:52:11.024,0,0,0,0.0,0.0,0.0,0.0,0.0,0.0,0.0,0.0,0.0,0.0,0.0,0,0.0,OFFLINE,0.0,0,0
14:52:11.492,0,0,0,0.0,0.0,0.0,0.0,0.0,0.0,0.0,0.0,0.0,0.0,0.0,0,0.0,OFFLINE,0.0,0,0
14:52:12.007,0,0,0,0.0,0.0,0.0,0.0,0.0,0.0,0.0,0.0,0.0,0.0,0.0,0,0.0,OFFLINE,0.0,0,0
14:52:12.524,0,0,0,0.0,0.0,0.0,0.0,0.0,0.0,0.0,0.0,0.0,0.0,0.0,0,0.0,OFFLINE,0.0,0,0
14:52:12.971,0,0,0,0.0,0.0,0.0,0.0,0.0,0.0,0.0,0.0,0.0,0.0,0.0,0,0.0,OFFLINE,0.0,0,0
14:52:13.488,0,0,0,0.0,0.0,0.0,0.0,0.0,0.0,0.0,0.0,0.0,0.0,0.0,0,0.0,OFFLINE,0.0,0,0
14:52:14.004,0,0,0,0.0,0.0,0.0,0.0,0.0,0.0,0.0,0.0,0.0,0.0,0.0,0,0.0,OFFLINE,0.0,0,0
14:52:14.515,0,0,0,0.0,0.0,0.0,0.0,0.0,0.0,0.0,0.0,0.0,0.0,0.0,0,0.0,OFFLINE,0.0,0,0
14:52:15.037,0,0,0,0.0,0.0,0.0,0.0,0.0,0.0,0.0,0.0,0.0,0.0,0.0,0,0.0,OFFLINE,0.0,0,0
14:52:15.487,0,0,0,0.0,0.0,0.0,0.0,0.0,0.0,0.0,0.0,0.0,0.0,0.0,0,0.0,OFFLINE,0.0,0,0
14:52:16.006,0,0,0,0.0,0.0,0.0,0.0,0.0,0.0,0.0,0.0,0.0,0.0,0.0,0,0.0,OFFLINE,0.0,0,0
14:52:16.520,0,0,0,0.0,0.0,0.0,0.0,0.0,0.0,0.0,0.0,0.0,0.0,0.0,0,0.0,OFFLINE,0.0,0,0
14:52:17.037,0,0,0,0.0,0.0,0.0,0.0,0.0,0.0,0.0,0.0,0.0,0.0,0.0,0,0.0,OFFLINE,0.0,0,0
14:52:17.515,0,0,0,0.0,0.0,0.0,0.0,0.0,0.0,0.0,0.0,0.0,0.0,0.0,0,0.0,OFFLINE,0.0,0,0
14:52:18.020,0,0,0,0.0,0.0,0.0,0.0,0.0,0.0,0.0,0.0,0.0,0.0,0.0,0,0.0,OFFLINE,0.0,0,0
14:52:18.520,0,0,0,0.0,0.0,0.0,0.0,0.0,0.0,0.0,0.0,0.0,0.0,0.0,0,0.0,OFFLINE,0.0,0,0
14:52:19.019,0,0,0,0.0,0.0,0.0,0.0,0.0,0.0,0.0,0.0,0.0,0.0,0.0,0,0.0,OFFLINE,0.0,0,0
14:52:19.522,0,0,0,0.0,0.0,0.0,0.0,0.0,0.0,0.0,0.0,0.0,0.0,0.0,0,0.0,OFFLINE,0.0,0,0
14:52:20.022,0,0,0,0.0,0.0,0.0,0.0,0.0,0.0,0.0,0.0,0.0,0.0,0.0,0,0.0,OFFLINE,0.0,0,0
14:52:20.523,0,0,0,0.0,0.0,0.0,0.0,0.0,0.0,0.0,0.0,0.0,0.0,0.0,0,0.0,OFFLINE,0.0,0,0
14:52:21.020,0,0,0,0.0,0.0,0.0,0.0,0.0,0.0,0.0,0.0,0.0,0.0,0.0,0,0.0,OFFLINE,0.0,0,0
14:52:21.516,0,0,0,0.0,0.0,0.0,0.0,0.0,0.0,0.0,0.0,0.0,0.0,0.0,0,0.0,OFFLINE,0.0,0,0
14:52:22.022,0,0,0,0.0,0.0,0.0,0.0,0.0,0.0,0.0,0.0,0.0,0.0,0.0,0,0.0,OFFLINE,0.0,0,0
14:52:22.539,0,0,0,0.0,0.0,0.0,0.0,0.0,0.0,0.0,0.0,0.0,0.0,0.0,0,0.0,OFFLINE,0.0,0,0
14:52:23.053,0,0,0,0.0,0.0,0.0,0.0,0.0,0.0,0.0,0.0,0.0,0.0,0.0,0,0.0,OFFLINE,0.0,0,0
14:52:23.565,0,0,0,0.0,0.0,0.0,0.0,0.0,0.0,0.0,0.0,0.0,0.0,0.0,0,0.0,OFFLINE,0.0,0,0
14:52:24.021,0,0,0,0.0,0.0,0.0,0.0,0.0,0.0,0.0,0.0,0.0,0.0,0.0,0,0.0,OFFLINE,0.0,0,0
14:52:24.520,0,0,0,0.0,0.0,0.0,0.0,0.0,0.0,0.0,0.0,0.0,0.0,0.0,0,0.0,OFFLINE,0.0,0,0
14:52:25.020,0,0,0,0.0,0.0,0.0,0.0,0.0,0.0,0.0,0.0,0.0,0.0,0.0,0,0.0,OFFLINE,0.0,0,0
14:52:25.521,0,0,0,0.0,0.0,0.0,0.0,0.0,0.0,0.0,0.0,0.0,0.0,0.0,0,0.0,OFFLINE,0.0,0,0
14:52:26.036,0,0,0,0.0,0.0,0.0,0.0,0.0,0.0,0.0,0.0,0.0,0.0,0.0,0,0.0,OFFLINE,0.0,0,0
14:52:26.552,0,0,0,0.0,0.0,0.0,0.0,0.0,0.0,0.0,0.0,0.0,0.0,0.0,0,0.0,OFFLINE,0.0,0,0
14:52:27.054,0,0,0,0.0,0.0,0.0,0.0,0.0,0.0,0.0,0.0,0.0,0.0,0.0,0,0.0,OFFLINE,0.0,0,0
14:52:27.557,0,0,0,0.0,0.0,0.0,0.0,0.0,0.0,0.0,0.0,0.0,0.0,0.0,0,0.0,OFFLINE,0.0,0,0
14:52:28.052,0,0,0,0.0,0.0,0.0,0.0,0.0,0.0,0.0,0.0,0.0,0.0,0.0,0,0.0,OFFLINE,0.0,0,0
14:52:28.552,0,0,0,0.0,0.0,0.0,0.0,0.0,0.0,0.0,0.0,0.0,0.0,0.0,0,0.0,OFFLINE,0.0,0,0
14:52:29.002,0,0,0,0.0,0.0,0.0,0.0,0.0,0.0,0.0,0.0,0.0,0.0,0.0,0,0.0,OFFLINE,0.0,0,0
14:52:29.518,0,0,0,0.0,0.0,0.0,0.0,0.0,0.0,0.0,0.0,0.0,0.0,0.0,0,0.0,OFFLINE,0.0,0,0
14:52:30.020,0,0,0,0.0,0.0,0.0,0.0,0.0,0.0,0.0,0.0,0.0,0.0,0.0,0,0.0,OFFLINE,0.0,0,0
14:52:30.520,0,0,0,0.0,0.0,0.0,0.0,0.0,0.0,0.0,0.0,0.0,0.0,0.0,0,0.0,OFFLINE,0.0,0,0
14:52:31.020,0,0,0,0.0,0.0,0.0,0.0,0.0,0.0,0.0,0.0,0.0,0.0,0.0,0,0.0,OFFLINE,0.0,0,0
14:52:31.537,0,0,0,0.0,0.0,0.0,0.0,0.0,0.0,0.0,0.0,0.0,0.0,0.0,0,0.0,OFFLINE,0.0,0,0
14:52:32.035,0,0,0,0.0,0.0,0.0,0.0,0.0,0.0,0.0,0.0,0.0,0.0,0.0,0,0.0,OFFLINE,0.0,0,0
14:52:32.536,0,0,0,0.0,0.0,0.0,0.0,0.0,0.0,0.0,0.0,0.0,0.0,0.0,0,0.0,OFFLINE,0.0,0,0
14:52:33.053,0,0,0,0.0,0.0,0.0,0.0,0.0,0.0,0.0,0.0,0.0,0.0,0.0,0,0.0,OFFLINE,0.0,0,0
14:52:33.551,0,0,0,0.0,0.0,0.0,0.0,0.0,0.0,0.0,0.0,0.0,0.0,0.0,0,0.0,OFFLINE,0.0,0,0
14:52:34.004,0,0,0,0.0,0.0,0.0,0.0,0.0,0.0,0.0,0.0,0.0,0.0,0.0,0,0.0,OFFLINE,0.0,0,0
14:52:34.571,0,0,0,0.0,0.0,0.0,0.0,0.0,0.0,0.0,0.0,0.0,0.0,0.0,0,0.0,OFFLINE,0.0,0,0
14:52:35.020,0,0,0,0.0,0.0,0.0,0.0,0.0,0.0,0.0,0.0,0.0,0.0,0.0,0,0.0,OFFLINE,0.0,0,0
14:52:35.521,0,0,0,0.0,0.0,0.0,0.0,0.0,0.0,0.0,0.0,0.0,0.0,0.0,0,0.0,OFFLINE,0.0,0,0
14:52:36.037,0,0,0,0.0,0.0,0.0,0.0,0.0,0.0,0.0,0.0,0.0,0.0,0.0,0,0.0,OFFLINE,0.0,0,0
14:52:36.569,0,0,0,0.0,0.0,0.0,0.0,0.0,0.0,0.0,0.0,0.0,0.0,0.0,0,0.0,OFFLINE,0.0,0,0
14:52:37.018,0,0,0,0.0,0.0,0.0,0.0,0.0,0.0,0.0,0.0,0.0,0.0,0.0,0,0.0,OFFLINE,0.0,0,0
14:52:37.536,0,0,0,0.0,0.0,0.0,0.0,0.0,0.0,0.0,0.0,0.0,0.0,0.0,0,0.0,OFFLINE,0.0,0,0
14:52:38.038,0,0,0,0.0,0.0,0.0,0.0,0.0,0.0,0.0,0.0,0.0,0.0,0.0,0,0.0,OFFLINE,0.0,0,0
14:52:38.534,0,0,0,0.0,0.0,0.0,0.0,0.0,0.0,0.0,0.0,0.0,0.0,0.0,0,0.0,OFFLINE,0.0,0,0
14:52:39.034,0,0,0,0.0,0.0,0.0,0.0,0.0,0.0,0.0,0.0,0.0,0.0,0.0,0,0.0,OFFLINE,0.0,0,0
14:52:39.534,0,0,0,0.0,0.0,0.0,0.0,0.0,0.0,0.0,0.0,0.0,0.0,0.0,0,0.0,OFFLINE,0.0,0,0
14:52:40.034,0,0,0,0.0,0.0,0.0,0.0,0.0,0.0,0.0,0.0,0.0,0.0,0.0,0,0.0,OFFLINE,0.0,0,0
14:52:40.550,0,0,0,0.0,0.0,0.0,0.0,0.0,0.0,0.0,0.0,0.0,0.0,0.0,0,0.0,OFFLINE,0.0,0,0
14:52:41.050,0,0,0,0.0,0.0,0.0,0.0,0.0,0.0,0.0,0.0,0.0,0.0,0.0,0,0.0,OFFLINE,0.0,0,0
14:52:41.552,0,0,0,0.0,0.0,0.0,0.0,0.0,0.0,0.0,0.0,0.0,0.0,0.0,0,0.0,OFFLINE,0.0,0,0
14:52:42.052,0,0,0,0.0,0.0,0.0,0.0,0.0,0.0,0.0,0.0,0.0,0.0,0.0,0,0.0,OFFLINE,0.0,0,0
14:52:42.549,0,0,0,0.0,0.0,0.0,0.0,0.0,0.0,0.0,0.0,0.0,0.0,0.0,0,0.0,OFFLINE,0.0,0,0
14:52:43.050,0,0,0,0.0,0.0,0.0,0.0,0.0,0.0,0.0,0.0,0.0,0.0,0.0,0,0.0,OFFLINE,0.0,0,0
14:52:43.564,0,0,0,0.0,0.0,0.0,0.0,0.0,0.0,0.0,0.0,0.0,0.0,0.0,0,0.0,OFFLINE,0.0,0,0
14:52:44.081,0,0,0,0.0,0.0,0.0,0.0,0.0,0.0,0.0,0.0,0.0,0.0,0.0,0,0.0,OFFLINE,0.0,0,0
14:52:44.604,0,0,0,0.0,0.0,0.0,0.0,0.0,0.0,0.0,0.0,0.0,0.0,0.0,0,0.0,OFFLINE,0.0,0,0
14:52:45.104,0,0,0,0.0,0.0,0.0,0.0,0.0,0.0,0.0,0.0,0.0,0.0,0.0,0,0.0,OFFLINE,0.0,0,0
14:52:45.566,0,0,0,0.0,0.0,0.0,0.0,0.0,0.0,0.0,0.0,0.0,0.0,0.0,0,0.0,OFFLINE,0.0,0,0
14:52:46.069,0,0,0,0.0,0.0,0.0,0.0,0.0,0.0,0.0,0.0,0.0,0.0,0.0,0,0.0,OFFLINE,0.0,0,0
14:52:46.583,0,0,0,0.0,0.0,0.0,0.0,0.0,0.0,0.0,0.0,0.0,0.0,0.0,0,0.0,OFFLINE,0.0,0,0
14:52:47.049,0,0,0,0.0,0.0,0.0,0.0,0.0,0.0,0.0,0.0,0.0,0.0,0.0,0,0.0,OFFLINE,0.0,0,0
14:52:47.551,0,0,0,0.0,0.0,0.0,0.0,0.0,0.0,0.0,0.0,0.0,0.0,0.0,0,0.0,OFFLINE,0.0,0,0
14:52:48.116,0,0,0,0.0,0.0,0.0,0.0,0.0,0.0,0.0,0.0,0.0,0.0,0.0,0,0.0,OFFLINE,0.0,0,0
14:52:48.550,0,0,0,0.0,0.0,0.0,0.0,0.0,0.0,0.0,0.0,0.0,0.0,0.0,0,0.0,OFFLINE,0.0,0,0
14:52:49.067,0,0,0,0.0,0.0,0.0,0.0,0.0,0.0,0.0,0.0,0.0,0.0,0.0,0,0.0,OFFLINE,0.0,0,0
14:52:49.567,0,0,0,0.0,0.0,0.0,0.0,0.0,0.0,0.0,0.0,0.0,0.0,0.0,0,0.0,OFFLINE,0.0,0,0
14:52:50.067,0,0,0,0.0,0.0,0.0,0.0,0.0,0.0,0.0,0.0,0.0,0.0,0.0,0,0.0,OFFLINE,0.0,0,0
14:52:50.582,0,0,0,0.0,0.0,0.0,0.0,0.0,0.0,0.0,0.0,0.0,0.0,0.0,0,0.0,OFFLINE,0.0,0,0
14:52:51.052,0,0,0,0.0,0.0,0.0,0.0,0.0,0.0,0.0,0.0,0.0,0.0,0.0,0,0.0,OFFLINE,0.0,0,0
14:52:51.569,0,0,0,0.0,0.0,0.0,0.0,0.0,0.0,0.0,0.0,0.0,0.0,0.0,0,0.0,OFFLINE,0.0,0,0
14:52:52.085,0,0,0,0.0,0.0,0.0,0.0,0.0,0.0,0.0,0.0,0.0,0.0,0.0,0,0.0,OFFLINE,0.0,0,0
14:52:52.586,0,0,0,0.0,0.0,0.0,0.0,0.0,0.0,0.0,0.0,0.0,0.0,0.0,0,0.0,OFFLINE,0.0,0,0
14:52:53.085,0,0,0,0.0,0.0,0.0,0.0,0.0,0.0,0.0,0.0,0.0,0.0,0.0,0,0.0,OFFLINE,0.0,0,0
14:52:53.600,0,0,0,0.0,0.0,0.0,0.0,0.0,0.0,0.0,0.0,0.0,0.0,0.0,0,0.0,OFFLINE,0.0,0,0
14:52:54.052,0,0,0,0.0,0.0,0.0,0.0,0.0,0.0,0.0,0.0,0.0,0.0,0.0,0,0.0,OFFLINE,0.0,0,0
14:52:54.551,0,0,0,0.0,0.0,0.0,0.0,0.0,0.0,0.0,0.0,0.0,0.0,0.0,0,0.0,OFFLINE,0.0,0,0
14:52:55.082,0,0,0,0.0,0.0,0.0,0.0,0.0,0.0,0.0,0.0,0.0,0.0,0.0,0,0.0,OFFLINE,0.0,0,0
14:52:55.600,0,0,0,0.0,0.0,0.0,0.0,0.0,0.0,0.0,0.0,0.0,0.0,0.0,0,0.0,OFFLINE,0.0,0,0
14:52:56.051,0,0,0,0.0,0.0,0.0,0.0,0.0,0.0,0.0,0.0,0.0,0.0,0.0,0,0.0,OFFLINE,0.0,0,0
14:52:56.567,0,0,0,0.0,0.0,0.0,0.0,0.0,0.0,0.0,0.0,0.0,0.0,0.0,0,0.0,OFFLINE,0.0,0,0
14:52:57.067,0,0,0,0.0,0.0,0.0,0.0,0.0,0.0,0.0,0.0,0.0,0.0,0.0,0,0.0,OFFLINE,0.0,0,0
14:52:57.566,0,0,0,0.0,0.0,0.0,0.0,0.0,0.0,0.0,0.0,0.0,0.0,0.0,0,0.0,OFFLINE,0.0,0,0
14:52:58.067,0,0,0,0.0,0.0,0.0,0.0,0.0,0.0,0.0,0.0,0.0,0.0,0.0,0,0.0,OFFLINE,0.0,0,0
14:52:58.581,0,0,0,0.0,0.0,0.0,0.0,0.0,0.0,0.0,0.0,0.0,0.0,0.0,0,0.0,OFFLINE,0.0,0,0
14:52:59.099,0,0,0,0.0,0.0,0.0,0.0,0.0,0.0,0.0,0.0,0.0,0.0,0.0,0,0.0,OFFLINE,0.0,0,0
14:52:59.565,0,0,0,0.0,0.0,0.0,0.0,0.0,0.0,0.0,0.0,0.0,0.0,0.0,0,0.0,OFFLINE,0.0,0,0
14:53:00.097,0,0,0,0.0,0.0,0.0,0.0,0.0,0.0,0.0,0.0,0.0,0.0,0.0,0,0.0,OFFLINE,0.0,0,0
14:53:00.615,0,0,0,0.0,0.0,0.0,0.0,0.0,0.0,0.0,0.0,0.0,0.0,0.0,0,0.0,OFFLINE,0.0,0,0
14:53:01.114,0,0,0,0.0,0.0,0.0,0.0,0.0,0.0,0.0,0.0,0.0,0.0,0.0,0,0.0,OFFLINE,0.0,0,0
14:53:01.565,0,0,0,0.0,0.0,0.0,0.0,0.0,0.0,0.0,0.0,0.0,0.0,0.0,0,0.0,OFFLINE,0.0,0,0
14:53:02.083,0,0,0,0.0,0.0,0.0,0.0,0.0,0.0,0.0,0.0,0.0,0.0,0.0,0,0.0,OFFLINE,0.0,0,0
14:53:02.583,0,0,0,0.0,0.0,0.0,0.0,0.0,0.0,0.0,0.0,0.0,0.0,0.0,0,0.0,OFFLINE,0.0,0,0
14:53:03.091,0,0,0,0.0,0.0,0.0,0.0,0.0,0.0,0.0,0.0,0.0,0.0,0.0,0,0.0,OFFLINE,0.0,0,0
14:53:03.580,0,0,0,0.0,0.0,0.0,0.0,0.0,0.0,0.0,0.0,0.0,0.0,0.0,0,0.0,OFFLINE,0.0,0,0
14:53:04.095,0,0,0,0.0,0.0,0.0,0.0,0.0,0.0,0.0,0.0,0.0,0.0,0.0,0,0.0,OFFLINE,0.0,0,0
14:53:04.597,0,0,0,0.0,0.0,0.0,0.0,0.0,0.0,0.0,0.0,0.0,0.0,0.0,0,0.0,OFFLINE,0.0,0,0
14:53:05.110,0,0,0,0.0,0.0,0.0,0.0,0.0,0.0,0.0,0.0,0.0,0.0,0.0,0,0.0,OFFLINE,0.0,0,0
14:53:05.615,0,0,0,0.0,0.0,0.0,0.0,0.0,0.0,0.0,0.0,0.0,0.0,0.0,0,0.0,OFFLINE,0.0,0,0
14:53:06.141,0,0,0,0.0,0.0,0.0,0.0,0.0,0.0,0.0,0.0,0.0,0.0,0.0,0,0.0,OFFLINE,0.0,0,0
14:53:06.647,0,0,0,0.0,0.0,0.0,0.0,0.0,0.0,0.0,0.0,0.0,0.0,0.0,0,0.0,OFFLINE,0.0,0,0
14:53:07.100,0,0,0,0.0,0.0,0.0,0.0,0.0,0.0,0.0,0.0,0.0,0.0,0.0,0,0.0,OFFLINE,0.0,0,0
14:53:07.620,0,0,0,0.0,0.0,0.0,0.0,0.0,0.0,0.0,0.0,0.0,0.0,0.0,0,0.0,OFFLINE,0.0,0,0
14:53:08.113,0,0,0,0.0,0.0,0.0,0.0,0.0,0.0,0.0,0.0,0.0,0.0,0.0,0,0.0,OFFLINE,0.0,0,0
14:53:08.617,0,0,0,0.0,0.0,0.0,0.0,0.0,0.0,0.0,0.0,0.0,0.0,0.0,0,0.0,OFFLINE,0.0,0,0
14:53:09.117,0,0,0,0.0,0.0,0.0,0.0,0.0,0.0,0.0,0.0,0.0,0.0,0.0,0,0.0,OFFLINE,0.0,0,0
14:53:09.633,0,0,0,0.0,0.0,0.0,0.0,0.0,0.0,0.0,0.0,0.0,0.0,0.0,0,0.0,OFFLINE,0.0,0,0
14:53:10.150,0,0,0,0.0,0.0,0.0,0.0,0.0,0.0,0.0,0.0,0.0,0.0,0.0,0,0.0,OFFLINE,0.0,0,0
14:53:10.598,0,0,0,0.0,0.0,0.0,0.0,0.0,0.0,0.0,0.0,0.0,0.0,0.0,0,0.0,OFFLINE,0.0,0,0
14:53:11.113,0,0,0,0.0,0.0,0.0,0.0,0.0,0.0,0.0,0.0,0.0,0.0,0.0,0,0.0,OFFLINE,0.0,0,0
14:53:11.614,0,0,0,0.0,0.0,0.0,0.0,0.0,0.0,0.0,0.0,0.0,0.0,0.0,0,0.0,OFFLINE,0.0,0,0
14:53:12.130,0,0,0,0.0,0.0,0.0,0.0,0.0,0.0,0.0,0.0,0.0,0.0,0.0,0,0.0,OFFLINE,0.0,0,0
14:53:12.629,0,0,0,0.0,0.0,0.0,0.0,0.0,0.0,0.0,0.0,0.0,0.0,0.0,0,0.0,OFFLINE,0.0,0,0
14:53:13.132,0,0,0,0.0,0.0,0.0,0.0,0.0,0.0,0.0,0.0,0.0,0.0,0.0,0,0.0,OFFLINE,0.0,0,0
14:53:13.648,0,0,0,0.0,0.0,0.0,0.0,0.0,0.0,0.0,0.0,0.0,0.0,0.0,0,0.0,OFFLINE,0.0,0,0
14:53:14.149,0,0,0,0.0,0.0,0.0,0.0,0.0,0.0,0.0,0.0,0.0,0.0,0.0,0,0.0,OFFLINE,0.0,0,0
14:53:14.644,0,0,0,0.0,0.0,0.0,0.0,0.0,0.0,0.0,0.0,0.0,0.0,0.0,0,0.0,OFFLINE,0.0,0,0
14:53:15.143,0,0,0,0.0,0.0,0.0,0.0,0.0,0.0,0.0,0.0,0.0,0.0,0.0,0,0.0,OFFLINE,0.0,0,0
14:53:15.642,0,0,0,0.0,0.0,0.0,0.0,0.0,0.0,0.0,0.0,0.0,0.0,0.0,0,0.0,OFFLINE,0.0,0,0
14:53:16.144,0,0,0,0.0,0.0,0.0,0.0,0.0,0.0,0.0,0.0,0.0,0.0,0.0,0,0.0,OFFLINE,0.0,0,0
14:53:16.643,0,0,0,0.0,0.0,0.0,0.0,0.0,0.0,0.0,0.0,0.0,0.0,0.0,0,0.0,OFFLINE,0.0,0,0
14:53:17.143,0,0,0,0.0,0.0,0.0,0.0,0.0,0.0,0.0,0.0,0.0,0.0,0.0,0,0.0,OFFLINE,0.0,0,0
14:53:17.642,0,0,0,0.0,0.0,0.0,0.0,0.0,0.0,0.0,0.0,0.0,0.0,0.0,0,0.0,OFFLINE,0.0,0,0
14:53:18.143,0,0,0,0.0,0.0,0.0,0.0,0.0,0.0,0.0,0.0,0.0,0.0,0.0,0,0.0,OFFLINE,0.0,0,0
14:53:18.645,0,0,0,0.0,0.0,0.0,0.0,0.0,0.0,0.0,0.0,0.0,0.0,0.0,0,0.0,OFFLINE,0.0,0,0
14:53:19.144,0,0,0,0.0,0.0,0.0,0.0,0.0,0.0,0.0,0.0,0.0,0.0,0.0,0,0.0,OFFLINE,0.0,0,0
14:53:19.645,0,0,0,0.0,0.0,0.0,0.0,0.0,0.0,0.0,0.0,0.0,0.0,0.0,0,0.0,OFFLINE,0.0,0,0
14:53:20.142,0,0,0,0.0,0.0,0.0,0.0,0.0,0.0,0.0,0.0,0.0,0.0,0.0,0,0.0,OFFLINE,0.0,0,0
14:53:20.645,0,0,0,0.0,0.0,0.0,0.0,0.0,0.0,0.0,0.0,0.0,0.0,0.0,0,0.0,OFFLINE,0.0,0,0
14:53:21.143,0,0,0,0.0,0.0,0.0,0.0,0.0,0.0,0.0,0.0,0.0,0.0,0.0,0,0.0,OFFLINE,0.0,0,0
14:53:21.643,0,0,0,0.0,0.0,0.0,0.0,0.0,0.0,0.0,0.0,0.0,0.0,0.0,0,0.0,OFFLINE,0.0,0,0
14:53:24.247,0,0,0,0.0,0.0,0.0,0.0,0.0,0.0,0.0,0.0,0.0,0.0,0.0,0,0.0,OFFLINE,0.0,0,0
14:53:24.738,0,0,0,0.0,0.0,0.0,0.0,0.0,0.0,0.0,0.0,0.0,0.0,0.0,0,0.0,OFFLINE,0.0,0,0
14:53:25.240,0,0,0,0.0,0.0,0.0,0.0,0.0,0.0,0.0,0.0,0.0,0.0,0.0,0,0.0,OFFLINE,0.0,0,0
14:53:25.736,0,0,0,0.0,0.0,0.0,0.0,0.0,0.0,0.0,0.0,0.0,0.0,0.0,0,0.0,OFFLINE,0.0,0,0
14:53:26.237,0,0,0,0.0,0.0,0.0,0.0,0.0,0.0,0.0,0.0,0.0,0.0,0.0,0,0.0,OFFLINE,0.0,0,0
14:53:26.737,0,0,0,0.0,0.0,0.0,0.0,0.0,0.0,0.0,0.0,0.0,0.0,0.0,0,0.0,OFFLINE,0.0,0,0
14:53:27.240,0,0,0,0.0,0.0,0.0,0.0,0.0,0.0,0.0,0.0,0.0,0.0,0.0,0,0.0,OFFLINE,0.0,0,0
14:56:00.227,0,0,0,0.0,0.0,0.0,0.0,0.0,0.0,0.0,0.0,0.0,0.0,0.0,0,0.0,OFFLINE,0.0,0,0
14:56:00.723,0,0,0,0.0,0.0,0.0,0.0,0.0,0.0,0.0,0.0,0.0,0.0,0.0,0,0.0,OFFLINE,0.0,0,0
14:56:01.227,0,0,0,0.0,0.0,0.0,0.0,0.0,0.0,0.0,0.0,0.0,0.0,0.0,0,0.0,OFFLINE,0.0,0,0
14:56:01.723,0,0,0,0.0,0.0,0.0,0.0,0.0,0.0,0.0,0.0,0.0,0.0,0.0,0,0.0,OFFLINE,0.0,0,0
14:56:02.227,0,0,0,0.0,0.0,0.0,0.0,0.0,0.0,0.0,0.0,0.0,0.0,0.0,0,0.0,OFFLINE,0.0,0,0
14:56:02.722,0,0,0,0.0,0.0,0.0,0.0,0.0,0.0,0.0,0.0,0.0,0.0,0.0,0,0.0,OFFLINE,0.0,0,0
14:56:03.227,0,0,0,0.0,0.0,0.0,0.0,0.0,0.0,0.0,0.0,0.0,0.0,0.0,0,0.0,OFFLINE,0.0,0,0
14:56:03.725,0,0,0,0.0,0.0,0.0,0.0,0.0,0.0,0.0,0.0,0.0,0.0,0.0,0,0.0,OFFLINE,0.0,0,0
14:56:04.227,0,0,0,0.0,0.0,0.0,0.0,0.0,0.0,0.0,0.0,0.0,0.0,0.0,0,0.0,OFFLINE,0.0,0,0
14:56:04.723,0,0,0,0.0,0.0,0.0,0.0,0.0,0.0,0.0,0.0,0.0,0.0,0.0,0,0.0,OFFLINE,0.0,0,0
14:56:05.229,0,0,0,0.0,0.0,0.0,0.0,0.0,0.0,0.0,0.0,0.0,0.0,0.0,0,0.0,OFFLINE,0.0,0,0
14:56:05.730,0,0,0,0.0,0.0,0.0,0.0,0.0,0.0,0.0,0.0,0.0,0.0,0.0,0,0.0,OFFLINE,0.0,0,0
14:56:06.227,0,0,0,0.0,0.0,0.0,0.0,0.0,0.0,0.0,0.0,0.0,0.0,0.0,0,0.0,OFFLINE,0.0,0,0
14:56:06.723,0,0,0,0.0,0.0,0.0,0.0,0.0,0.0,0.0,0.0,0.0,0.0,0.0,0,0.0,OFFLINE,0.0,0,0
14:56:07.227,0,0,0,0.0,0.0,0.0,0.0,0.0,0.0,0.0,0.0,0.0,0.0,0.0,0,0.0,OFFLINE,0.0,0,0
14:56:07.725,0,0,0,0.0,0.0,0.0,0.0,0.0,0.0,0.0,0.0,0.0,0.0,0.0,0,0.0,OFFLINE,0.0,0,0
14:56:08.224,0,0,0,0.0,0.0,0.0,0.0,0.0,0.0,0.0,0.0,0.0,0.0,0.0,0,0.0,OFFLINE,0.0,0,0
15:00:35.102,0,0,0,0.0,0.0,0.0,0.0,0.0,0.0,0.0,0.0,0.0,0.0,0.0,0,0.0,OFFLINE,0.0,0,0
15:00:35.601,0,0,0,0.0,0.0,0.0,0.0,0.0,0.0,0.0,0.0,0.0,0.0,0.0,0,0.0,OFFLINE,0.0,0,0
15:00:36.100,0,0,0,0.0,0.0,0.0,0.0,0.0,0.0,0.0,0.0,0.0,0.0,0.0,0,0.0,OFFLINE,0.0,0,0
15:00:36.598,0,0,0,0.0,0.0,0.0,0.0,0.0,0.0,0.0,0.0,0.0,0.0,0.0,0,0.0,OFFLINE,0.0,0,0
15:00:37.099,0,0,0,0.0,0.0,0.0,0.0,0.0,0.0,0.0,0.0,0.0,0.0,0.0,0,0.0,OFFLINE,0.0,0,0
15:00:37.600,0,0,0,0.0,0.0,0.0,0.0,0.0,0.0,0.0,0.0,0.0,0.0,0.0,0,0.0,OFFLINE,0.0,0,0
15:00:38.100,0,0,0,0.0,0.0,0.0,0.0,0.0,0.0,0.0,0.0,0.0,0.0,0.0,0,0.0,OFFLINE,0.0,0,0
15:00:38.611,0,0,0,0.0,0.0,0.0,0.0,0.0,0.0,0.0,0.0,0.0,0.0,0.0,0,0.0,OFFLINE,0.0,0,0
15:00:39.107,0,0,0,0.0,0.0,0.0,0.0,0.0,0.0,0.0,0.0,0.0,0.0,0.0,0,0.0,OFFLINE,0.0,0,0
15:00:39.604,0,0,0,0.0,0.0,0.0,0.0,0.0,0.0,0.0,0.0,0.0,0.0,0.0,0,0.0,OFFLINE,0.0,0,0
15:00:40.100,0,0,0,0.0,0.0,0.0,0.0,0.0,0.0,0.0,0.0,0.0,0.0,0.0,0,0.0,OFFLINE,0.0,0,0
15:08:01.948,0,0,0,0.0,0.0,0.0,0.0,0.0,0.0,0.0,0.0,0.0,0.0,0.0,0,0.0,OFFLINE,0.0,0,0
15:08:02.446,0,0,0,0.0,0.0,0.0,0.0,0.0,0.0,0.0,0.0,0.0,0.0,0.0,0,0.0,OFFLINE,0.0,0,0
15:08:02.949,0,0,0,0.0,0.0,0.0,0.0,0.0,0.0,0.0,0.0,0.0,0.0,0.0,0,0.0,OFFLINE,0.0,0,0
15:08:03.451,0,0,0,0.0,0.0,0.0,0.0,0.0,0.0,0.0,0.0,0.0,0.0,0.0,0,0.0,OFFLINE,0.0,0,0
15:08:03.950,0,0,0,0.0,0.0,0.0,0.0,0.0,0.0,0.0,0.0,0.0,0.0,0.0,0,0.0,OFFLINE,0.0,0,0
15:08:04.446,0,0,0,0.0,0.0,0.0,0.0,0.0,0.0,0.0,0.0,0.0,0.0,0.0,0,0.0,OFFLINE,0.0,0,0
15:08:04.957,0,0,0,0.0,0.0,0.0,0.0,0.0,0.0,0.0,0.0,0.0,0.0,0.0,0,0.0,OFFLINE,0.0,0,0
15:08:05.447,0,0,0,0.0,0.0,0.0,0.0,0.0,0.0,0.0,0.0,0.0,0.0,0.0,0,0.0,OFFLINE,0.0,0,0
15:08:05.951,0,0,0,0.0,0.0,0.0,0.0,0.0,0.0,0.0,0.0,0.0,0.0,0.0,0,0.0,OFFLINE,0.0,0,0
15:08:06.446,0,0,0,0.0,0.0,0.0,0.0,0.0,0.0,0.0,0.0,0.0,0.0,0.0,0,0.0,OFFLINE,0.0,0,0
15:08:06.947,0,0,0,0.0,0.0,0.0,0.0,0.0,0.0,0.0,0.0,0.0,0.0,0.0,0,0.0,OFFLINE,0.0,0,0
15:08:07.448,0,0,0,0.0,0.0,0.0,0.0,0.0,0.0,0.0,0.0,0.0,0.0,0.0,0,0.0,OFFLINE,0.0,0,0
15:08:07.947,0,0,0,0.0,0.0,0.0,0.0,0.0,0.0,0.0,0.0,0.0,0.0,0.0,0,0.0,OFFLINE,0.0,0,0
15:08:08.446,0,0,0,0.0,0.0,0.0,0.0,0.0,0.0,0.0,0.0,0.0,0.0,0.0,0,0.0,OFFLINE,0.0,0,0
15:08:08.946,0,0,0,0.0,0.0,0.0,0.0,0.0,0.0,0.0,0.0,0.0,0.0,0.0,0,0.0,OFFLINE,0.0,0,0
15:08:09.454,0,0,0,0.0,0.0,0.0,0.0,0.0,0.0,0.0,0.0,0.0,0.0,0.0,0,0.0,OFFLINE,0.0,0,0
15:08:09.950,0,0,0,0.0,0.0,0.0,0.0,0.0,0.0,0.0,0.0,0.0,0.0,0.0,0,0.0,OFFLINE,0.0,0,0
15:08:10.447,0,0,0,0.0,0.0,0.0,0.0,0.0,0.0,0.0,0.0,0.0,0.0,0.0,0,0.0,OFFLINE,0.0,0,0
15:08:10.952,0,0,0,0.0,0.0,0.0,0.0,0.0,0.0,0.0,0.0,0.0,0.0,0.0,0,0.0,OFFLINE,0.0,0,0
15:08:11.453,0,0,0,0.0,0.0,0.0,0.0,0.0,0.0,0.0,0.0,0.0,0.0,0.0,0,0.0,OFFLINE,0.0,0,0
15:08:11.948,0,0,0,0.0,0.0,0.0,0.0,0.0,0.0,0.0,0.0,0.0,0.0,0.0,0,0.0,OFFLINE,0.0,0,0
15:08:12.445,0,0,0,0.0,0.0,0.0,0.0,0.0,0.0,0.0,0.0,0.0,0.0,0.0,0,0.0,OFFLINE,0.0,0,0
15:08:12.958,0,0,0,0.0,0.0,0.0,0.0,0.0,0.0,0.0,0.0,0.0,0.0,0.0,0,0.0,OFFLINE,0.0,0,0
15:08:13.447,0,0,0,0.0,0.0,0.0,0.0,0.0,0.0,0.0,0.0,0.0,0.0,0.0,0,0.0,OFFLINE,0.0,0,0
15:08:13.944,0,0,0,0.0,0.0,0.0,0.0,0.0,0.0,0.0,0.0,0.0,0.0,0.0,0,0.0,OFFLINE,0.0,0,0
15:08:14.443,0,0,0,0.0,0.0,0.0,0.0,0.0,0.0,0.0,0.0,0.0,0.0,0.0,0,0.0,OFFLINE,0.0,0,0
15:08:14.945,0,0,0,0.0,0.0,0.0,0.0,0.0,0.0,0.0,0.0,0.0,0.0,0.0,0,0.0,OFFLINE,0.0,0,0
15:08:15.455,0,0,0,0.0,0.0,0.0,0.0,0.0,0.0,0.0,0.0,0.0,0.0,0.0,0,0.0,OFFLINE,0.0,0,0
15:08:15.944,0,0,0,0.0,0.0,0.0,0.0,0.0,0.0,0.0,0.0,0.0,0.0,0.0,0,0.0,OFFLINE,0.0,0,0
15:08:16.447,0,0,0,0.0,0.0,0.0,0.0,0.0,0.0,0.0,0.0,0.0,0.0,0.0,0,0.0,OFFLINE,0.0,0,0
15:08:16.944,0,0,0,0.0,0.0,0.0,0.0,0.0,0.0,0.0,0.0,0.0,0.0,0.0,0,0.0,OFFLINE,0.0,0,0
15:08:17.448,0,0,0,0.0,0.0,0.0,0.0,0.0,0.0,0.0,0.0,0.0,0.0,0.0,0,0.0,OFFLINE,0.0,0,0
15:08:17.944,0,0,0,0.0,0.0,0.0,0.0,0.0,0.0,0.0,0.0,0.0,0.0,0.0,0,0.0,OFFLINE,0.0,0,0
15:08:18.446,0,0,0,0.0,0.0,0.0,0.0,0.0,0.0,0.0,0.0,0.0,0.0,0.0,0,0.0,OFFLINE,0.0,0,0
15:08:18.954,0,0,0,0.0,0.0,0.0,0.0,0.0,0.0,0.0,0.0,0.0,0.0,0.0,0,0.0,OFFLINE,0.0,0,0
15:08:19.455,0,0,0,0.0,0.0,0.0,0.0,0.0,0.0,0.0,0.0,0.0,0.0,0.0,0,0.0,OFFLINE,0.0,0,0
15:08:19.950,0,0,0,0.0,0.0,0.0,0.0,0.0,0.0,0.0,0.0,0.0,0.0,0.0,0,0.0,OFFLINE,0.0,0,0
15:08:20.446,0,0,0,0.0,0.0,0.0,0.0,0.0,0.0,0.0,0.0,0.0,0.0,0.0,0,0.0,OFFLINE,0.0,0,0
15:08:20.954,0,0,0,0.0,0.0,0.0,0.0,0.0,0.0,0.0,0.0,0.0,0.0,0.0,0,0.0,OFFLINE,0.0,0,0
15:08:21.450,0,0,0,0.0,0.0,0.0,0.0,0.0,0.0,0.0,0.0,0.0,0.0,0.0,0,0.0,OFFLINE,0.0,0,0
15:08:21.950,0,0,0,0.0,0.0,0.0,0.0,0.0,0.0,0.0,0.0,0.0,0.0,0.0,0,0.0,OFFLINE,0.0,0,0
15:08:22.446,0,0,0,0.0,0.0,0.0,0.0,0.0,0.0,0.0,0.0,0.0,0.0,0.0,0,0.0,OFFLINE,0.0,0,0
15:08:22.949,0,0,0,0.0,0.0,0.0,0.0,0.0,0.0,0.0,0.0,0.0,0.0,0.0,0,0.0,OFFLINE,0.0,0,0
15:08:23.447,0,0,0,0.0,0.0,0.0,0.0,0.0,0.0,0.0,0.0,0.0,0.0,0.0,0,0.0,OFFLINE,0.0,0,0
15:08:23.947,0,0,0,0.0,0.0,0.0,0.0,0.0,0.0,0.0,0.0,0.0,0.0,0.0,0,0.0,OFFLINE,0.0,0,0
15:08:24.445,0,0,0,0.0,0.0,0.0,0.0,0.0,0.0,0.0,0.0,0.0,0.0,0.0,0,0.0,OFFLINE,0.0,0,0
15:08:24.945,0,0,0,0.0,0.0,0.0,0.0,0.0,0.0,0.0,0.0,0.0,0.0,0.0,0,0.0,OFFLINE,0.0,0,0
15:08:25.446,0,0,0,0.0,0.0,0.0,0.0,0.0,0.0,0.0,0.0,0.0,0.0,0.0,0,0.0,OFFLINE,0.0,0,0
15:08:25.944,0,0,0,0.0,0.0,0.0,0.0,0.0,0.0,0.0,0.0,0.0,0.0,0.0,0,0.0,OFFLINE,0.0,0,0
15:08:26.444,0,0,0,0.0,0.0,0.0,0.0,0.0,0.0,0.0,0.0,0.0,0.0,0.0,0,0.0,OFFLINE,0.0,0,0
15:08:26.945,0,0,0,0.0,0.0,0.0,0.0,0.0,0.0,0.0,0.0,0.0,0.0,0.0,0,0.0,OFFLINE,0.0,0,0
15:08:27.449,0,0,0,0.0,0.0,0.0,0.0,0.0,0.0,0.0,0.0,0.0,0.0,0.0,0,0.0,OFFLINE,0.0,0,0
15:08:27.950,0,0,0,0.0,0.0,0.0,0.0,0.0,0.0,0.0,0.0,0.0,0.0,0.0,0,0.0,OFFLINE,0.0,0,0
15:08:28.445,0,0,0,0.0,0.0,0.0,0.0,0.0,0.0,0.0,0.0,0.0,0.0,0.0,0,0.0,OFFLINE,0.0,0,0
15:08:28.947,0,0,0,0.0,0.0,0.0,0.0,0.0,0.0,0.0,0.0,0.0,0.0,0.0,0,0.0,OFFLINE,0.0,0,0
15:08:29.454,0,0,0,0.0,0.0,0.0,0.0,0.0,0.0,0.0,0.0,0.0,0.0,0.0,0,0.0,OFFLINE,0.0,0,0
15:08:29.950,0,0,0,0.0,0.0,0.0,0.0,0.0,0.0,0.0,0.0,0.0,0.0,0.0,0,0.0,OFFLINE,0.0,0,0
15:08:30.445,0,0,0,0.0,0.0,0.0,0.0,0.0,0.0,0.0,0.0,0.0,0.0,0.0,0,0.0,OFFLINE,0.0,0,0
15:08:30.946,0,0,0,0.0,0.0,0.0,0.0,0.0,0.0,0.0,0.0,0.0,0.0,0.0,0,0.0,OFFLINE,0.0,0,0
15:08:31.445,0,0,0,0.0,0.0,0.0,0.0,0.0,0.0,0.0,0.0,0.0,0.0,0.0,0,0.0,OFFLINE,0.0,0,0
15:08:31.943,0,0,0,0.0,0.0,0.0,0.0,0.0,0.0,0.0,0.0,0.0,0.0,0.0,0,0.0,OFFLINE,0.0,0,0
15:08:32.446,0,0,0,0.0,0.0,0.0,0.0,0.0,0.0,0.0,0.0,0.0,0.0,0.0,0,0.0,OFFLINE,0.0,0,0
15:08:32.958,0,0,0,0.0,0.0,0.0,0.0,0.0,0.0,0.0,0.0,0.0,0.0,0.0,0,0.0,OFFLINE,0.0,0,0
15:08:33.454,0,0,0,0.0,0.0,0.0,0.0,0.0,0.0,0.0,0.0,0.0,0.0,0.0,0,0.0,OFFLINE,0.0,0,0
15:08:33.950,0,0,0,0.0,0.0,0.0,0.0,0.0,0.0,0.0,0.0,0.0,0.0,0.0,0,0.0,OFFLINE,0.0,0,0
15:08:34.446,0,0,0,0.0,0.0,0.0,0.0,0.0,0.0,0.0,0.0,0.0,0.0,0.0,0,0.0,OFFLINE,0.0,0,0
15:08:34.956,0,0,0,0.0,0.0,0.0,0.0,0.0,0.0,0.0,0.0,0.0,0.0,0.0,0,0.0,OFFLINE,0.0,0,0
15:08:35.447,0,0,0,0.0,0.0,0.0,0.0,0.0,0.0,0.0,0.0,0.0,0.0,0.0,0,0.0,OFFLINE,0.0,0,0
15:08:35.950,0,0,0,0.0,0.0,0.0,0.0,0.0,0.0,0.0,0.0,0.0,0.0,0.0,0,0.0,OFFLINE,0.0,0,0
15:08:36.446,0,0,0,0.0,0.0,0.0,0.0,0.0,0.0,0.0,0.0,0.0,0.0,0.0,0,0.0,OFFLINE,0.0,0,0
15:08:36.955,0,0,0,0.0,0.0,0.0,0.0,0.0,0.0,0.0,0.0,0.0,0.0,0.0,0,0.0,OFFLINE,0.0,0,0
15:08:37.452,0,0,0,0.0,0.0,0.0,0.0,0.0,0.0,0.0,0.0,0.0,0.0,0.0,0,0.0,OFFLINE,0.0,0,0
15:08:37.949,0,0,0,0.0,0.0,0.0,0.0,0.0,0.0,0.0,0.0,0.0,0.0,0.0,0,0.0,OFFLINE,0.0,0,0
15:08:38.446,0,0,0,0.0,0.0,0.0,0.0,0.0,0.0,0.0,0.0,0.0,0.0,0.0,0,0.0,OFFLINE,0.0,0,0
15:08:38.951,0,0,0,0.0,0.0,0.0,0.0,0.0,0.0,0.0,0.0,0.0,0.0,0.0,0,0.0,OFFLINE,0.0,0,0
15:08:39.451,0,0,0,0.0,0.0,0.0,0.0,0.0,0.0,0.0,0.0,0.0,0.0,0.0,0,0.0,OFFLINE,0.0,0,0
15:08:39.950,0,0,0,0.0,0.0,0.0,0.0,0.0,0.0,0.0,0.0,0.0,0.0,0.0,0,0.0,OFFLINE,0.0,0,0
15:08:40.446,0,0,0,0.0,0.0,0.0,0.0,0.0,0.0,0.0,0.0,0.0,0.0,0.0,0,0.0,OFFLINE,0.0,0,0
15:08:40.948,0,0,0,0.0,0.0,0.0,0.0,0.0,0.0,0.0,0.0,0.0,0.0,0.0,0,0.0,OFFLINE,0.0,0,0
15:08:41.453,0,0,0,0.0,0.0,0.0,0.0,0.0,0.0,0.0,0.0,0.0,0.0,0.0,0,0.0,OFFLINE,0.0,0,0
15:08:41.950,0,0,0,0.0,0.0,0.0,0.0,0.0,0.0,0.0,0.0,0.0,0.0,0.0,0,0.0,OFFLINE,0.0,0,0
15:08:42.446,0,0,0,0.0,0.0,0.0,0.0,0.0,0.0,0.0,0.0,0.0,0.0,0.0,0,0.0,OFFLINE,0.0,0,0
15:08:42.947,0,0,0,0.0,0.0,0.0,0.0,0.0,0.0,0.0,0.0,0.0,0.0,0.0,0,0.0,OFFLINE,0.0,0,0
15:08:43.444,0,0,0,0.0,0.0,0.0,0.0,0.0,0.0,0.0,0.0,0.0,0.0,0.0,0,0.0,OFFLINE,0.0,0,0
15:08:43.946,0,0,0,0.0,0.0,0.0,0.0,0.0,0.0,0.0,0.0,0.0,0.0,0.0,0,0.0,OFFLINE,0.0,0,0
15:08:44.444,0,0,0,0.0,0.0,0.0,0.0,0.0,0.0,0.0,0.0,0.0,0.0,0.0,0,0.0,OFFLINE,0.0,0,0
15:08:44.957,0,0,0,0.0,0.0,0.0,0.0,0.0,0.0,0.0,0.0,0.0,0.0,0.0,0,0.0,OFFLINE,0.0,0,0
15:08:45.454,0,0,0,0.0,0.0,0.0,0.0,0.0,0.0,0.0,0.0,0.0,0.0,0.0,0,0.0,OFFLINE,0.0,0,0
15:08:45.943,0,0,0,0.0,0.0,0.0,0.0,0.0,0.0,0.0,0.0,0.0,0.0,0.0,0,0.0,OFFLINE,0.0,0,0
15:08:46.447,0,0,0,0.0,0.0,0.0,0.0,0.0,0.0,0.0,0.0,0.0,0.0,0.0,0,0.0,OFFLINE,0.0,0,0
15:08:46.947,0,0,0,0.0,0.0,0.0,0.0,0.0,0.0,0.0,0.0,0.0,0.0,0.0,0,0.0,OFFLINE,0.0,0,0
15:08:47.446,0,0,0,0.0,0.0,0.0,0.0,0.0,0.0,0.0,0.0,0.0,0.0,0.0,0,0.0,OFFLINE,0.0,0,0
15:08:47.947,0,0,0,0.0,0.0,0.0,0.0,0.0,0.0,0.0,0.0,0.0,0.0,0.0,0,0.0,OFFLINE,0.0,0,0
15:08:48.446,0,0,0,0.0,0.0,0.0,0.0,0.0,0.0,0.0,0.0,0.0,0.0,0.0,0,0.0,OFFLINE,0.0,0,0
15:08:48.945,0,0,0,0.0,0.0,0.0,0.0,0.0,0.0,0.0,0.0,0.0,0.0,0.0,0,0.0,OFFLINE,0.0,0,0
15:08:49.443,0,0,0,0.0,0.0,0.0,0.0,0.0,0.0,0.0,0.0,0.0,0.0,0.0,0,0.0,OFFLINE,0.0,0,0
15:08:49.944,0,0,0,0.0,0.0,0.0,0.0,0.0,0.0,0.0,0.0,0.0,0.0,0.0,0,0.0,OFFLINE,0.0,0,0
15:08:50.446,0,0,0,0.0,0.0,0.0,0.0,0.0,0.0,0.0,0.0,0.0,0.0,0.0,0,0.0,OFFLINE,0.0,0,0
15:30:02.641,0,0,0,0.0,0.0,0.0,0.0,0.0,0.0,0.0,0.0,0.0,0.0,0.0,0,0.0,OFFLINE,0.0,0,0
15:30:03.139,0,0,0,0.0,0.0,0.0,0.0,0.0,0.0,0.0,0.0,0.0,0.0,0.0,0,0.0,OFFLINE,0.0,0,0
15:30:03.643,0,0,0,0.0,0.0,0.0,0.0,0.0,0.0,0.0,0.0,0.0,0.0,0.0,0,0.0,OFFLINE,0.0,0,0
15:30:04.142,0,0,0,0.0,0.0,0.0,0.0,0.0,0.0,0.0,0.0,0.0,0.0,0.0,0,0.0,OFFLINE,0.0,0,0
15:30:04.641,0,0,0,0.0,0.0,0.0,0.0,0.0,0.0,0.0,0.0,0.0,0.0,0.0,0,0.0,OFFLINE,0.0,0,0
15:30:05.138,0,0,0,0.0,0.0,0.0,0.0,0.0,0.0,0.0,0.0,0.0,0.0,0.0,0,0.0,OFFLINE,0.0,0,0
15:30:05.649,0,0,0,0.0,0.0,0.0,0.0,0.0,0.0,0.0,0.0,0.0,0.0,0.0,0,0.0,OFFLINE,0.0,0,0
15:30:06.138,0,0,0,0.0,0.0,0.0,0.0,0.0,0.0,0.0,0.0,0.0,0.0,0.0,0,0.0,OFFLINE,0.0,0,0
15:30:06.641,0,0,0,0.0,0.0,0.0,0.0,0.0,0.0,0.0,0.0,0.0,0.0,0.0,0,0.0,OFFLINE,0.0,0,0
15:30:07.138,0,0,0,0.0,0.0,0.0,0.0,0.0,0.0,0.0,0.0,0.0,0.0,0.0,0,0.0,OFFLINE,0.0,0,0
15:30:07.642,0,0,0,0.0,0.0,0.0,0.0,0.0,0.0,0.0,0.0,0.0,0.0,0.0,0,0.0,OFFLINE,0.0,0,0
15:30:08.143,0,0,0,0.0,0.0,0.0,0.0,0.0,0.0,0.0,0.0,0.0,0.0,0.0,0,0.0,OFFLINE,0.0,0,0
15:31:05.362,0,0,0,0.0,0.0,0.0,0.0,0.0,0.0,0.0,0.0,0.0,0.0,0.0,0,0.0,OFFLINE,0.0,0,0
15:31:05.863,0,0,0,0.0,0.0,0.0,0.0,0.0,0.0,0.0,0.0,0.0,0.0,0.0,0,0.0,OFFLINE,0.0,0,0
15:31:06.363,0,0,0,0.0,0.0,0.0,0.0,0.0,0.0,0.0,0.0,0.0,0.0,0.0,0,0.0,OFFLINE,0.0,0,0
15:31:06.860,0,0,0,0.0,0.0,0.0,0.0,0.0,0.0,0.0,0.0,0.0,0.0,0.0,0,0.0,OFFLINE,0.0,0,0
15:31:07.357,0,0,0,0.0,0.0,0.0,0.0,0.0,0.0,0.0,0.0,0.0,0.0,0.0,0,0.0,OFFLINE,0.0,0,0
15:31:07.865,0,0,0,0.0,0.0,0.0,0.0,0.0,0.0,0.0,0.0,0.0,0.0,0.0,0,0.0,OFFLINE,0.0,0,0
15:31:08.363,0,0,0,0.0,0.0,0.0,0.0,0.0,0.0,0.0,0.0,0.0,0.0,0.0,0,0.0,OFFLINE,0.0,0,0
15:31:08.860,0,0,0,0.0,0.0,0.0,0.0,0.0,0.0,0.0,0.0,0.0,0.0,0.0,0,0.0,OFFLINE,0.0,0,0
15:31:09.366,0,0,0,0.0,0.0,0.0,0.0,0.0,0.0,0.0,0.0,0.0,0.0,0.0,0,0.0,OFFLINE,0.0,0,0
15:31:09.865,0,0,0,0.0,0.0,0.0,0.0,0.0,0.0,0.0,0.0,0.0,0.0,0.0,0,0.0,OFFLINE,0.0,0,0
15:31:10.363,0,0,0,0.0,0.0,0.0,0.0,0.0,0.0,0.0,0.0,0.0,0.0,0.0,0,0.0,OFFLINE,0.0,0,0
15:31:10.860,0,0,0,0.0,0.0,0.0,0.0,0.0,0.0,0.0,0.0,0.0,0.0,0.0,0,0.0,OFFLINE,0.0,0,0
15:31:11.357,0,0,0,0.0,0.0,0.0,0.0,0.0,0.0,0.0,0.0,0.0,0.0,0.0,0,0.0,OFFLINE,0.0,0,0
15:31:11.864,0,0,0,0.0,0.0,0.0,0.0,0.0,0.0,0.0,0.0,0.0,0.0,0.0,0,0.0,OFFLINE,0.0,0,0
15:31:12.363,0,0,0,0.0,0.0,0.0,0.0,0.0,0.0,0.0,0.0,0.0,0.0,0.0,0,0.0,OFFLINE,0.0,0,0
15:31:12.859,0,0,0,0.0,0.0,0.0,0.0,0.0,0.0,0.0,0.0,0.0,0.0,0.0,0,0.0,OFFLINE,0.0,0,0
15:31:13.360,0,0,0,0.0,0.0,0.0,0.0,0.0,0.0,0.0,0.0,0.0,0.0,0.0,0,0.0,OFFLINE,0.0,0,0
15:31:13.859,0,0,0,0.0,0.0,0.0,0.0,0.0,0.0,0.0,0.0,0.0,0.0,0.0,0,0.0,OFFLINE,0.0,0,0
15:31:14.357,0,0,0,0.0,0.0,0.0,0.0,0.0,0.0,0.0,0.0,0.0,0.0,0.0,0,0.0,OFFLINE,0.0,0,0
15:31:14.858,0,0,0,0.0,0.0,0.0,0.0,0.0,0.0,0.0,0.0,0.0,0.0,0.0,0,0.0,OFFLINE,0.0,0,0
15:31:15.357,0,0,0,0.0,0.0,0.0,0.0,0.0,0.0,0.0,0.0,0.0,0.0,0.0,0,0.0,OFFLINE,0.0,0,0
15:31:15.859,0,0,0,0.0,0.0,0.0,0.0,0.0,0.0,0.0,0.0,0.0,0.0,0.0,0,0.0,OFFLINE,0.0,0,0
15:31:16.357,0,0,0,0.0,0.0,0.0,0.0,0.0,0.0,0.0,0.0,0.0,0.0,0.0,0,0.0,OFFLINE,0.0,0,0
15:31:16.856,0,0,0,0.0,0.0,0.0,0.0,0.0,0.0,0.0,0.0,0.0,0.0,0.0,0,0.0,OFFLINE,0.0,0,0
15:31:17.358,0,0,0,0.0,0.0,0.0,0.0,0.0,0.0,0.0,0.0,0.0,0.0,0.0,0,0.0,OFFLINE,0.0,0,0
15:31:17.858,0,0,0,0.0,0.0,0.0,0.0,0.0,0.0,0.0,0.0,0.0,0.0,0.0,0,0.0,OFFLINE,0.0,0,0
15:31:18.357,0,0,0,0.0,0.0,0.0,0.0,0.0,0.0,0.0,0.0,0.0,0.0,0.0,0,0.0,OFFLINE,0.0,0,0
15:31:18.860,0,0,0,0.0,0.0,0.0,0.0,0.0,0.0,0.0,0.0,0.0,0.0,0.0,0,0.0,OFFLINE,0.0,0,0
15:31:19.361,0,0,0,0.0,0.0,0.0,0.0,0.0,0.0,0.0,0.0,0.0,0.0,0.0,0,0.0,OFFLINE,0.0,0,0
15:31:19.867,0,0,0,0.0,0.0,0.0,0.0,0.0,0.0,0.0,0.0,0.0,0.0,0.0,0,0.0,OFFLINE,0.0,0,0
15:31:20.363,0,0,0,0.0,0.0,0.0,0.0,0.0,0.0,0.0,0.0,0.0,0.0,0.0,0,0.0,OFFLINE,0.0,0,0
15:31:20.860,0,0,0,0.0,0.0,0.0,0.0,0.0,0.0,0.0,0.0,0.0,0.0,0.0,0,0.0,OFFLINE,0.0,0,0
15:31:21.365,0,0,0,0.0,0.0,0.0,0.0,0.0,0.0,0.0,0.0,0.0,0.0,0.0,0,0.0,OFFLINE,0.0,0,0
15:31:21.865,0,0,0,0.0,0.0,0.0,0.0,0.0,0.0,0.0,0.0,0.0,0.0,0.0,0,0.0,OFFLINE,0.0,0,0
15:31:22.364,0,0,0,0.0,0.0,0.0,0.0,0.0,0.0,0.0,0.0,0.0,0.0,0.0,0,0.0,OFFLINE,0.0,0,0
15:31:22.860,0,0,0,0.0,0.0,0.0,0.0,0.0,0.0,0.0,0.0,0.0,0.0,0.0,0,0.0,OFFLINE,0.0,0,0
15:31:23.365,0,0,0,0.0,0.0,0.0,0.0,0.0,0.0,0.0,0.0,0.0,0.0,0.0,0,0.0,OFFLINE,0.0,0,0
15:31:23.864,0,0,0,0.0,0.0,0.0,0.0,0.0,0.0,0.0,0.0,0.0,0.0,0.0,0,0.0,OFFLINE,0.0,0,0
15:31:24.363,0,0,0,0.0,0.0,0.0,0.0,0.0,0.0,0.0,0.0,0.0,0.0,0.0,0,0.0,OFFLINE,0.0,0,0
15:31:24.856,0,0,0,0.0,0.0,0.0,0.0,0.0,0.0,0.0,0.0,0.0,0.0,0.0,0,0.0,OFFLINE,0.0,0,0
15:31:25.366,0,0,0,0.0,0.0,0.0,0.0,0.0,0.0,0.0,0.0,0.0,0.0,0.0,0,0.0,OFFLINE,0.0,0,0
15:31:25.856,0,0,0,0.0,0.0,0.0,0.0,0.0,0.0,0.0,0.0,0.0,0.0,0.0,0,0.0,OFFLINE,0.0,0,0
15:31:26.356,0,0,0,0.0,0.0,0.0,0.0,0.0,0.0,0.0,0.0,0.0,0.0,0.0,0,0.0,OFFLINE,0.0,0,0
15:31:26.859,0,0,0,0.0,0.0,0.0,0.0,0.0,0.0,0.0,0.0,0.0,0.0,0.0,0,0.0,OFFLINE,0.0,0,0
15:31:27.358,0,0,0,0.0,0.0,0.0,0.0,0.0,0.0,0.0,0.0,0.0,0.0,0.0,0,0.0,OFFLINE,0.0,0,0
15:31:27.859,0,0,0,0.0,0.0,0.0,0.0,0.0,0.0,0.0,0.0,0.0,0.0,0.0,0,0.0,OFFLINE,0.0,0,0
15:31:28.357,0,0,0,0.0,0.0,0.0,0.0,0.0,0.0,0.0,0.0,0.0,0.0,0.0,0,0.0,OFFLINE,0.0,0,0
15:31:28.859,0,0,0,0.0,0.0,0.0,0.0,0.0,0.0,0.0,0.0,0.0,0.0,0.0,0,0.0,OFFLINE,0.0,0,0
15:31:29.360,0,0,0,0.0,0.0,0.0,0.0,0.0,0.0,0.0,0.0,0.0,0.0,0.0,0,0.0,OFFLINE,0.0,0,0
15:31:29.857,0,0,0,0.0,0.0,0.0,0.0,0.0,0.0,0.0,0.0,0.0,0.0,0.0,0,0.0,OFFLINE,0.0,0,0
15:31:30.359,0,0,0,0.0,0.0,0.0,0.0,0.0,0.0,0.0,0.0,0.0,0.0,0.0,0,0.0,OFFLINE,0.0,0,0
15:31:30.857,0,0,0,0.0,0.0,0.0,0.0,0.0,0.0,0.0,0.0,0.0,0.0,0.0,0,0.0,OFFLINE,0.0,0,0
15:31:31.357,0,0,0,0.0,0.0,0.0,0.0,0.0,0.0,0.0,0.0,0.0,0.0,0.0,0,0.0,OFFLINE,0.0,0,0
15:31:31.857,0,0,0,0.0,0.0,0.0,0.0,0.0,0.0,0.0,0.0,0.0,0.0,0.0,0,0.0,OFFLINE,0.0,0,0
15:31:32.360,0,0,0,0.0,0.0,0.0,0.0,0.0,0.0,0.0,0.0,0.0,0.0,0.0,0,0.0,OFFLINE,0.0,0,0
15:31:32.859,0,0,0,0.0,0.0,0.0,0.0,0.0,0.0,0.0,0.0,0.0,0.0,0.0,0,0.0,OFFLINE,0.0,0,0
15:31:33.358,0,0,0,0.0,0.0,0.0,0.0,0.0,0.0,0.0,0.0,0.0,0.0,0.0,0,0.0,OFFLINE,0.0,0,0
15:31:33.859,0,0,0,0.0,0.0,0.0,0.0,0.0,0.0,0.0,0.0,0.0,0.0,0.0,0,0.0,OFFLINE,0.0,0,0
15:31:34.359,0,0,0,0.0,0.0,0.0,0.0,0.0,0.0,0.0,0.0,0.0,0.0,0.0,0,0.0,OFFLINE,0.0,0,0
15:31:34.857,0,0,0,0.0,0.0,0.0,0.0,0.0,0.0,0.0,0.0,0.0,0.0,0.0,0,0.0,OFFLINE,0.0,0,0
15:31:35.370,0,0,0,0.0,0.0,0.0,0.0,0.0,0.0,0.0,0.0,0.0,0.0,0.0,0,0.0,OFFLINE,0.0,0,0
15:31:35.867,0,0,0,0.0,0.0,0.0,0.0,0.0,0.0,0.0,0.0,0.0,0.0,0.0,0,0.0,OFFLINE,0.0,0,0
15:31:36.363,0,0,0,0.0,0.0,0.0,0.0,0.0,0.0,0.0,0.0,0.0,0.0,0.0,0,0.0,OFFLINE,0.0,0,0
15:31:36.857,0,0,0,0.0,0.0,0.0,0.0,0.0,0.0,0.0,0.0,0.0,0.0,0.0,0,0.0,OFFLINE,0.0,0,0
15:31:37.371,0,0,0,0.0,0.0,0.0,0.0,0.0,0.0,0.0,0.0,0.0,0.0,0.0,0,0.0,OFFLINE,0.0,0,0
15:31:37.868,0,0,0,0.0,0.0,0.0,0.0,0.0,0.0,0.0,0.0,0.0,0.0,0.0,0,0.0,OFFLINE,0.0,0,0
15:31:38.363,0,0,0,0.0,0.0,0.0,0.0,0.0,0.0,0.0,0.0,0.0,0.0,0.0,0,0.0,OFFLINE,0.0,0,0
15:31:38.871,0,0,0,0.0,0.0,0.0,0.0,0.0,0.0,0.0,0.0,0.0,0.0,0.0,0,0.0,OFFLINE,0.0,0,0
15:31:39.358,0,0,0,0.0,0.0,0.0,0.0,0.0,0.0,0.0,0.0,0.0,0.0,0.0,0,0.0,OFFLINE,0.0,0,0
15:31:39.868,0,0,0,0.0,0.0,0.0,0.0,0.0,0.0,0.0,0.0,0.0,0.0,0.0,0,0.0,OFFLINE,0.0,0,0
15:31:40.356,0,0,0,0.0,0.0,0.0,0.0,0.0,0.0,0.0,0.0,0.0,0.0,0.0,0,0.0,OFFLINE,0.0,0,0
15:31:40.858,0,0,0,0.0,0.0,0.0,0.0,0.0,0.0,0.0,0.0,0.0,0.0,0.0,0,0.0,OFFLINE,0.0,0,0
15:31:41.364,0,0,0,0.0,0.0,0.0,0.0,0.0,0.0,0.0,0.0,0.0,0.0,0.0,0,0.0,OFFLINE,0.0,0,0
15:31:41.857,0,0,0,0.0,0.0,0.0,0.0,0.0,0.0,0.0,0.0,0.0,0.0,0.0,0,0.0,OFFLINE,0.0,0,0
15:31:42.357,0,0,0,0.0,0.0,0.0,0.0,0.0,0.0,0.0,0.0,0.0,0.0,0.0,0,0.0,OFFLINE,0.0,0,0
15:31:42.860,0,0,0,0.0,0.0,0.0,0.0,0.0,0.0,0.0,0.0,0.0,0.0,0.0,0,0.0,OFFLINE,0.0,0,0
15:31:43.360,0,0,0,0.0,0.0,0.0,0.0,0.0,0.0,0.0,0.0,0.0,0.0,0.0,0,0.0,OFFLINE,0.0,0,0
15:31:43.858,0,0,0,0.0,0.0,0.0,0.0,0.0,0.0,0.0,0.0,0.0,0.0,0.0,0,0.0,OFFLINE,0.0,0,0
15:31:44.357,0,0,0,0.0,0.0,0.0,0.0,0.0,0.0,0.0,0.0,0.0,0.0,0.0,0,0.0,OFFLINE,0.0,0,0
15:31:44.859,0,0,0,0.0,0.0,0.0,0.0,0.0,0.0,0.0,0.0,0.0,0.0,0.0,0,0.0,OFFLINE,0.0,0,0
15:31:45.359,0,0,0,0.0,0.0,0.0,0.0,0.0,0.0,0.0,0.0,0.0,0.0,0.0,0,0.0,OFFLINE,0.0,0,0
15:31:45.862,0,0,0,0.0,0.0,0.0,0.0,0.0,0.0,0.0,0.0,0.0,0.0,0.0,0,0.0,OFFLINE,0.0,0,0
15:31:46.363,0,0,0,0.0,0.0,0.0,0.0,0.0,0.0,0.0,0.0,0.0,0.0,0.0,0,0.0,OFFLINE,0.0,0,0
15:31:46.859,0,0,0,0.0,0.0,0.0,0.0,0.0,0.0,0.0,0.0,0.0,0.0,0.0,0,0.0,OFFLINE,0.0,0,0
15:31:47.369,0,0,0,0.0,0.0,0.0,0.0,0.0,0.0,0.0,0.0,0.0,0.0,0.0,0,0.0,OFFLINE,0.0,0,0
15:31:47.868,0,0,0,0.0,0.0,0.0,0.0,0.0,0.0,0.0,0.0,0.0,0.0,0.0,0,0.0,OFFLINE,0.0,0,0
15:31:48.357,0,0,0,0.0,0.0,0.0,0.0,0.0,0.0,0.0,0.0,0.0,0.0,0.0,0,0.0,OFFLINE,0.0,0,0
15:31:48.860,0,0,0,0.0,0.0,0.0,0.0,0.0,0.0,0.0,0.0,0.0,0.0,0.0,0,0.0,OFFLINE,0.0,0,0
15:31:49.358,0,0,0,0.0,0.0,0.0,0.0,0.0,0.0,0.0,0.0,0.0,0.0,0.0,0,0.0,OFFLINE,0.0,0,0
15:31:49.863,0,0,0,0.0,0.0,0.0,0.0,0.0,0.0,0.0,0.0,0.0,0.0,0.0,0,0.0,OFFLINE,0.0,0,0
15:31:50.362,0,0,0,0.0,0.0,0.0,0.0,0.0,0.0,0.0,0.0,0.0,0.0,0.0,0,0.0,OFFLINE,0.0,0,0
15:31:50.860,0,0,0,0.0,0.0,0.0,0.0,0.0,0.0,0.0,0.0,0.0,0.0,0.0,0,0.0,OFFLINE,0.0,0,0
15:31:51.362,0,0,0,0.0,0.0,0.0,0.0,0.0,0.0,0.0,0.0,0.0,0.0,0.0,0,0.0,OFFLINE,0.0,0,0
15:31:51.856,0,0,0,0.0,0.0,0.0,0.0,0.0,0.0,0.0,0.0,0.0,0.0,0.0,0,0.0,OFFLINE,0.0,0,0
15:31:52.364,0,0,0,0.0,0.0,0.0,0.0,0.0,0.0,0.0,0.0,0.0,0.0,0.0,0,0.0,OFFLINE,0.0,0,0
15:31:52.859,0,0,0,0.0,0.0,0.0,0.0,0.0,0.0,0.0,0.0,0.0,0.0,0.0,0,0.0,OFFLINE,0.0,0,0
15:31:53.361,0,0,0,0.0,0.0,0.0,0.0,0.0,0.0,0.0,0.0,0.0,0.0,0.0,0,0.0,OFFLINE,0.0,0,0
15:31:53.861,0,0,0,0.0,0.0,0.0,0.0,0.0,0.0,0.0,0.0,0.0,0.0,0.0,0,0.0,OFFLINE,0.0,0,0
15:31:54.362,0,0,0,0.0,0.0,0.0,0.0,0.0,0.0,0.0,0.0,0.0,0.0,0.0,0,0.0,OFFLINE,0.0,0,0
15:31:54.860,0,0,0,0.0,0.0,0.0,0.0,0.0,0.0,0.0,0.0,0.0,0.0,0.0,0,0.0,OFFLINE,0.0,0,0
15:31:55.362,0,0,0,0.0,0.0,0.0,0.0,0.0,0.0,0.0,0.0,0.0,0.0,0.0,0,0.0,OFFLINE,0.0,0,0
15:31:55.861,0,0,0,0.0,0.0,0.0,0.0,0.0,0.0,0.0,0.0,0.0,0.0,0.0,0,0.0,OFFLINE,0.0,0,0
15:31:56.360,0,0,0,0.0,0.0,0.0,0.0,0.0,0.0,0.0,0.0,0.0,0.0,0.0,0,0.0,OFFLINE,0.0,0,0
15:31:56.861,0,0,0,0.0,0.0,0.0,0.0,0.0,0.0,0.0,0.0,0.0,0.0,0.0,0,0.0,OFFLINE,0.0,0,0
15:31:57.360,0,0,0,0.0,0.0,0.0,0.0,0.0,0.0,0.0,0.0,0.0,0.0,0.0,0,0.0,OFFLINE,0.0,0,0
15:31:57.859,0,0,0,0.0,0.0,0.0,0.0,0.0,0.0,0.0,0.0,0.0,0.0,0.0,0,0.0,OFFLINE,0.0,0,0
15:31:58.359,0,0,0,0.0,0.0,0.0,0.0,0.0,0.0,0.0,0.0,0.0,0.0,0.0,0,0.0,OFFLINE,0.0,0,0
15:31:58.857,0,0,0,0.0,0.0,0.0,0.0,0.0,0.0,0.0,0.0,0.0,0.0,0.0,0,0.0,OFFLINE,0.0,0,0
15:31:59.365,0,0,0,0.0,0.0,0.0,0.0,0.0,0.0,0.0,0.0,0.0,0.0,0.0,0,0.0,OFFLINE,0.0,0,0
15:31:59.860,0,0,0,0.0,0.0,0.0,0.0,0.0,0.0,0.0,0.0,0.0,0.0,0.0,0,0.0,OFFLINE,0.0,0,0
15:32:00.357,0,0,0,0.0,0.0,0.0,0.0,0.0,0.0,0.0,0.0,0.0,0.0,0.0,0,0.0,OFFLINE,0.0,0,0
15:32:00.860,0,0,0,0.0,0.0,0.0,0.0,0.0,0.0,0.0,0.0,0.0,0.0,0.0,0,0.0,OFFLINE,0.0,0,0
15:32:01.358,0,0,0,0.0,0.0,0.0,0.0,0.0,0.0,0.0,0.0,0.0,0.0,0.0,0,0.0,OFFLINE,0.0,0,0
15:32:01.856,0,0,0,0.0,0.0,0.0,0.0,0.0,0.0,0.0,0.0,0.0,0.0,0.0,0,0.0,OFFLINE,0.0,0,0
15:32:02.358,0,0,0,0.0,0.0,0.0,0.0,0.0,0.0,0.0,0.0,0.0,0.0,0.0,0,0.0,OFFLINE,0.0,0,0
15:32:02.858,0,0,0,0.0,0.0,0.0,0.0,0.0,0.0,0.0,0.0,0.0,0.0,0.0,0,0.0,OFFLINE,0.0,0,0
15:32:03.357,0,0,0,0.0,0.0,0.0,0.0,0.0,0.0,0.0,0.0,0.0,0.0,0.0,0,0.0,OFFLINE,0.0,0,0
15:32:03.861,0,0,0,0.0,0.0,0.0,0.0,0.0,0.0,0.0,0.0,0.0,0.0,0.0,0,0.0,OFFLINE,0.0,0,0
15:32:04.362,0,0,0,0.0,0.0,0.0,0.0,0.0,0.0,0.0,0.0,0.0,0.0,0.0,0,0.0,OFFLINE,0.0,0,0
15:32:04.859,0,0,0,0.0,0.0,0.0,0.0,0.0,0.0,0.0,0.0,0.0,0.0,0.0,0,0.0,OFFLINE,0.0,0,0
15:32:05.362,0,0,0,0.0,0.0,0.0,0.0,0.0,0.0,0.0,0.0,0.0,0.0,0.0,0,0.0,OFFLINE,0.0,0,0
15:32:05.863,0,0,0,0.0,0.0,0.0,0.0,0.0,0.0,0.0,0.0,0.0,0.0,0.0,0,0.0,OFFLINE,0.0,0,0
15:32:06.361,0,0,0,0.0,0.0,0.0,0.0,0.0,0.0,0.0,0.0,0.0,0.0,0.0,0,0.0,OFFLINE,0.0,0,0
15:32:06.860,0,0,0,0.0,0.0,0.0,0.0,0.0,0.0,0.0,0.0,0.0,0.0,0.0,0,0.0,OFFLINE,0.0,0,0
15:32:07.359,0,0,0,0.0,0.0,0.0,0.0,0.0,0.0,0.0,0.0,0.0,0.0,0.0,0,0.0,OFFLINE,0.0,0,0
15:32:07.862,0,0,0,0.0,0.0,0.0,0.0,0.0,0.0,0.0,0.0,0.0,0.0,0.0,0,0.0,OFFLINE,0.0,0,0
15:32:08.360,0,0,0,0.0,0.0,0.0,0.0,0.0,0.0,0.0,0.0,0.0,0.0,0.0,0,0.0,OFFLINE,0.0,0,0
15:32:08.861,0,0,0,0.0,0.0,0.0,0.0,0.0,0.0,0.0,0.0,0.0,0.0,0.0,0,0.0,OFFLINE,0.0,0,0
15:32:09.361,0,0,0,0.0,0.0,0.0,0.0,0.0,0.0,0.0,0.0,0.0,0.0,0.0,0,0.0,OFFLINE,0.0,0,0
15:32:09.865,0,0,0,0.0,0.0,0.0,0.0,0.0,0.0,0.0,0.0,0.0,0.0,0.0,0,0.0,OFFLINE,0.0,0,0
15:32:10.363,0,0,0,0.0,0.0,0.0,0.0,0.0,0.0,0.0,0.0,0.0,0.0,0.0,0,0.0,OFFLINE,0.0,0,0
15:32:10.860,0,0,0,0.0,0.0,0.0,0.0,0.0,0.0,0.0,0.0,0.0,0.0,0.0,0,0.0,OFFLINE,0.0,0,0
15:32:11.356,0,0,0,0.0,0.0,0.0,0.0,0.0,0.0,0.0,0.0,0.0,0.0,0.0,0,0.0,OFFLINE,0.0,0,0
15:32:11.860,0,0,0,0.0,0.0,0.0,0.0,0.0,0.0,0.0,0.0,0.0,0.0,0.0,0,0.0,OFFLINE,0.0,0,0
15:32:12.362,0,0,0,0.0,0.0,0.0,0.0,0.0,0.0,0.0,0.0,0.0,0.0,0.0,0,0.0,OFFLINE,0.0,0,0
15:32:12.859,0,0,0,0.0,0.0,0.0,0.0,0.0,0.0,0.0,0.0,0.0,0.0,0.0,0,0.0,OFFLINE,0.0,0,0
15:32:13.357,0,0,0,0.0,0.0,0.0,0.0,0.0,0.0,0.0,0.0,0.0,0.0,0.0,0,0.0,OFFLINE,0.0,0,0
15:32:13.857,0,0,0,0.0,0.0,0.0,0.0,0.0,0.0,0.0,0.0,0.0,0.0,0.0,0,0.0,OFFLINE,0.0,0,0
15:32:14.358,0,0,0,0.0,0.0,0.0,0.0,0.0,0.0,0.0,0.0,0.0,0.0,0.0,0,0.0,OFFLINE,0.0,0,0
15:32:14.860,0,0,0,0.0,0.0,0.0,0.0,0.0,0.0,0.0,0.0,0.0,0.0,0.0,0,0.0,OFFLINE,0.0,0,0
15:32:15.369,0,0,0,0.0,0.0,0.0,0.0,0.0,0.0,0.0,0.0,0.0,0.0,0.0,0,0.0,OFFLINE,0.0,0,0
15:32:15.861,0,0,0,0.0,0.0,0.0,0.0,0.0,0.0,0.0,0.0,0.0,0.0,0.0,0,0.0,OFFLINE,0.0,0,0
15:32:16.357,0,0,0,0.0,0.0,0.0,0.0,0.0,0.0,0.0,0.0,0.0,0.0,0.0,0,0.0,OFFLINE,0.0,0,0
15:32:16.860,0,0,0,0.0,0.0,0.0,0.0,0.0,0.0,0.0,0.0,0.0,0.0,0.0,0,0.0,OFFLINE,0.0,0,0
15:32:17.369,0,0,0,0.0,0.0,0.0,0.0,0.0,0.0,0.0,0.0,0.0,0.0,0.0,0,0.0,OFFLINE,0.0,0,0
15:32:17.866,0,0,0,0.0,0.0,0.0,0.0,0.0,0.0,0.0,0.0,0.0,0.0,0.0,0,0.0,OFFLINE,0.0,0,0
15:32:18.364,0,0,0,0.0,0.0,0.0,0.0,0.0,0.0,0.0,0.0,0.0,0.0,0.0,0,0.0,OFFLINE,0.0,0,0
15:32:18.860,0,0,0,0.0,0.0,0.0,0.0,0.0,0.0,0.0,0.0,0.0,0.0,0.0,0,0.0,OFFLINE,0.0,0,0
15:32:19.364,0,0,0,0.0,0.0,0.0,0.0,0.0,0.0,0.0,0.0,0.0,0.0,0.0,0,0.0,OFFLINE,0.0,0,0
15:32:19.862,0,0,0,0.0,0.0,0.0,0.0,0.0,0.0,0.0,0.0,0.0,0.0,0.0,0,0.0,OFFLINE,0.0,0,0
15:32:20.359,0,0,0,0.0,0.0,0.0,0.0,0.0,0.0,0.0,0.0,0.0,0.0,0.0,0,0.0,OFFLINE,0.0,0,0
15:32:20.859,0,0,0,0.0,0.0,0.0,0.0,0.0,0.0,0.0,0.0,0.0,0.0,0.0,0,0.0,OFFLINE,0.0,0,0
15:32:21.358,0,0,0,0.0,0.0,0.0,0.0,0.0,0.0,0.0,0.0,0.0,0.0,0.0,0,0.0,OFFLINE,0.0,0,0
15:32:21.858,0,0,0,0.0,0.0,0.0,0.0,0.0,0.0,0.0,0.0,0.0,0.0,0.0,0,0.0,OFFLINE,0.0,0,0
15:32:22.360,0,0,0,0.0,0.0,0.0,0.0,0.0,0.0,0.0,0.0,0.0,0.0,0.0,0,0.0,OFFLINE,0.0,0,0
15:32:22.860,0,0,0,0.0,0.0,0.0,0.0,0.0,0.0,0.0,0.0,0.0,0.0,0.0,0,0.0,OFFLINE,0.0,0,0
15:32:23.358,0,0,0,0.0,0.0,0.0,0.0,0.0,0.0,0.0,0.0,0.0,0.0,0.0,0,0.0,OFFLINE,0.0,0,0
15:32:23.857,0,0,0,0.0,0.0,0.0,0.0,0.0,0.0,0.0,0.0,0.0,0.0,0.0,0,0.0,OFFLINE,0.0,0,0
15:32:24.357,0,0,0,0.0,0.0,0.0,0.0,0.0,0.0,0.0,0.0,0.0,0.0,0.0,0,0.0,OFFLINE,0.0,0,0
15:32:24.859,0,0,0,0.0,0.0,0.0,0.0,0.0,0.0,0.0,0.0,0.0,0.0,0.0,0,0.0,OFFLINE,0.0,0,0
15:32:25.357,0,0,0,0.0,0.0,0.0,0.0,0.0,0.0,0.0,0.0,0.0,0.0,0.0,0,0.0,OFFLINE,0.0,0,0
15:32:25.857,0,0,0,0.0,0.0,0.0,0.0,0.0,0.0,0.0,0.0,0.0,0.0,0.0,0,0.0,OFFLINE,0.0,0,0
15:32:26.359,0,0,0,0.0,0.0,0.0,0.0,0.0,0.0,0.0,0.0,0.0,0.0,0.0,0,0.0,OFFLINE,0.0,0,0
15:32:26.857,0,0,0,0.0,0.0,0.0,0.0,0.0,0.0,0.0,0.0,0.0,0.0,0.0,0,0.0,OFFLINE,0.0,0,0
15:32:27.358,0,0,0,0.0,0.0,0.0,0.0,0.0,0.0,0.0,0.0,0.0,0.0,0.0,0,0.0,OFFLINE,0.0,0,0
15:32:27.861,0,0,0,0.0,0.0,0.0,0.0,0.0,0.0,0.0,0.0,0.0,0.0,0.0,0,0.0,OFFLINE,0.0,0,0
15:32:28.358,0,0,0,0.0,0.0,0.0,0.0,0.0,0.0,0.0,0.0,0.0,0.0,0.0,0,0.0,OFFLINE,0.0,0,0
15:33:32.799,0,0,0,0.0,0.0,0.0,0.0,0.0,0.0,0.0,0.0,0.0,0.0,0.0,0,0.0,OFFLINE,0.0,0,0
15:33:33.201,0,0,0,0.0,0.0,0.0,0.0,0.0,0.0,0.0,0.0,0.0,0.0,0.0,0,0.0,OFFLINE,0.0,0,0
15:33:33.713,0,0,0,0.0,0.0,0.0,0.0,0.0,0.0,0.0,0.0,0.0,0.0,0.0,0,0.0,OFFLINE,0.0,0,0
15:33:34.204,0,0,0,0.0,0.0,0.0,0.0,0.0,0.0,0.0,0.0,0.0,0.0,0.0,0,0.0,OFFLINE,0.0,0,0
15:33:34.703,0,0,0,0.0,0.0,0.0,0.0,0.0,0.0,0.0,0.0,0.0,0.0,0.0,0,0.0,OFFLINE,0.0,0,0
15:33:35.201,0,0,0,0.0,0.0,0.0,0.0,0.0,0.0,0.0,0.0,0.0,0.0,0.0,0,0.0,OFFLINE,0.0,0,0
15:33:35.701,0,0,0,0.0,0.0,0.0,0.0,0.0,0.0,0.0,0.0,0.0,0.0,0.0,0,0.0,OFFLINE,0.0,0,0
15:33:36.200,0,0,0,0.0,0.0,0.0,0.0,0.0,0.0,0.0,0.0,0.0,0.0,0.0,0,0.0,OFFLINE,0.0,0,0
15:33:36.707,0,0,0,0.0,0.0,0.0,0.0,0.0,0.0,0.0,0.0,0.0,0.0,0.0,0,0.0,OFFLINE,0.0,0,0
15:33:37.202,0,0,0,0.0,0.0,0.0,0.0,0.0,0.0,0.0,0.0,0.0,0.0,0.0,0,0.0,OFFLINE,0.0,0,0
15:33:51.374,0,0,0,0.0,0.0,0.0,0.0,0.0,0.0,0.0,0.0,0.0,0.0,0.0,0,0.0,OFFLINE,0.0,0,0
15:33:51.872,0,0,0,0.0,0.0,0.0,0.0,0.0,0.0,0.0,0.0,0.0,0.0,0.0,0,0.0,OFFLINE,0.0,0,0
15:33:52.374,0,0,0,0.0,0.0,0.0,0.0,0.0,0.0,0.0,0.0,0.0,0.0,0.0,0,0.0,OFFLINE,0.0,0,0
15:33:52.874,0,0,0,0.0,0.0,0.0,0.0,0.0,0.0,0.0,0.0,0.0,0.0,0.0,0,0.0,OFFLINE,0.0,0,0
15:34:40.077,0,0,0,0.0,0.0,0.0,0.0,0.0,0.0,0.0,0.0,0.0,0.0,0.0,0,0.0,OFFLINE,0.0,0,0
15:34:40.578,0,0,0,0.0,0.0,0.0,0.0,0.0,0.0,0.0,0.0,0.0,0.0,0.0,0,0.0,OFFLINE,0.0,0,0
15:35:13.520,0,0,0,0.0,0.0,0.0,0.0,0.0,0.0,0.0,0.0,0.0,0.0,0.0,0,0.0,OFFLINE,0.0,0,0
15:35:14.017,0,0,0,0.0,0.0,0.0,0.0,0.0,0.0,0.0,0.0,0.0,0.0,0.0,0,0.0,OFFLINE,0.0,0,0
15:35:14.520,0,0,0,0.0,0.0,0.0,0.0,0.0,0.0,0.0,0.0,0.0,0.0,0.0,0,0.0,OFFLINE,0.0,0,0
15:35:15.018,0,0,0,0.0,0.0,0.0,0.0,0.0,0.0,0.0,0.0,0.0,0.0,0.0,0,0.0,OFFLINE,0.0,0,0
15:35:15.520,0,0,0,0.0,0.0,0.0,0.0,0.0,0.0,0.0,0.0,0.0,0.0,0.0,0,0.0,OFFLINE,0.0,0,0
15:35:16.016,0,0,0,0.0,0.0,0.0,0.0,0.0,0.0,0.0,0.0,0.0,0.0,0.0,0,0.0,OFFLINE,0.0,0,0
15:35:16.520,0,0,0,0.0,0.0,0.0,0.0,0.0,0.0,0.0,0.0,0.0,0.0,0.0,0,0.0,OFFLINE,0.0,0,0
15:35:17.017,0,0,0,0.0,0.0,0.0,0.0,0.0,0.0,0.0,0.0,0.0,0.0,0.0,0,0.0,OFFLINE,0.0,0,0
15:35:17.517,0,0,0,0.0,0.0,0.0,0.0,0.0,0.0,0.0,0.0,0.0,0.0,0.0,0,0.0,OFFLINE,0.0,0,0
15:35:18.016,0,0,0,0.0,0.0,0.0,0.0,0.0,0.0,0.0,0.0,0.0,0.0,0.0,0,0.0,OFFLINE,0.0,0,0
15:35:18.518,0,0,0,0.0,0.0,0.0,0.0,0.0,0.0,0.0,0.0,0.0,0.0,0.0,0,0.0,OFFLINE,0.0,0,0
15:35:19.018,0,0,0,0.0,0.0,0.0,0.0,0.0,0.0,0.0,0.0,0.0,0.0,0.0,0,0.0,OFFLINE,0.0,0,0
15:35:19.519,0,0,0,0.0,0.0,0.0,0.0,0.0,0.0,0.0,0.0,0.0,0.0,0.0,0,0.0,OFFLINE,0.0,0,0
15:35:20.014,0,0,0,0.0,0.0,0.0,0.0,0.0,0.0,0.0,0.0,0.0,0.0,0.0,0,0.0,OFFLINE,0.0,0,0
15:35:20.515,0,0,0,0.0,0.0,0.0,0.0,0.0,0.0,0.0,0.0,0.0,0.0,0.0,0,0.0,OFFLINE,0.0,0,0
15:35:21.019,0,0,0,0.0,0.0,0.0,0.0,0.0,0.0,0.0,0.0,0.0,0.0,0.0,0,0.0,OFFLINE,0.0,0,0
15:35:21.516,0,0,0,0.0,0.0,0.0,0.0,0.0,0.0,0.0,0.0,0.0,0.0,0.0,0,0.0,OFFLINE,0.0,0,0
15:35:22.014,0,0,0,0.0,0.0,0.0,0.0,0.0,0.0,0.0,0.0,0.0,0.0,0.0,0,0.0,OFFLINE,0.0,0,0
15:35:22.513,0,0,0,0.0,0.0,0.0,0.0,0.0,0.0,0.0,0.0,0.0,0.0,0.0,0,0.0,OFFLINE,0.0,0,0
15:35:23.023,0,0,0,0.0,0.0,0.0,0.0,0.0,0.0,0.0,0.0,0.0,0.0,0.0,0,0.0,OFFLINE,0.0,0,0
15:35:23.513,0,0,0,0.0,0.0,0.0,0.0,0.0,0.0,0.0,0.0,0.0,0.0,0.0,0,0.0,OFFLINE,0.0,0,0
15:35:24.016,0,0,0,0.0,0.0,0.0,0.0,0.0,0.0,0.0,0.0,0.0,0.0,0.0,0,0.0,OFFLINE,0.0,0,0
15:35:24.516,0,0,0,0.0,0.0,0.0,0.0,0.0,0.0,0.0,0.0,0.0,0.0,0.0,0,0.0,OFFLINE,0.0,0,0
15:35:25.014,0,0,0,0.0,0.0,0.0,0.0,0.0,0.0,0.0,0.0,0.0,0.0,0.0,0,0.0,OFFLINE,0.0,0,0
15:35:25.513,0,0,0,0.0,0.0,0.0,0.0,0.0,0.0,0.0,0.0,0.0,0.0,0.0,0,0.0,OFFLINE,0.0,0,0
15:38:02.491,0,0,0,0.0,0.0,0.0,0,0.0,OFFLINE,0.0,0,0
15:38:02.988,0,0,0,0.0,0.0,0.0,0,0.0,OFFLINE,0.0,0,0
15:38:03.484,0,0,0,0.0,0.0,0.0,0,0.0,OFFLINE,0.0,0,0
15:38:03.984,0,0,0,0.0,0.0,0.0,0,0.0,OFFLINE,0.0,0,0
15:38:04.483,0,0,0,0.0,0.0,0.0,0,0.0,OFFLINE,0.0,0,0
15:38:04.988,0,0,0,0.0,0.0,0.0,0,0.0,OFFLINE,0.0,0,0
15:38:05.484,0,0,0,0.0,0.0,0.0,0,0.0,OFFLINE,0.0,0,0
15:38:05.982,0,0,0,0.0,0.0,0.0,0,0.0,OFFLINE,0.0,0,0
15:38:06.483,0,0,0,0.0,0.0,0.0,0,0.0,OFFLINE,0.0,0,0
15:38:06.982,0,0,0,0.0,0.0,0.0,0,0.0,OFFLINE,0.0,0,0
15:38:07.484,0,0,0,0.0,0.0,0.0,0,0.0,OFFLINE,0.0,0,0
15:38:07.990,0,0,0,0.0,0.0,0.0,0,0.0,OFFLINE,0.0,0,0
15:38:08.485,0,0,0,0.0,0.0,0.0,0,0.0,OFFLINE,0.0,0,0
15:38:08.986,0,0,0,0.0,0.0,0.0,0,0.0,OFFLINE,0.0,0,0
15:38:09.482,0,0,0,0.0,0.0,0.0,0,0.0,OFFLINE,0.0,0,0
15:38:09.989,0,0,0,0.0,0.0,0.0,0,0.0,OFFLINE,0.0,0,0
15:38:10.485,0,0,0,0.0,0.0,0.0,0,0.0,OFFLINE,0.0,0,0
15:38:10.982,0,0,0,0.0,0.0,0.0,0,0.0,OFFLINE,0.0,0,0
15:38:11.484,0,0,0,0.0,0.0,0.0,0,0.0,OFFLINE,0.0,0,0
15:38:11.990,0,0,0,0.0,0.0,0.0,0,0.0,OFFLINE,0.0,0,0
15:38:12.487,0,0,0,0.0,0.0,0.0,0,0.0,OFFLINE,0.0,0,0
15:39:35.476,0,0,0,0.0,0.0,0.0,0,0.0,OFFLINE,0.0,0,0
15:39:35.761,0,0,0,0.0,0.0,0.0,0,0.0,OFFLINE,0.0,0,0
15:39:36.257,0,0,0,0.0,0.0,0.0,0,0.0,OFFLINE,0.0,0,0
15:39:36.753,0,0,0,0.0,0.0,0.0,0,0.0,OFFLINE,0.0,0,0
15:39:37.251,0,0,0,0.0,0.0,0.0,0,0.0,OFFLINE,0.0,0,0
15:39:37.753,0,0,0,0.0,0.0,0.0,0,0.0,OFFLINE,0.0,0,0
15:39:38.249,0,0,0,0.0,0.0,0.0,0,0.0,OFFLINE,0.0,0,0
15:39:38.752,0,0,0,0.0,0.0,0.0,0,0.0,OFFLINE,0.0,0,0
15:39:39.251,0,0,0,0.0,0.0,0.0,0,0.0,OFFLINE,0.0,0,0
15:39:39.752,0,0,0,0.0,0.0,0.0,0,0.0,OFFLINE,0.0,0,0
15:39:40.253,0,0,0,0.0,0.0,0.0,0,0.0,OFFLINE,0.0,0,0
15:39:40.753,0,0,0,0.0,0.0,0.0,0,0.0,OFFLINE,0.0,0,0
15:39:41.251,0,0,0,0.0,0.0,0.0,0,0.0,OFFLINE,0.0,0,0
15:39:41.752,0,0,0,0.0,0.0,0.0,0,0.0,OFFLINE,0.0,0,0
15:39:42.251,0,0,0,0.0,0.0,0.0,0,0.0,OFFLINE,0.0,0,0
15:39:42.748,0,0,0,0.0,0.0,0.0,0,0.0,OFFLINE,0.0,0,0
15:39:43.251,0,0,0,0.0,0.0,0.0,0,0.0,OFFLINE,0.0,0,0
15:39:43.753,0,0,0,0.0,0.0,0.0,0,0.0,OFFLINE,0.0,0,0
15:39:44.252,0,0,0,0.0,0.0,0.0,0,0.0,OFFLINE,0.0,0,0
15:39:44.752,0,0,0,0.0,0.0,0.0,0,0.0,OFFLINE,0.0,0,0
15:39:45.249,0,0,0,0.0,0.0,0.0,0,0.0,OFFLINE,0.0,0,0
15:39:45.754,0,0,0,0.0,0.0,0.0,0,0.0,OFFLINE,0.0,0,0
15:39:46.252,0,0,0,0.0,0.0,0.0,0,0.0,OFFLINE,0.0,0,0
15:39:46.753,0,0,0,0.0,0.0,0.0,0,0.0,OFFLINE,0.0,0,0
15:39:47.251,0,0,0,0.0,0.0,0.0,0,0.0,OFFLINE,0.0,0,0
15:39:47.751,0,0,0,0.0,0.0,0.0,0,0.0,OFFLINE,0.0,0,0
15:39:48.254,0,0,0,0.0,0.0,0.0,0,0.0,OFFLINE,0.0,0,0
15:39:48.755,0,0,0,0.0,0.0,0.0,0,0.0,OFFLINE,0.0,0,0
15:39:49.251,0,0,0,0.0,0.0,0.0,0,0.0,OFFLINE,0.0,0,0
15:39:49.756,0,0,0,0.0,0.0,0.0,0,0.0,OFFLINE,0.0,0,0
15:39:50.253,0,0,0,0.0,0.0,0.0,0,0.0,OFFLINE,0.0,0,0
15:39:50.753,0,0,0,0.0,0.0,0.0,0,0.0,OFFLINE,0.0,0,0
15:39:51.250,0,0,0,0.0,0.0,0.0,0,0.0,OFFLINE,0.0,0,0
15:39:51.751,0,0,0,0.0,0.0,0.0,0,0.0,OFFLINE,0.0,0,0
15:39:52.252,0,0,0,0.0,0.0,0.0,0,0.0,OFFLINE,0.0,0,0
15:39:52.754,0,0,0,0.0,0.0,0.0,0,0.0,OFFLINE,0.0,0,0
15:39:53.251,0,0,0,0.0,0.0,0.0,0,0.0,OFFLINE,0.0,0,0
15:39:53.754,0,0,0,0.0,0.0,0.0,0,0.0,OFFLINE,0.0,0,0
15:39:54.257,0,0,0,0.0,0.0,0.0,0,0.0,OFFLINE,0.0,0,0
15:39:54.754,0,0,0,0.0,0.0,0.0,0,0.0,OFFLINE,0.0,0,0
15:39:55.248,0,0,0,0.0,0.0,0.0,0,0.0,OFFLINE,0.0,0,0
15:39:55.755,0,0,0,0.0,0.0,0.0,0,0.0,OFFLINE,0.0,0,0
15:39:56.253,0,0,0,0.0,0.0,0.0,0,0.0,OFFLINE,0.0,0,0
15:39:56.751,0,0,0,0.0,0.0,0.0,0,0.0,OFFLINE,0.0,0,0
15:39:57.250,0,0,0,0.0,0.0,0.0,0,0.0,OFFLINE,0.0,0,0
15:44:25.512,0,0,0,0.0,0.0,0.0,0,0.0,OFFLINE,0.0,0,0
15:44:25.797,0,0,0,0.0,0.0,0.0,0,0.0,OFFLINE,0.0,0,0
15:44:26.297,0,0,0,0.0,0.0,0.0,0,0.0,OFFLINE,0.0,0,0
15:44:26.796,0,0,0,0.0,0.0,0.0,0,0.0,OFFLINE,0.0,0,0
15:44:27.297,0,0,0,0.0,0.0,0.0,0,0.0,OFFLINE,0.0,0,0
15:44:27.796,0,0,0,0.0,0.0,0.0,0,0.0,OFFLINE,0.0,0,0
15:44:28.295,0,0,0,0.0,0.0,0.0,0,0.0,OFFLINE,0.0,0,0
15:44:28.795,0,0,0,0.0,0.0,0.0,0,0.0,OFFLINE,0.0,0,0
15:44:29.296,0,0,0,0.0,0.0,0.0,0,0.0,OFFLINE,0.0,0,0
15:44:29.801,0,0,0,0.0,0.0,0.0,0,0.0,OFFLINE,0.0,0,0
15:44:30.297,0,0,0,0.0,0.0,0.0,0,0.0,OFFLINE,0.0,0,0
15:44:30.797,0,0,0,0.0,0.0,0.0,0,0.0,OFFLINE,0.0,0,0
15:44:31.296,0,0,0,0.0,0.0,0.0,0,0.0,OFFLINE,0.0,0,0
15:44:31.797,0,0,0,0.0,0.0,0.0,0,0.0,OFFLINE,0.0,0,0
15:44:32.295,0,0,0,0.0,0.0,0.0,0,0.0,OFFLINE,0.0,0,0
15:44:32.796,0,0,0,0.0,0.0,0.0,0,0.0,OFFLINE,0.0,0,0
15:44:33.296,0,0,0,0.0,0.0,0.0,0,0.0,OFFLINE,0.0,0,0
15:44:33.797,0,0,0,0.0,0.0,0.0,0,0.0,OFFLINE,0.0,0,0
15:44:34.297,0,0,0,0.0,0.0,0.0,0,0.0,OFFLINE,0.0,0,0
15:44:34.796,0,0,0,0.0,0.0,0.0,0,0.0,OFFLINE,0.0,0,0
15:44:35.306,0,0,0,0.0,0.0,0.0,0,0.0,OFFLINE,0.0,0,0
15:44:35.797,0,0,0,0.0,0.0,0.0,0,0.0,OFFLINE,0.0,0,0
15:44:36.296,0,0,0,0.0,0.0,0.0,0,0.0,OFFLINE,0.0,0,0
15:44:36.804,0,0,0,0.0,0.0,0.0,0,0.0,OFFLINE,0.0,0,0
15:44:37.307,0,0,0,0.0,0.0,0.0,0,0.0,OFFLINE,0.0,0,0
15:47:29.335,0,0,0,0.0,0.0,0.0,0,0.0,OFFLINE,0.0,0,0
15:47:29.626,0,0,0,0.0,0.0,0.0,0,0.0,OFFLINE,0.0,0,0
15:47:30.126,0,0,0,0.0,0.0,0.0,0,0.0,OFFLINE,0.0,0,0
15:47:30.625,0,0,0,0.0,0.0,0.0,0,0.0,OFFLINE,0.0,0,0
15:47:31.124,0,0,0,0.0,0.0,0.0,0,0.0,OFFLINE,0.0,0,0
15:47:31.627,0,0,0,0.0,0.0,0.0,0,0.0,OFFLINE,0.0,0,0
15:47:32.124,0,0,0,0.0,0.0,0.0,0,0.0,OFFLINE,0.0,0,0
15:47:32.624,0,0,0,0.0,0.0,0.0,0,0.0,OFFLINE,0.0,0,0
15:47:33.124,0,0,0,0.0,0.0,0.0,0,0.0,OFFLINE,0.0,0,0
15:47:33.641,0,0,0,0.0,0.0,0.0,0,0.0,OFFLINE,0.0,0,0
15:47:34.148,0,0,0,0.0,0.0,0.0,0,0.0,OFFLINE,0.0,0,0
15:47:34.644,0,0,0,0.0,0.0,0.0,0,0.0,OFFLINE,0.0,0,0
15:47:35.143,0,0,0,0.0,0.0,0.0,0,0.0,OFFLINE,0.0,0,0
15:47:35.641,0,0,0,0.0,0.0,0.0,0,0.0,OFFLINE,0.0,0,0
15:47:36.153,0,0,0,0.0,0.0,0.0,0,0.0,OFFLINE,0.0,0,0
15:47:36.651,0,0,0,0.0,0.0,0.0,0,0.0,OFFLINE,0.0,0,0
15:47:37.146,0,0,0,0.0,0.0,0.0,0,0.0,OFFLINE,0.0,0,0
15:47:37.639,0,0,0,0.0,0.0,0.0,0,0.0,OFFLINE,0.0,0,0
15:47:38.148,0,0,0,0.0,0.0,0.0,0,0.0,OFFLINE,0.0,0,0
15:47:38.641,0,0,0,0.0,0.0,0.0,0,0.0,OFFLINE,0.0,0,0
15:47:39.141,0,0,0,0.0,0.0,0.0,0,0.0,OFFLINE,0.0,0,0
15:47:39.640,0,0,0,0.0,0.0,0.0,0,0.0,OFFLINE,0.0,0,0
15:47:40.145,0,0,0,0.0,0.0,0.0,0,0.0,OFFLINE,0.0,0,0
15:47:40.640,0,0,0,0.0,0.0,0.0,0,0.0,OFFLINE,0.0,0,0
15:47:41.141,0,0,0,0.0,0.0,0.0,0,0.0,OFFLINE,0.0,0,0
15:47:41.643,0,0,0,0.0,0.0,0.0,0,0.0,OFFLINE,0.0,0,0
15:47:42.140,0,0,0,0.0,0.0,0.0,0,0.0,OFFLINE,0.0,0,0
15:47:42.646,0,0,0,0.0,0.0,0.0,0,0.0,OFFLINE,0.0,0,0
15:47:43.147,0,0,0,0.0,0.0,0.0,0,0.0,OFFLINE,0.0,0,0
15:47:43.643,0,0,0,0.0,0.0,0.0,0,0.0,OFFLINE,0.0,0,0
15:47:44.152,0,0,0,0.0,0.0,0.0,0,0.0,OFFLINE,0.0,0,0
15:47:44.648,0,0,0,0.0,0.0,0.0,0,0.0,OFFLINE,0.0,0,0
15:47:45.140,0,0,0,0.0,0.0,0.0,0,0.0,OFFLINE,0.0,0,0
15:47:45.643,0,0,0,0.0,0.0,0.0,0,0.0,OFFLINE,0.0,0,0
15:47:46.145,0,0,0,0.0,0.0,0.0,0,0.0,OFFLINE,0.0,0,0
15:47:46.648,0,0,0,0.0,0.0,0.0,0,0.0,OFFLINE,0.0,0,0
15:47:47.147,0,0,0,0.0,0.0,0.0,0,0.0,OFFLINE,0.0,0,0
15:47:47.643,0,0,0,0.0,0.0,0.0,0,0.0,OFFLINE,0.0,0,0
15:47:48.141,0,0,0,0.0,0.0,0.0,0,0.0,OFFLINE,0.0,0,0
15:47:48.645,0,0,0,0.0,0.0,0.0,0,0.0,OFFLINE,0.0,0,0
15:47:49.143,0,0,0,0.0,0.0,0.0,0,0.0,OFFLINE,0.0,0,0
15:47:49.642,0,0,0,0.0,0.0,0.0,0,0.0,OFFLINE,0.0,0,0
15:47:50.140,0,0,0,0.0,0.0,0.0,0,0.0,OFFLINE,0.0,0,0
15:47:50.650,0,0,0,0.0,0.0,0.0,0,0.0,OFFLINE,0.0,0,0
15:47:51.147,0,0,0,0.0,0.0,0.0,0,0.0,OFFLINE,0.0,0,0
15:47:51.643,0,0,0,0.0,0.0,0.0,0,0.0,OFFLINE,0.0,0,0
15:47:52.147,0,0,0,0.0,0.0,0.0,0,0.0,OFFLINE,0.0,0,0
15:47:52.647,0,0,0,0.0,0.0,0.0,0,0.0,OFFLINE,0.0,0,0
15:47:53.147,0,0,0,0.0,0.0,0.0,0,0.0,OFFLINE,0.0,0,0
15:47:53.643,0,0,0,0.0,0.0,0.0,0,0.0,OFFLINE,0.0,0,0
15:47:54.149,0,0,0,0.0,0.0,0.0,0,0.0,OFFLINE,0.0,0,0
15:47:54.646,0,0,0,0.0,0.0,0.0,0,0.0,OFFLINE,0.0,0,0
15:47:55.145,0,0,0,0.0,0.0,0.0,0,0.0,OFFLINE,0.0,0,0
15:47:55.643,0,0,0,0.0,0.0,0.0,0,0.0,OFFLINE,0.0,0,0
15:47:56.140,0,0,0,0.0,0.0,0.0,0,0.0,OFFLINE,0.0,0,0
15:47:56.640,0,0,0,0.0,0.0,0.0,0,0.0,OFFLINE,0.0,0,0
15:47:57.140,0,0,0,0.0,0.0,0.0,0,0.0,OFFLINE,0.0,0,0
15:47:57.644,0,0,0,0.0,0.0,0.0,0,0.0,OFFLINE,0.0,0,0
15:47:58.148,0,0,0,0.0,0.0,0.0,0,0.0,OFFLINE,0.0,0,0
15:47:58.651,0,0,0,0.0,0.0,0.0,0,0.0,OFFLINE,0.0,0,0
15:47:59.140,0,0,0,0.0,0.0,0.0,0,0.0,OFFLINE,0.0,0,0
15:47:59.642,0,0,0,0.0,0.0,0.0,0,0.0,OFFLINE,0.0,0,0
15:48:00.144,0,0,0,0.0,0.0,0.0,0,0.0,OFFLINE,0.0,0,0
15:48:00.650,0,0,0,0.0,0.0,0.0,0,0.0,OFFLINE,0.0,0,0
15:48:01.139,0,0,0,0.0,0.0,0.0,0,0.0,OFFLINE,0.0,0,0
15:48:01.642,0,0,0,0.0,0.0,0.0,0,0.0,OFFLINE,0.0,0,0
15:48:02.146,0,0,0,0.0,0.0,0.0,0,0.0,OFFLINE,0.0,0,0
15:48:02.644,0,0,0,0.0,0.0,0.0,0,0.0,OFFLINE,0.0,0,0
15:48:03.147,0,0,0,0.0,0.0,0.0,0,0.0,OFFLINE,0.0,0,0
15:48:03.643,0,0,0,0.0,0.0,0.0,0,0.0,OFFLINE,0.0,0,0
15:48:04.140,0,0,0,0.0,0.0,0.0,0,0.0,OFFLINE,0.0,0,0
15:48:04.648,0,0,0,0.0,0.0,0.0,0,0.0,OFFLINE,0.0,0,0
15:48:05.147,0,0,0,0.0,0.0,0.0,0,0.0,OFFLINE,0.0,0,0
15:48:05.643,0,0,0,0.0,0.0,0.0,0,0.0,OFFLINE,0.0,0,0
15:48:06.145,0,0,0,0.0,0.0,0.0,0,0.0,OFFLINE,0.0,0,0
15:48:06.643,0,0,0,0.0,0.0,0.0,0,0.0,OFFLINE,0.0,0,0
15:48:07.143,0,0,0,0.0,0.0,0.0,0,0.0,OFFLINE,0.0,0,0
15:48:07.641,0,0,0,0.0,0.0,0.0,0,0.0,OFFLINE,0.0,0,0
15:48:08.139,0,0,0,0.0,0.0,0.0,0,0.0,OFFLINE,0.0,0,0
15:48:08.642,0,0,0,0.0,0.0,0.0,0,0.0,OFFLINE,0.0,0,0
15:48:09.139,0,0,0,0.0,0.0,0.0,0,0.0,OFFLINE,0.0,0,0
15:48:09.643,0,0,0,0.0,0.0,0.0,0,0.0,OFFLINE,0.0,0,0
15:48:10.141,0,0,0,0.0,0.0,0.0,0,0.0,OFFLINE,0.0,0,0
15:48:10.644,0,0,0,0.0,0.0,0.0,0,0.0,OFFLINE,0.0,0,0
15:48:11.148,0,0,0,0.0,0.0,0.0,0,0.0,OFFLINE,0.0,0,0
15:48:11.643,0,0,0,0.0,0.0,0.0,0,0.0,OFFLINE,0.0,0,0
15:48:12.140,0,0,0,0.0,0.0,0.0,0,0.0,OFFLINE,0.0,0,0
15:48:12.640,0,0,0,0.0,0.0,0.0,0,0.0,OFFLINE,0.0,0,0
15:48:13.141,0,0,0,0.0,0.0,0.0,0,0.0,OFFLINE,0.0,0,0
15:48:13.643,0,0,0,0.0,0.0,0.0,0,0.0,OFFLINE,0.0,0,0
15:48:14.140,0,0,0,0.0,0.0,0.0,0,0.0,OFFLINE,0.0,0,0
15:48:14.650,0,0,0,0.0,0.0,0.0,0,0.0,OFFLINE,0.0,0,0
15:48:15.146,0,0,0,0.0,0.0,0.0,0,0.0,OFFLINE,0.0,0,0
15:48:15.644,0,0,0,0.0,0.0,0.0,0,0.0,OFFLINE,0.0,0,0
15:48:16.141,0,0,0,0.0,0.0,0.0,0,0.0,OFFLINE,0.0,0,0
15:48:16.642,0,0,0,0.0,0.0,0.0,0,0.0,OFFLINE,0.0,0,0
15:48:17.143,0,0,0,0.0,0.0,0.0,0,0.0,OFFLINE,0.0,0,0
15:48:17.643,0,0,0,0.0,0.0,0.0,0,0.0,OFFLINE,0.0,0,0
15:48:18.141,0,0,0,0.0,0.0,0.0,0,0.0,OFFLINE,0.0,0,0
15:48:18.641,0,0,0,0.0,0.0,0.0,0,0.0,OFFLINE,0.0,0,0
15:48:19.143,0,0,0,0.0,0.0,0.0,0,0.0,OFFLINE,0.0,0,0
15:48:19.643,0,0,0,0.0,0.0,0.0,0,0.0,OFFLINE,0.0,0,0
15:48:20.142,0,0,0,0.0,0.0,0.0,0,0.0,OFFLINE,0.0,0,0
15:48:20.652,0,0,0,0.0,0.0,0.0,0,0.0,OFFLINE,0.0,0,0
15:48:21.147,0,0,0,0.0,0.0,0.0,0,0.0,OFFLINE,0.0,0,0
15:48:21.639,0,0,0,0.0,0.0,0.0,0,0.0,OFFLINE,0.0,0,0
15:48:22.148,0,0,0,0.0,0.0,0.0,0,0.0,OFFLINE,0.0,0,0
15:48:22.647,0,0,0,0.0,0.0,0.0,0,0.0,OFFLINE,0.0,0,0
15:48:23.146,0,0,0,0.0,0.0,0.0,0,0.0,OFFLINE,0.0,0,0
15:48:23.643,0,0,0,0.0,0.0,0.0,0,0.0,OFFLINE,0.0,0,0
15:48:24.145,0,0,0,0.0,0.0,0.0,0,0.0,OFFLINE,0.0,0,0
15:48:24.643,0,0,0,0.0,0.0,0.0,0,0.0,OFFLINE,0.0,0,0
15:48:25.142,0,0,0,0.0,0.0,0.0,0,0.0,OFFLINE,0.0,0,0
15:48:25.642,0,0,0,0.0,0.0,0.0,0,0.0,OFFLINE,0.0,0,0
15:48:26.141,0,0,0,0.0,0.0,0.0,0,0.0,OFFLINE,0.0,0,0
15:48:26.650,0,0,0,0.0,0.0,0.0,0,0.0,OFFLINE,0.0,0,0
15:48:27.147,0,0,0,0.0,0.0,0.0,0,0.0,OFFLINE,0.0,0,0
15:48:27.643,0,0,0,0.0,0.0,0.0,0,0.0,OFFLINE,0.0,0,0
15:48:28.147,0,0,0,0.0,0.0,0.0,0,0.0,OFFLINE,0.0,0,0
15:48:28.643,0,0,0,0.0,0.0,0.0,0,0.0,OFFLINE,0.0,0,0
15:48:29.146,0,0,0,0.0,0.0,0.0,0,0.0,OFFLINE,0.0,0,0
15:48:29.644,0,0,0,0.0,0.0,0.0,0,0.0,OFFLINE,0.0,0,0
15:48:30.144,0,0,0,0.0,0.0,0.0,0,0.0,OFFLINE,0.0,0,0
15:48:30.642,0,0,0,0.0,0.0,0.0,0,0.0,OFFLINE,0.0,0,0
15:48:31.147,0,0,0,0.0,0.0,0.0,0,0.0,OFFLINE,0.0,0,0
15:48:31.644,0,0,0,0.0,0.0,0.0,0,0.0,OFFLINE,0.0,0,0
15:48:32.141,0,0,0,0.0,0.0,0.0,0,0.0,OFFLINE,0.0,0,0
15:48:32.645,0,0,0,0.0,0.0,0.0,0,0.0,OFFLINE,0.0,0,0
15:48:33.146,0,0,0,0.0,0.0,0.0,0,0.0,OFFLINE,0.0,0,0
15:48:33.642,0,0,0,0.0,0.0,0.0,0,0.0,OFFLINE,0.0,0,0
15:48:34.142,0,0,0,0.0,0.0,0.0,0,0.0,OFFLINE,0.0,0,0
15:48:34.644,0,0,0,0.0,0.0,0.0,0,0.0,OFFLINE,0.0,0,0
15:48:35.145,0,0,0,0.0,0.0,0.0,0,0.0,OFFLINE,0.0,0,0
15:48:35.642,0,0,0,0.0,0.0,0.0,0,0.0,OFFLINE,0.0,0,0
15:48:36.145,0,0,0,0.0,0.0,0.0,0,0.0,OFFLINE,0.0,0,0
15:48:36.644,0,0,0,0.0,0.0,0.0,0,0.0,OFFLINE,0.0,0,0
15:48:37.140,0,0,0,0.0,0.0,0.0,0,0.0,OFFLINE,0.0,0,0
15:48:37.639,0,0,0,0.0,0.0,0.0,0,0.0,OFFLINE,0.0,0,0
15:48:38.142,0,0,0,0.0,0.0,0.0,0,0.0,OFFLINE,0.0,0,0
15:48:38.643,0,0,0,0.0,0.0,0.0,0,0.0,OFFLINE,0.0,0,0
15:48:39.142,0,0,0,0.0,0.0,0.0,0,0.0,OFFLINE,0.0,0,0
15:48:39.641,0,0,0,0.0,0.0,0.0,0,0.0,OFFLINE,0.0,0,0
15:48:40.155,0,0,0,0.0,0.0,0.0,0,0.0,OFFLINE,0.0,0,0
15:48:40.650,0,0,0,0.0,0.0,0.0,0,0.0,OFFLINE,0.0,0,0
15:48:41.141,0,0,0,0.0,0.0,0.0,0,0.0,OFFLINE,0.0,0,0
15:48:41.641,0,0,0,0.0,0.0,0.0,0,0.0,OFFLINE,0.0,0,0
15:48:42.142,0,0,0,0.0,0.0,0.0,0,0.0,OFFLINE,0.0,0,0
15:48:42.642,0,0,0,0.0,0.0,0.0,0,0.0,OFFLINE,0.0,0,0
15:48:43.144,0,0,0,0.0,0.0,0.0,0,0.0,OFFLINE,0.0,0,0
15:48:43.644,0,0,0,0.0,0.0,0.0,0,0.0,OFFLINE,0.0,0,0
15:48:44.141,0,0,0,0.0,0.0,0.0,0,0.0,OFFLINE,0.0,0,0
15:48:44.645,0,0,0,0.0,0.0,0.0,0,0.0,OFFLINE,0.0,0,0
15:48:45.146,0,0,0,0.0,0.0,0.0,0,0.0,OFFLINE,0.0,0,0
15:48:45.643,0,0,0,0.0,0.0,0.0,0,0.0,OFFLINE,0.0,0,0
15:48:46.142,0,0,0,0.0,0.0,0.0,0,0.0,OFFLINE,0.0,0,0
15:48:46.642,0,0,0,0.0,0.0,0.0,0,0.0,OFFLINE,0.0,0,0
15:48:47.141,0,0,0,0.0,0.0,0.0,0,0.0,OFFLINE,0.0,0,0
15:48:47.641,0,0,0,0.0,0.0,0.0,0,0.0,OFFLINE,0.0,0,0
15:48:48.141,0,0,0,0.0,0.0,0.0,0,0.0,OFFLINE,0.0,0,0
15:48:48.642,0,0,0,0.0,0.0,0.0,0,0.0,OFFLINE,0.0,0,0
15:48:49.144,0,0,0,0.0,0.0,0.0,0,0.0,OFFLINE,0.0,0,0
15:48:49.643,0,0,0,0.0,0.0,0.0,0,0.0,OFFLINE,0.0,0,0
15:48:50.148,0,0,0,0.0,0.0,0.0,0,0.0,OFFLINE,0.0,0,0
15:48:50.644,0,0,0,0.0,0.0,0.0,0,0.0,OFFLINE,0.0,0,0
15:48:51.140,0,0,0,0.0,0.0,0.0,0,0.0,OFFLINE,0.0,0,0
16:04:04.430,0,0,0,0.0,0.0,0.0,0,0.0,OFFLINE,0.0,0,0
16:04:04.633,0,0,0,0.0,0.0,0.0,0,0.0,OFFLINE,0.0,0,0
16:04:05.134,0,0,0,0.0,0.0,0.0,0,0.0,OFFLINE,0.0,0,0
16:04:05.628,0,0,0,0.0,0.0,0.0,0,0.0,OFFLINE,0.0,0,0
16:04:06.134,0,0,0,0.0,0.0,0.0,0,0.0,OFFLINE,0.0,0,0
16:04:06.636,0,0,0,0.0,0.0,0.0,0,0.0,OFFLINE,0.0,0,0
16:04:07.132,0,0,0,0.0,0.0,0.0,0,0.0,OFFLINE,0.0,0,0
16:04:07.637,0,0,0,0.0,0.0,0.0,0,0.0,OFFLINE,0.0,0,0
16:04:08.135,0,0,0,0.0,0.0,0.0,0,0.0,OFFLINE,0.0,0,0
16:04:08.636,0,0,0,0.0,0.0,0.0,0,0.0,OFFLINE,0.0,0,0
16:04:09.134,0,0,0,0.0,0.0,0.0,0,0.0,OFFLINE,0.0,0,0
16:04:09.637,0,0,0,0.0,0.0,0.0,0,0.0,OFFLINE,0.0,0,0
16:04:10.134,0,0,0,0.0,0.0,0.0,0,0.0,OFFLINE,0.0,0,0
16:04:10.632,0,0,0,0.0,0.0,0.0,0,0.0,OFFLINE,0.0,0,0
16:04:11.132,0,0,0,0.0,0.0,0.0,0,0.0,OFFLINE,0.0,0,0
16:04:11.637,0,0,0,0.0,0.0,0.0,0,0.0,OFFLINE,0.0,0,0
16:04:12.135,0,0,0,0.0,0.0,0.0,0,0.0,OFFLINE,0.0,0,0
16:04:12.636,0,0,0,0.0,0.0,0.0,0,0.0,OFFLINE,0.0,0,0
16:04:13.126,0,0,0,0.0,0.0,0.0,0,0.0,OFFLINE,0.0,0,0
16:04:13.637,0,0,0,0.0,0.0,0.0,0,0.0,OFFLINE,0.0,0,0
16:04:14.132,0,0,0,0.0,0.0,0.0,0,0.0,OFFLINE,0.0,0,0
16:04:14.629,0,0,0,0.0,0.0,0.0,0,0.0,OFFLINE,0.0,0,0
16:04:15.126,0,0,0,0.0,0.0,0.0,0,0.0,OFFLINE,0.0,0,0
16:04:15.637,0,0,0,0.0,0.0,0.0,0,0.0,OFFLINE,0.0,0,0
16:04:16.140,0,0,0,0.0,0.0,0.0,0,0.0,OFFLINE,0.0,0,0
16:04:16.630,0,0,0,0.0,0.0,0.0,0,0.0,OFFLINE,0.0,0,0
16:04:17.126,0,0,0,0.0,0.0,0.0,0,0.0,OFFLINE,0.0,0,0
16:04:17.638,0,0,0,0.0,0.0,0.0,0,0.0,OFFLINE,0.0,0,0
16:04:18.133,0,0,0,0.0,0.0,0.0,0,0.0,OFFLINE,0.0,0,0
16:04:18.635,0,0,0,0.0,0.0,0.0,0,0.0,OFFLINE,0.0,0,0
16:04:19.132,0,0,0,0.0,0.0,0.0,0,0.0,OFFLINE,0.0,0,0
16:04:19.636,0,0,0,0.0,0.0,0.0,0,0.0,OFFLINE,0.0,0,0
16:04:20.134,0,0,0,0.0,0.0,0.0,0,0.0,OFFLINE,0.0,0,0
16:04:20.636,0,0,0,0.0,0.0,0.0,0,0.0,OFFLINE,0.0,0,0
16:04:21.132,0,0,0,0.0,0.0,0.0,0,0.0,OFFLINE,0.0,0,0
16:04:21.629,0,0,0,0.0,0.0,0.0,0,0.0,OFFLINE,0.0,0,0
16:04:22.134,0,0,0,0.0,0.0,0.0,0,0.0,OFFLINE,0.0,0,0
16:04:22.629,0,0,0,0.0,0.0,0.0,0,0.0,OFFLINE,0.0,0,0
16:04:23.132,0,0,0,0.0,0.0,0.0,0,0.0,OFFLINE,0.0,0,0
16:05:57.412,0,0,0,0.0,0.0,0.0,0,0.0,OFFLINE,0.0,0,0
16:05:57.668,0,0,0,0.0,0.0,0.0,0,0.0,OFFLINE,0.0,0,0
16:05:58.164,0,0,0,0.0,0.0,0.0,0,0.0,OFFLINE,0.0,0,0
16:05:58.663,0,0,0,0.0,0.0,0.0,0,0.0,OFFLINE,0.0,0,0
16:05:59.168,0,0,0,0.0,0.0,0.0,0,0.0,OFFLINE,0.0,0,0
16:05:59.665,0,0,0,0.0,0.0,0.0,0,0.0,OFFLINE,0.0,0,0
16:06:00.168,0,0,0,0.0,0.0,0.0,0,0.0,OFFLINE,0.0,0,0
16:06:00.663,0,0,0,0.0,0.0,0.0,0,0.0,OFFLINE,0.0,0,0
16:06:01.169,0,0,0,0.0,0.0,0.0,0,0.0,OFFLINE,0.0,0,0
16:06:01.665,0,0,0,0.0,0.0,0.0,0,0.0,OFFLINE,0.0,0,0
16:06:02.162,0,0,0,0.0,0.0,0.0,0,0.0,OFFLINE,0.0,0,0
16:06:02.657,0,0,0,0.0,0.0,0.0,0,0.0,OFFLINE,0.0,0,0
16:06:03.168,0,0,0,0.0,0.0,0.0,0,0.0,OFFLINE,0.0,0,0
16:06:03.665,0,0,0,0.0,0.0,0.0,0,0.0,OFFLINE,0.0,0,0
16:06:04.162,0,0,0,0.0,0.0,0.0,0,0.0,OFFLINE,0.0,0,0
16:06:04.665,0,0,0,0.0,0.0,0.0,0,0.0,OFFLINE,0.0,0,0
16:06:05.160,0,0,0,0.0,0.0,0.0,0,0.0,OFFLINE,0.0,0,0
16:06:05.672,0,0,0,0.0,0.0,0.0,0,0.0,OFFLINE,0.0,0,0
16:06:06.161,0,0,0,0.0,0.0,0.0,0,0.0,OFFLINE,0.0,0,0
16:06:06.659,0,0,0,0.0,0.0,0.0,0,0.0,OFFLINE,0.0,0,0
16:06:07.158,0,0,0,0.0,0.0,0.0,0,0.0,OFFLINE,0.0,0,0
16:06:07.665,0,0,0,0.0,0.0,0.0,0,0.0,OFFLINE,0.0,0,0
16:06:08.161,0,0,0,0.0,0.0,0.0,0,0.0,OFFLINE,0.0,0,0
16:06:08.658,0,0,0,0.0,0.0,0.0,0,0.0,OFFLINE,0.0,0,0
16:06:09.161,0,0,0,0.0,0.0,0.0,0,0.0,OFFLINE,0.0,0,0
16:06:09.666,0,0,0,0.0,0.0,0.0,0,0.0,OFFLINE,0.0,0,0
16:06:10.161,0,0,0,0.0,0.0,0.0,0,0.0,OFFLINE,0.0,0,0
16:06:10.663,0,0,0,0.0,0.0,0.0,0,0.0,OFFLINE,0.0,0,0
16:06:11.170,0,0,0,0.0,0.0,0.0,0,0.0,OFFLINE,0.0,0,0
16:06:11.665,0,0,0,0.0,0.0,0.0,0,0.0,OFFLINE,0.0,0,0
16:06:12.163,0,0,0,0.0,0.0,0.0,0,0.0,OFFLINE,0.0,0,0
16:06:12.658,0,0,0,0.0,0.0,0.0,0,0.0,OFFLINE,0.0,0,0
16:06:13.161,0,0,0,0.0,0.0,0.0,0,0.0,OFFLINE,0.0,0,0
16:06:13.672,0,0,0,0.0,0.0,0.0,0,0.0,OFFLINE,0.0,0,0
16:06:14.169,0,0,0,0.0,0.0,0.0,0,0.0,OFFLINE,0.0,0,0
16:06:14.665,0,0,0,0.0,0.0,0.0,0,0.0,OFFLINE,0.0,0,0
16:06:15.161,0,0,0,0.0,0.0,0.0,0,0.0,OFFLINE,0.0,0,0
16:06:15.665,0,0,0,0.0,0.0,0.0,0,0.0,OFFLINE,0.0,0,0
16:06:16.162,0,0,0,0.0,0.0,0.0,0,0.0,OFFLINE,0.0,0,0
16:06:16.659,0,0,0,0.0,0.0,0.0,0,0.0,OFFLINE,0.0,0,0
16:06:17.169,0,0,0,0.0,0.0,0.0,0,0.0,OFFLINE,0.0,0,0
16:06:17.665,0,0,0,0.0,0.0,0.0,0,0.0,OFFLINE,0.0,0,0
16:06:18.161,0,0,0,0.0,0.0,0.0,0,0.0,OFFLINE,0.0,0,0
16:06:18.664,0,0,0,0.0,0.0,0.0,0,0.0,OFFLINE,0.0,0,0
16:06:19.161,0,0,0,0.0,0.0,0.0,0,0.0,OFFLINE,0.0,0,0
16:06:19.672,0,0,0,0.0,0.0,0.0,0,0.0,OFFLINE,0.0,0,0
16:06:20.161,0,0,0,0.0,0.0,0.0,0,0.0,OFFLINE,0.0,0,0
16:06:20.659,0,0,0,0.0,0.0,0.0,0,0.0,OFFLINE,0.0,0,0
16:06:21.169,0,0,0,0.0,0.0,0.0,0,0.0,OFFLINE,0.0,0,0
16:06:21.664,0,0,0,0.0,0.0,0.0,0,0.0,OFFLINE,0.0,0,0
16:06:22.162,0,0,0,0.0,0.0,0.0,0,0.0,OFFLINE,0.0,0,0
16:06:22.658,0,0,0,0.0,0.0,0.0,0,0.0,OFFLINE,0.0,0,0
16:06:23.169,0,0,0,0.0,0.0,0.0,0,0.0,OFFLINE,0.0,0,0
16:06:23.665,0,0,0,0.0,0.0,0.0,0,0.0,OFFLINE,0.0,0,0
16:06:24.162,0,0,0,0.0,0.0,0.0,0,0.0,OFFLINE,0.0,0,0
16:06:24.665,0,0,0,0.0,0.0,0.0,0,0.0,OFFLINE,0.0,0,0
16:06:25.168,0,0,0,0.0,0.0,0.0,0,0.0,OFFLINE,0.0,0,0
16:06:25.665,0,0,0,0.0,0.0,0.0,0,0.0,OFFLINE,0.0,0,0
16:06:26.161,0,0,0,0.0,0.0,0.0,0,0.0,OFFLINE,0.0,0,0
16:06:26.658,0,0,0,0.0,0.0,0.0,0,0.0,OFFLINE,0.0,0,0
16:06:27.168,0,0,0,0.0,0.0,0.0,0,0.0,OFFLINE,0.0,0,0
16:06:27.658,0,0,0,0.0,0.0,0.0,0,0.0,OFFLINE,0.0,0,0
16:06:28.161,0,0,0,0.0,0.0,0.0,0,0.0,OFFLINE,0.0,0,0
16:06:28.660,0,0,0,0.0,0.0,0.0,0,0.0,OFFLINE,0.0,0,0
16:06:29.168,0,0,0,0.0,0.0,0.0,0,0.0,OFFLINE,0.0,0,0
16:06:29.664,0,0,0,0.0,0.0,0.0,0,0.0,OFFLINE,0.0,0,0
16:06:30.160,0,0,0,0.0,0.0,0.0,0,0.0,OFFLINE,0.0,0,0
16:06:30.664,0,0,0,0.0,0.0,0.0,0,0.0,OFFLINE,0.0,0,0
16:06:31.161,0,0,0,0.0,0.0,0.0,0,0.0,OFFLINE,0.0,0,0
16:06:31.665,0,0,0,0.0,0.0,0.0,0,0.0,OFFLINE,0.0,0,0
16:06:32.162,0,0,0,0.0,0.0,0.0,0,0.0,OFFLINE,0.0,0,0
16:06:32.665,0,0,0,0.0,0.0,0.0,0,0.0,OFFLINE,0.0,0,0
16:06:33.169,0,0,0,0.0,0.0,0.0,0,0.0,OFFLINE,0.0,0,0
16:06:33.667,0,0,0,0.0,0.0,0.0,0,0.0,OFFLINE,0.0,0,0
16:06:34.162,0,0,0,0.0,0.0,0.0,0,0.0,OFFLINE,0.0,0,0
16:06:34.657,0,0,0,0.0,0.0,0.0,0,0.0,OFFLINE,0.0,0,0
16:06:35.161,0,0,0,0.0,0.0,0.0,0,0.0,OFFLINE,0.0,0,0
16:06:35.665,0,0,0,0.0,0.0,0.0,0,0.0,OFFLINE,0.0,0,0
16:06:36.168,0,0,0,0.0,0.0,0.0,0,0.0,OFFLINE,0.0,0,0
16:06:36.665,0,0,0,0.0,0.0,0.0,0,0.0,OFFLINE,0.0,0,0
16:06:37.169,0,0,0,0.0,0.0,0.0,0,0.0,OFFLINE,0.0,0,0
16:06:37.665,0,0,0,0.0,0.0,0.0,0,0.0,OFFLINE,0.0,0,0
16:06:38.169,0,0,0,0.0,0.0,0.0,0,0.0,OFFLINE,0.0,0,0
16:06:38.665,0,0,0,0.0,0.0,0.0,0,0.0,OFFLINE,0.0,0,0
16:06:39.161,0,0,0,0.0,0.0,0.0,0,0.0,OFFLINE,0.0,0,0
16:06:39.665,0,0,0,0.0,0.0,0.0,0,0.0,OFFLINE,0.0,0,0
16:06:40.168,0,0,0,0.0,0.0,0.0,0,0.0,OFFLINE,0.0,0,0
16:06:40.665,0,0,0,0.0,0.0,0.0,0,0.0,OFFLINE,0.0,0,0
16:06:41.169,0,0,0,0.0,0.0,0.0,0,0.0,OFFLINE,0.0,0,0
16:06:41.664,0,0,0,0.0,0.0,0.0,0,0.0,OFFLINE,0.0,0,0
16:06:42.162,0,0,0,0.0,0.0,0.0,0,0.0,OFFLINE,0.0,0,0
16:06:42.664,0,0,0,0.0,0.0,0.0,0,0.0,OFFLINE,0.0,0,0
16:06:43.168,0,0,0,0.0,0.0,0.0,0,0.0,OFFLINE,0.0,0,0
16:06:43.664,0,0,0,0.0,0.0,0.0,0,0.0,OFFLINE,0.0,0,0
16:06:44.163,0,0,0,0.0,0.0,0.0,0,0.0,OFFLINE,0.0,0,0
16:06:44.665,0,0,0,0.0,0.0,0.0,0,0.0,OFFLINE,0.0,0,0
16:06:45.168,0,0,0,0.0,0.0,0.0,0,0.0,OFFLINE,0.0,0,0
16:06:45.672,0,0,0,0.0,0.0,0.0,0,0.0,OFFLINE,0.0,0,0
16:06:46.169,0,0,0,0.0,0.0,0.0,0,0.0,OFFLINE,0.0,0,0
16:06:46.664,0,0,0,0.0,0.0,0.0,0,0.0,OFFLINE,0.0,0,0
16:06:47.169,0,0,0,0.0,0.0,0.0,0,0.0,OFFLINE,0.0,0,0
16:06:47.666,0,0,0,0.0,0.0,0.0,0,0.0,OFFLINE,0.0,0,0
16:06:48.168,0,0,0,0.0,0.0,0.0,0,0.0,OFFLINE,0.0,0,0
16:06:48.657,0,0,0,0.0,0.0,0.0,0,0.0,OFFLINE,0.0,0,0
16:06:49.169,0,0,0,0.0,0.0,0.0,0,0.0,OFFLINE,0.0,0,0
16:06:49.667,0,0,0,0.0,0.0,0.0,0,0.0,OFFLINE,0.0,0,0
16:06:50.168,0,0,0,0.0,0.0,0.0,0,0.0,OFFLINE,0.0,0,0
16:06:50.665,0,0,0,0.0,0.0,0.0,0,0.0,OFFLINE,0.0,0,0
16:06:51.169,0,0,0,0.0,0.0,0.0,0,0.0,OFFLINE,0.0,0,0
16:06:51.672,0,0,0,0.0,0.0,0.0,0,0.0,OFFLINE,0.0,0,0
16:06:52.168,0,0,0,0.0,0.0,0.0,0,0.0,OFFLINE,0.0,0,0
16:06:52.664,0,0,0,0.0,0.0,0.0,0,0.0,OFFLINE,0.0,0,0
16:06:53.161,0,0,0,0.0,0.0,0.0,0,0.0,OFFLINE,0.0,0,0
16:26:17.065,0,0,0,0.0,0.0,0.0,0,0.0,OFFLINE,0.0,0,0
16:26:17.111,0,0,0,0.0,0.0,0.0,0,0.0,OFFLINE,0.0,0,0
16:26:17.611,0,0,0,0.0,0.0,0.0,0,0.0,OFFLINE,0.0,0,0
16:26:18.101,0,0,0,0.0,0.0,0.0,0,0.0,OFFLINE,0.0,0,0
16:26:18.598,0,0,0,0.0,0.0,0.0,0,0.0,OFFLINE,0.0,0,0
16:26:19.101,0,0,0,0.0,0.0,0.0,0,0.0,OFFLINE,0.0,0,0
16:26:19.605,0,0,0,0.0,0.0,0.0,0,0.0,OFFLINE,0.0,0,0
16:26:20.101,0,0,0,0.0,0.0,0.0,0,0.0,OFFLINE,0.0,0,0
16:26:20.597,0,0,0,0.0,0.0,0.0,0,0.0,OFFLINE,0.0,0,0
16:26:21.101,0,0,0,0.0,0.0,0.0,0,0.0,OFFLINE,0.0,0,0
16:26:21.604,0,0,0,0.0,0.0,0.0,0,0.0,OFFLINE,0.0,0,0
16:26:22.102,0,0,0,0.0,0.0,0.0,0,0.0,OFFLINE,0.0,0,0
16:26:22.599,0,0,0,0.0,0.0,0.0,0,0.0,OFFLINE,0.0,0,0
16:26:23.110,0,0,0,0.0,0.0,0.0,0,0.0,OFFLINE,0.0,0,0
16:26:23.607,0,0,0,0.0,0.0,0.0,0,0.0,OFFLINE,0.0,0,0
16:26:24.109,0,0,0,0.0,0.0,0.0,0,0.0,OFFLINE,0.0,0,0
16:26:24.604,0,0,0,0.0,0.0,0.0,0,0.0,OFFLINE,0.0,0,0
16:26:25.101,0,0,0,0.0,0.0,0.0,0,0.0,OFFLINE,0.0,0,0
16:26:25.605,0,0,0,0.0,0.0,0.0,0,0.0,OFFLINE,0.0,0,0
16:26:26.103,0,0,0,0.0,0.0,0.0,0,0.0,OFFLINE,0.0,0,0
16:26:26.605,0,0,0,0.0,0.0,0.0,0,0.0,OFFLINE,0.0,0,0
16:26:27.101,0,0,0,0.0,0.0,0.0,0,0.0,OFFLINE,0.0,0,0
16:26:27.605,0,0,0,0.0,0.0,0.0,0,0.0,OFFLINE,0.0,0,0
16:26:28.103,0,0,0,0.0,0.0,0.0,0,0.0,OFFLINE,0.0,0,0
16:26:28.604,0,0,0,0.0,0.0,0.0,0,0.0,OFFLINE,0.0,0,0
16:26:29.109,0,0,0,0.0,0.0,0.0,0,0.0,OFFLINE,0.0,0,0
16:26:29.607,0,0,0,0.0,0.0,0.0,0,0.0,OFFLINE,0.0,0,0
16:26:30.102,0,0,0,0.0,0.0,0.0,0,0.0,OFFLINE,0.0,0,0
16:27:56.912,0,0,0,0.0,0.0,0.0,0,0.0,OFFLINE,0.0,0,0
16:27:57.167,0,0,0,0.0,0.0,0.0,0,0.0,OFFLINE,0.0,0,0
16:27:57.674,0,0,0,0.0,0.0,0.0,0,0.0,OFFLINE,0.0,0,0
16:27:58.165,0,0,0,0.0,0.0,0.0,0,0.0,OFFLINE,0.0,0,0
16:27:58.679,0,0,0,0.0,0.0,0.0,0,0.0,OFFLINE,0.0,0,0
16:27:59.171,0,0,0,0.0,0.0,0.0,0,0.0,OFFLINE,0.0,0,0
16:27:59.666,0,0,0,0.0,0.0,0.0,0,0.0,OFFLINE,0.0,0,0
16:28:00.168,0,0,0,0.0,0.0,0.0,0,0.0,OFFLINE,0.0,0,0
16:28:00.669,0,0,0,0.0,0.0,0.0,0,0.0,OFFLINE,0.0,0,0
16:28:01.167,0,0,0,0.0,0.0,0.0,0,0.0,OFFLINE,0.0,0,0
16:28:01.673,0,0,0,0.0,0.0,0.0,0,0.0,OFFLINE,0.0,0,0
16:28:02.162,0,0,0,0.0,0.0,0.0,0,0.0,OFFLINE,0.0,0,0
16:28:02.670,0,0,0,0.0,0.0,0.0,0,0.0,OFFLINE,0.0,0,0
16:28:03.161,0,0,0,0.0,0.0,0.0,0,0.0,OFFLINE,0.0,0,0
16:28:03.668,0,0,0,0.0,0.0,0.0,0,0.0,OFFLINE,0.0,0,0
16:28:04.175,0,0,0,0.0,0.0,0.0,0,0.0,OFFLINE,0.0,0,0
16:28:04.673,0,0,0,0.0,0.0,0.0,0,0.0,OFFLINE,0.0,0,0
16:28:05.183,0,0,0,0.0,0.0,0.0,0,0.0,OFFLINE,0.0,0,0
16:28:05.673,0,0,0,0.0,0.0,0.0,0,0.0,OFFLINE,0.0,0,0
16:28:06.163,0,0,0,0.0,0.0,0.0,0,0.0,OFFLINE,0.0,0,0
16:28:06.665,0,0,0,0.0,0.0,0.0,0,0.0,OFFLINE,0.0,0,0
16:28:07.178,0,0,0,0.0,0.0,0.0,0,0.0,OFFLINE,0.0,0,0
16:28:07.670,0,0,0,0.0,0.0,0.0,0,0.0,OFFLINE,0.0,0,0
16:28:08.173,0,0,0,0.0,0.0,0.0,0,0.0,OFFLINE,0.0,0,0
16:28:08.679,0,0,0,0.0,0.0,0.0,0,0.0,OFFLINE,0.0,0,0
16:28:09.168,0,0,0,0.0,0.0,0.0,0,0.0,OFFLINE,0.0,0,0
16:28:09.675,0,0,0,0.0,0.0,0.0,0,0.0,OFFLINE,0.0,0,0
16:28:10.167,0,0,0,0.0,0.0,0.0,0,0.0,OFFLINE,0.0,0,0
16:28:10.665,0,0,0,0.0,0.0,0.0,0,0.0,OFFLINE,0.0,0,0
16:28:11.167,0,0,0,0.0,0.0,0.0,0,0.0,OFFLINE,0.0,0,0
16:28:11.671,0,0,0,0.0,0.0,0.0,0,0.0,OFFLINE,0.0,0,0
16:28:12.176,0,0,0,0.0,0.0,0.0,0,0.0,OFFLINE,0.0,0,0
16:28:12.666,0,0,0,0.0,0.0,0.0,0,0.0,OFFLINE,0.0,0,0
16:28:13.169,0,0,0,0.0,0.0,0.0,0,0.0,OFFLINE,0.0,0,0
16:28:13.676,0,0,0,0.0,0.0,0.0,0,0.0,OFFLINE,0.0,0,0
16:28:14.174,0,0,0,0.0,0.0,0.0,0,0.0,OFFLINE,0.0,0,0
16:28:14.664,0,0,0,0.0,0.0,0.0,0,0.0,OFFLINE,0.0,0,0
16:28:15.162,0,0,0,0.0,0.0,0.0,0,0.0,OFFLINE,0.0,0,0
16:28:15.662,0,0,0,0.0,0.0,0.0,0,0.0,OFFLINE,0.0,0,0
16:28:16.162,0,0,0,0.0,0.0,0.0,0,0.0,OFFLINE,0.0,0,0
16:28:16.670,0,0,0,0.0,0.0,0.0,0,0.0,OFFLINE,0.0,0,0
16:28:17.176,0,0,0,0.0,0.0,0.0,0,0.0,OFFLINE,0.0,0,0
16:28:17.664,0,0,0,0.0,0.0,0.0,0,0.0,OFFLINE,0.0,0,0
16:28:18.184,0,0,0,0.0,0.0,0.0,0,0.0,OFFLINE,0.0,0,0
16:28:18.671,0,0,0,0.0,0.0,0.0,0,0.0,OFFLINE,0.0,0,0
16:28:19.170,0,0,0,0.0,0.0,0.0,0,0.0,OFFLINE,0.0,0,0
16:28:19.672,0,0,0,0.0,0.0,0.0,0,0.0,OFFLINE,0.0,0,0
16:28:20.164,0,0,0,0.0,0.0,0.0,0,0.0,OFFLINE,0.0,0,0
16:28:20.670,0,0,0,0.0,0.0,0.0,0,0.0,OFFLINE,0.0,0,0
16:28:21.171,0,0,0,0.0,0.0,0.0,0,0.0,OFFLINE,0.0,0,0
16:28:21.665,0,0,0,0.0,0.0,0.0,0,0.0,OFFLINE,0.0,0,0
16:28:22.176,0,0,0,0.0,0.0,0.0,0,0.0,OFFLINE,0.0,0,0
16:28:22.665,0,0,0,0.0,0.0,0.0,0,0.0,OFFLINE,0.0,0,0
16:28:23.177,0,0,0,0.0,0.0,0.0,0,0.0,OFFLINE,0.0,0,0
16:28:23.665,0,0,0,0.0,0.0,0.0,0,0.0,OFFLINE,0.0,0,0
16:28:24.164,0,0,0,0.0,0.0,0.0,0,0.0,OFFLINE,0.0,0,0
16:28:24.669,0,0,0,0.0,0.0,0.0,0,0.0,OFFLINE,0.0,0,0
16:28:25.166,0,0,0,0.0,0.0,0.0,0,0.0,OFFLINE,0.0,0,0
16:28:25.665,0,0,0,0.0,0.0,0.0,0,0.0,OFFLINE,0.0,0,0
16:28:26.168,0,0,0,0.0,0.0,0.0,0,0.0,OFFLINE,0.0,0,0
16:28:26.668,0,0,0,0.0,0.0,0.0,0,0.0,OFFLINE,0.0,0,0
16:28:27.177,0,0,0,0.0,0.0,0.0,0,0.0,OFFLINE,0.0,0,0
16:28:27.677,0,0,0,0.0,0.0,0.0,0,0.0,OFFLINE,0.0,0,0
16:28:28.179,0,0,0,0.0,0.0,0.0,0,0.0,OFFLINE,0.0,0,0
16:28:28.664,0,0,0,0.0,0.0,0.0,0,0.0,OFFLINE,0.0,0,0
16:28:29.169,0,0,0,0.0,0.0,0.0,0,0.0,OFFLINE,0.0,0,0
16:28:29.662,0,0,0,0.0,0.0,0.0,0,0.0,OFFLINE,0.0,0,0
16:28:30.167,0,0,0,0.0,0.0,0.0,0,0.0,OFFLINE,0.0,0,0
16:28:30.673,0,0,0,0.0,0.0,0.0,0,0.0,OFFLINE,0.0,0,0
16:28:31.170,0,0,0,0.0,0.0,0.0,0,0.0,OFFLINE,0.0,0,0
16:28:31.666,0,0,0,0.0,0.0,0.0,0,0.0,OFFLINE,0.0,0,0
16:28:32.171,0,0,0,0.0,0.0,0.0,0,0.0,OFFLINE,0.0,0,0
16:28:32.680,0,0,0,0.0,0.0,0.0,0,0.0,OFFLINE,0.0,0,0
16:28:33.167,0,0,0,0.0,0.0,0.0,0,0.0,OFFLINE,0.0,0,0
16:28:33.680,0,0,0,0.0,0.0,0.0,0,0.0,OFFLINE,0.0,0,0
16:28:34.183,0,0,0,0.0,0.0,0.0,0,0.0,OFFLINE,0.0,0,0
16:28:34.686,0,0,0,0.0,0.0,0.0,0,0.0,OFFLINE,0.0,0,0
16:28:35.183,0,0,0,0.0,0.0,0.0,0,0.0,OFFLINE,0.0,0,0
16:28:35.681,0,0,0,0.0,0.0,0.0,0,0.0,OFFLINE,0.0,0,0
16:28:36.190,0,0,0,0.0,0.0,0.0,0,0.0,OFFLINE,0.0,0,0
16:28:36.688,0,0,0,0.0,0.0,0.0,0,0.0,OFFLINE,0.0,0,0
16:28:37.191,0,0,0,0.0,0.0,0.0,0,0.0,OFFLINE,0.0,0,0
16:28:37.691,0,0,0,0.0,0.0,0.0,0,0.0,OFFLINE,0.0,0,0
16:28:38.185,0,0,0,0.0,0.0,0.0,0,0.0,OFFLINE,0.0,0,0
16:28:38.691,0,0,0,0.0,0.0,0.0,0,0.0,OFFLINE,0.0,0,0
16:28:39.194,0,0,0,0.0,0.0,0.0,0,0.0,OFFLINE,0.0,0,0
16:28:39.688,0,0,0,0.0,0.0,0.0,0,0.0,OFFLINE,0.0,0,0
16:28:40.177,0,0,0,0.0,0.0,0.0,0,0.0,OFFLINE,0.0,0,0
16:28:40.680,0,0,0,0.0,0.0,0.0,0,0.0,OFFLINE,0.0,0,0
16:28:41.192,0,0,0,0.0,0.0,0.0,0,0.0,OFFLINE,0.0,0,0
16:29:24.431,0,0,0,0.0,0.0,0.0,0,0.0,OFFLINE,0.0,0,0
16:29:24.725,0,0,0,0.0,0.0,0.0,0,0.0,OFFLINE,0.0,0,0
16:29:25.225,0,0,0,0.0,0.0,0.0,0,0.0,OFFLINE,0.0,0,0
16:29:25.730,0,0,0,0.0,0.0,0.0,0,0.0,OFFLINE,0.0,0,0
16:29:26.228,0,0,0,0.0,0.0,0.0,0,0.0,OFFLINE,0.0,0,0
16:29:26.730,0,0,0,0.0,0.0,0.0,0,0.0,OFFLINE,0.0,0,0
16:29:27.234,0,0,0,0.0,0.0,0.0,0,0.0,OFFLINE,0.0,0,0
16:29:27.731,0,0,0,0.0,0.0,0.0,0,0.0,OFFLINE,0.0,0,0
16:29:28.228,0,0,0,0.0,0.0,0.0,0,0.0,OFFLINE,0.0,0,0
16:31:02.753,0,0,0,0.0,0.0,0.0,0,0.0,OFFLINE,0.0,0,0
16:31:03.056,0,0,0,0.0,0.0,0.0,0,0.0,OFFLINE,0.0,0,0
16:31:03.552,0,0,0,0.0,0.0,0.0,0,0.0,OFFLINE,0.0,0,0
16:31:04.057,0,0,0,0.0,0.0,0.0,0,0.0,OFFLINE,0.0,0,0
16:31:04.560,0,0,0,0.0,0.0,0.0,0,0.0,OFFLINE,0.0,0,0
16:31:05.056,0,0,0,0.0,0.0,0.0,0,0.0,OFFLINE,0.0,0,0
16:31:05.560,0,0,0,0.0,0.0,0.0,0,0.0,OFFLINE,0.0,0,0
16:31:06.059,0,0,0,0.0,0.0,0.0,0,0.0,OFFLINE,0.0,0,0
16:31:06.559,0,0,0,0.0,0.0,0.0,0,0.0,OFFLINE,0.0,0,0
16:31:07.056,0,0,0,0.0,0.0,0.0,0,0.0,OFFLINE,0.0,0,0
16:31:07.560,0,0,0,0.0,0.0,0.0,0,0.0,OFFLINE,0.0,0,0
16:31:08.064,0,0,0,0.0,0.0,0.0,0,0.0,OFFLINE,0.0,0,0
16:31:08.560,0,0,0,0.0,0.0,0.0,0,0.0,OFFLINE,0.0,0,0
16:33:31.917,0,0,0,0.0,0.0,0.0,0,0.0,OFFLINE,0.0,0,0
16:33:32.112,0,0,0,0.0,0.0,0.0,0,0.0,OFFLINE,0.0,0,0
16:33:32.603,0,0,0,0.0,0.0,0.0,0,0.0,OFFLINE,0.0,0,0
16:33:33.108,0,0,0,0.0,0.0,0.0,0,0.0,OFFLINE,0.0,0,0
16:33:33.613,0,0,0,0.0,0.0,0.0,0,0.0,OFFLINE,0.0,0,0
16:33:34.111,0,0,0,0.0,0.0,0.0,0,0.0,OFFLINE,0.0,0,0
16:33:34.612,0,0,0,0.0,0.0,0.0,0,0.0,OFFLINE,0.0,0,0
16:33:35.106,0,0,0,0.0,0.0,0.0,0,0.0,OFFLINE,0.0,0,0
16:33:35.603,0,0,0,0.0,0.0,0.0,0,0.0,OFFLINE,0.0,0,0
16:33:36.102,0,0,0,0.0,0.0,0.0,0,0.0,OFFLINE,0.0,0,0
16:33:36.603,0,0,0,0.0,0.0,0.0,0,0.0,OFFLINE,0.0,0,0
16:33:37.110,0,0,0,0.0,0.0,0.0,0,0.0,OFFLINE,0.0,0,0
16:33:37.601,0,0,0,0.0,0.0,0.0,0,0.0,OFFLINE,0.0,0,0
16:33:38.115,0,0,0,0.0,0.0,0.0,0,0.0,OFFLINE,0.0,0,0
16:33:38.609,0,0,0,0.0,0.0,0.0,0,0.0,OFFLINE,0.0,0,0
16:33:39.111,0,0,0,0.0,0.0,0.0,0,0.0,OFFLINE,0.0,0,0
16:33:39.621,0,0,0,0.0,0.0,0.0,0,0.0,OFFLINE,0.0,0,0
16:33:40.119,0,0,0,0.0,0.0,0.0,0,0.0,OFFLINE,0.0,0,0
16:33:40.626,0,0,0,0.0,0.0,0.0,0,0.0,OFFLINE,0.0,0,0
16:33:41.123,0,0,0,0.0,0.0,0.0,0,0.0,OFFLINE,0.0,0,0
16:33:41.622,0,0,0,0.0,0.0,0.0,0,0.0,OFFLINE,0.0,0,0
16:33:42.120,0,0,0,0.0,0.0,0.0,0,0.0,OFFLINE,0.0,0,0
16:33:42.627,0,0,0,0.0,0.0,0.0,0,0.0,OFFLINE,0.0,0,0
16:36:02.165,0,0,0,0.0,0.0,0.0,0,0.0,OFFLINE,0.0,0,0
16:36:02.459,0,0,0,0.0,0.0,0.0,0,0.0,OFFLINE,0.0,0,0
16:36:02.948,0,0,0,0.0,0.0,0.0,0,0.0,OFFLINE,0.0,0,0
16:36:03.451,0,0,0,0.0,0.0,0.0,0,0.0,OFFLINE,0.0,0,0
16:36:03.949,0,0,0,0.0,0.0,0.0,0,0.0,OFFLINE,0.0,0,0
16:36:04.453,0,0,0,0.0,0.0,0.0,0,0.0,OFFLINE,0.0,0,0
16:36:04.946,0,0,0,0.0,0.0,0.0,0,0.0,OFFLINE,0.0,0,0
16:36:05.450,0,0,0,0.0,0.0,0.0,0,0.0,OFFLINE,0.0,0,0
16:36:05.946,0,0,0,0.0,0.0,0.0,0,0.0,OFFLINE,0.0,0,0
16:36:06.445,0,0,0,0.0,0.0,0.0,0,0.0,OFFLINE,0.0,0,0
16:36:06.951,0,0,0,0.0,0.0,0.0,0,0.0,OFFLINE,0.0,0,0
16:36:07.450,0,0,0,0.0,0.0,0.0,0,0.0,OFFLINE,0.0,0,0
16:36:07.948,0,0,0,0.0,0.0,0.0,0,0.0,OFFLINE,0.0,0,0
16:36:08.461,0,0,0,0.0,0.0,0.0,0,0.0,OFFLINE,0.0,0,0
16:36:08.956,0,0,0,0.0,0.0,0.0,0,0.0,OFFLINE,0.0,0,0
16:36:09.464,0,0,0,0.0,0.0,0.0,0,0.0,OFFLINE,0.0,0,0
16:36:09.948,0,0,0,0.0,0.0,0.0,0,0.0,OFFLINE,0.0,0,0
16:36:10.445,0,0,0,0.0,0.0,0.0,0,0.0,OFFLINE,0.0,0,0
16:36:10.955,0,0,0,0.0,0.0,0.0,0,0.0,OFFLINE,0.0,0,0
16:36:11.446,0,0,0,0.0,0.0,0.0,0,0.0,OFFLINE,0.0,0,0
16:36:11.959,0,0,0,0.0,0.0,0.0,0,0.0,OFFLINE,0.0,0,0
16:36:12.458,0,0,0,0.0,0.0,0.0,0,0.0,OFFLINE,0.0,0,0
16:36:12.949,0,0,0,0.0,0.0,0.0,0,0.0,OFFLINE,0.0,0,0
16:36:13.464,0,0,0,0.0,0.0,0.0,0,0.0,OFFLINE,0.0,0,0
16:36:13.949,0,0,0,0.0,0.0,0.0,0,0.0,OFFLINE,0.0,0,0
16:36:14.453,0,0,0,0.0,0.0,0.0,0,0.0,OFFLINE,0.0,0,0
16:36:14.956,0,0,0,0.0,0.0,0.0,0,0.0,OFFLINE,0.0,0,0
16:36:15.461,0,0,0,0.0,0.0,0.0,0,0.0,OFFLINE,0.0,0,0
16:36:15.957,0,0,0,0.0,0.0,0.0,0,0.0,OFFLINE,0.0,0,0
16:36:16.468,0,0,0,0.0,0.0,0.0,0,0.0,OFFLINE,0.0,0,0
16:36:16.947,0,0,0,0.0,0.0,0.0,0,0.0,OFFLINE,0.0,0,0
16:36:17.451,0,0,0,0.0,0.0,0.0,0,0.0,OFFLINE,0.0,0,0
16:36:17.946,0,0,0,0.0,0.0,0.0,0,0.0,OFFLINE,0.0,0,0
16:36:18.451,0,0,0,0.0,0.0,0.0,0,0.0,OFFLINE,0.0,0,0
16:36:18.956,0,0,0,0.0,0.0,0.0,0,0.0,OFFLINE,0.0,0,0
16:36:19.443,0,0,0,0.0,0.0,0.0,0,0.0,OFFLINE,0.0,0,0
16:36:19.945,0,0,0,0.0,0.0,0.0,0,0.0,OFFLINE,0.0,0,0
16:36:20.448,0,0,0,0.0,0.0,0.0,0,0.0,OFFLINE,0.0,0,0
16:36:20.963,0,0,0,0.0,0.0,0.0,0,0.0,OFFLINE,0.0,0,0
16:36:21.446,0,0,0,0.0,0.0,0.0,0,0.0,OFFLINE,0.0,0,0
16:36:21.969,0,0,0,0.0,0.0,0.0,0,0.0,OFFLINE,0.0,0,0
16:36:22.458,0,0,0,0.0,0.0,0.0,0,0.0,OFFLINE,0.0,0,0
16:36:22.963,0,0,0,0.0,0.0,0.0,0,0.0,OFFLINE,0.0,0,0
16:36:23.455,0,0,0,0.0,0.0,0.0,0,0.0,OFFLINE,0.0,0,0
16:36:23.951,0,0,0,0.0,0.0,0.0,0,0.0,OFFLINE,0.0,0,0
16:36:24.458,0,0,0,0.0,0.0,0.0,0,0.0,OFFLINE,0.0,0,0
16:36:24.969,0,0,0,0.0,0.0,0.0,0,0.0,OFFLINE,0.0,0,0
16:36:25.464,0,0,0,0.0,0.0,0.0,0,0.0,OFFLINE,0.0,0,0
16:36:25.956,0,0,0,0.0,0.0,0.0,0,0.0,OFFLINE,0.0,0,0
16:36:26.455,0,0,0,0.0,0.0,0.0,0,0.0,OFFLINE,0.0,0,0
16:36:26.956,0,0,0,0.0,0.0,0.0,0,0.0,OFFLINE,0.0,0,0
16:36:27.451,0,0,0,0.0,0.0,0.0,0,0.0,OFFLINE,0.0,0,0
16:36:27.946,0,0,0,0.0,0.0,0.0,0,0.0,OFFLINE,0.0,0,0
16:36:28.450,0,0,0,0.0,0.0,0.0,0,0.0,OFFLINE,0.0,0,0
16:36:28.951,0,0,0,0.0,0.0,0.0,0,0.0,OFFLINE,0.0,0,0
16:36:29.460,0,0,0,0.0,0.0,0.0,0,0.0,OFFLINE,0.0,0,0
16:36:29.945,0,0,0,0.0,0.0,0.0,0,0.0,OFFLINE,0.0,0,0
16:36:30.456,0,0,0,0.0,0.0,0.0,0,0.0,OFFLINE,0.0,0,0
16:36:30.969,0,0,0,0.0,0.0,0.0,0,0.0,OFFLINE,0.0,0,0
16:36:31.453,0,0,0,0.0,0.0,0.0,0,0.0,OFFLINE,0.0,0,0
16:36:31.960,0,0,0,0.0,0.0,0.0,0,0.0,OFFLINE,0.0,0,0
16:36:32.467,0,0,0,0.0,0.0,0.0,0,0.0,OFFLINE,0.0,0,0
16:36:32.962,0,0,0,0.0,0.0,0.0,0,0.0,OFFLINE,0.0,0,0
16:36:33.464,0,0,0,0.0,0.0,0.0,0,0.0,OFFLINE,0.0,0,0
16:36:33.955,0,0,0,0.0,0.0,0.0,0,0.0,OFFLINE,0.0,0,0
16:36:34.452,0,0,0,0.0,0.0,0.0,0,0.0,OFFLINE,0.0,0,0
16:36:34.956,0,0,0,0.0,0.0,0.0,0,0.0,OFFLINE,0.0,0,0
16:36:35.459,0,0,0,0.0,0.0,0.0,0,0.0,OFFLINE,0.0,0,0
16:36:35.959,0,0,0,0.0,0.0,0.0,0,0.0,OFFLINE,0.0,0,0
16:36:36.467,0,0,0,0.0,0.0,0.0,0,0.0,OFFLINE,0.0,0,0
16:36:36.964,0,0,0,0.0,0.0,0.0,0,0.0,OFFLINE,0.0,0,0
16:36:37.459,0,0,0,0.0,0.0,0.0,0,0.0,OFFLINE,0.0,0,0
16:36:37.951,0,0,0,0.0,0.0,0.0,0,0.0,OFFLINE,0.0,0,0
16:36:38.454,0,0,0,0.0,0.0,0.0,0,0.0,OFFLINE,0.0,0,0
16:36:38.949,0,0,0,0.0,0.0,0.0,0,0.0,OFFLINE,0.0,0,0
16:36:39.447,0,0,0,0.0,0.0,0.0,0,0.0,OFFLINE,0.0,0,0
16:36:39.960,0,0,0,0.0,0.0,0.0,0,0.0,OFFLINE,0.0,0,0
16:36:40.460,0,0,0,0.0,0.0,0.0,0,0.0,OFFLINE,0.0,0,0
16:36:40.953,0,0,0,0.0,0.0,0.0,0,0.0,OFFLINE,0.0,0,0
16:36:41.454,0,0,0,0.0,0.0,0.0,0,0.0,OFFLINE,0.0,0,0
16:36:41.964,0,0,0,0.0,0.0,0.0,0,0.0,OFFLINE,0.0,0,0
16:36:42.449,0,0,0,0.0,0.0,0.0,0,0.0,OFFLINE,0.0,0,0
16:36:42.966,0,0,0,0.0,0.0,0.0,0,0.0,OFFLINE,0.0,0,0
16:36:43.455,0,0,0,0.0,0.0,0.0,0,0.0,OFFLINE,0.0,0,0
16:36:43.960,0,0,0,0.0,0.0,0.0,0,0.0,OFFLINE,0.0,0,0
16:36:44.453,0,0,0,0.0,0.0,0.0,0,0.0,OFFLINE,0.0,0,0
16:36:44.965,0,0,0,0.0,0.0,0.0,0,0.0,OFFLINE,0.0,0,0
16:36:45.459,0,0,0,0.0,0.0,0.0,0,0.0,OFFLINE,0.0,0,0
16:36:45.946,0,0,0,0.0,0.0,0.0,0,0.0,OFFLINE,0.0,0,0
16:36:46.450,0,0,0,0.0,0.0,0.0,0,0.0,OFFLINE,0.0,0,0
16:36:46.955,0,0,0,0.0,0.0,0.0,0,0.0,OFFLINE,0.0,0,0
16:36:47.455,0,0,0,0.0,0.0,0.0,0,0.0,OFFLINE,0.0,0,0
16:36:47.959,0,0,0,0.0,0.0,0.0,0,0.0,OFFLINE,0.0,0,0
16:36:48.447,0,0,0,0.0,0.0,0.0,0,0.0,OFFLINE,0.0,0,0
16:36:48.968,0,0,0,0.0,0.0,0.0,0,0.0,OFFLINE,0.0,0,0
16:36:49.453,0,0,0,0.0,0.0,0.0,0,0.0,OFFLINE,0.0,0,0
16:36:49.944,0,0,0,0.0,0.0,0.0,0,0.0,OFFLINE,0.0,0,0
16:36:50.451,0,0,0,0.0,0.0,0.0,0,0.0,OFFLINE,0.0,0,0
16:36:50.956,0,0,0,0.0,0.0,0.0,0,0.0,OFFLINE,0.0,0,0
16:36:51.459,0,0,0,0.0,0.0,0.0,0,0.0,OFFLINE,0.0,0,0
16:36:51.947,0,0,0,0.0,0.0,0.0,0,0.0,OFFLINE,0.0,0,0
16:36:52.459,0,0,0,0.0,0.0,0.0,0,0.0,OFFLINE,0.0,0,0
16:36:52.947,0,0,0,0.0,0.0,0.0,0,0.0,OFFLINE,0.0,0,0
16:36:53.453,0,0,0,0.0,0.0,0.0,0,0.0,OFFLINE,0.0,0,0
16:36:53.958,0,0,0,0.0,0.0,0.0,0,0.0,OFFLINE,0.0,0,0
16:36:54.459,0,0,0,0.0,0.0,0.0,0,0.0,OFFLINE,0.0,0,0
16:36:54.949,0,0,0,0.0,0.0,0.0,0,0.0,OFFLINE,0.0,0,0
16:36:55.453,0,0,0,0.0,0.0,0.0,0,0.0,OFFLINE,0.0,0,0
16:36:55.963,0,0,0,0.0,0.0,0.0,0,0.0,OFFLINE,0.0,0,0
16:36:56.446,0,0,0,0.0,0.0,0.0,0,0.0,OFFLINE,0.0,0,0
16:36:56.963,0,0,0,0.0,0.0,0.0,0,0.0,OFFLINE,0.0,0,0
16:36:57.463,0,0,0,0.0,0.0,0.0,0,0.0,OFFLINE,0.0,0,0
16:36:57.959,0,0,0,0.0,0.0,0.0,0,0.0,OFFLINE,0.0,0,0
16:36:58.451,0,0,0,0.0,0.0,0.0,0,0.0,OFFLINE,0.0,0,0
16:36:58.964,0,0,0,0.0,0.0,0.0,0,0.0,OFFLINE,0.0,0,0
16:36:59.456,0,0,0,0.0,0.0,0.0,0,0.0,OFFLINE,0.0,0,0
16:36:59.963,0,0,0,0.0,0.0,0.0,0,0.0,OFFLINE,0.0,0,0
16:37:00.444,0,0,0,0.0,0.0,0.0,0,0.0,OFFLINE,0.0,0,0
16:37:00.950,0,0,0,0.0,0.0,0.0,0,0.0,OFFLINE,0.0,0,0
16:37:01.461,0,0,0,0.0,0.0,0.0,0,0.0,OFFLINE,0.0,0,0
16:37:01.949,0,0,0,0.0,0.0,0.0,0,0.0,OFFLINE,0.0,0,0
16:37:02.457,0,0,0,0.0,0.0,0.0,0,0.0,OFFLINE,0.0,0,0
16:37:02.947,0,0,0,0.0,0.0,0.0,0,0.0,OFFLINE,0.0,0,0
16:37:03.445,0,0,0,0.0,0.0,0.0,0,0.0,OFFLINE,0.0,0,0
16:37:03.957,0,0,0,0.0,0.0,0.0,0,0.0,OFFLINE,0.0,0,0
16:37:04.452,0,0,0,0.0,0.0,0.0,0,0.0,OFFLINE,0.0,0,0
16:37:04.947,0,0,0,0.0,0.0,0.0,0,0.0,OFFLINE,0.0,0,0
16:37:05.450,0,0,0,0.0,0.0,0.0,0,0.0,OFFLINE,0.0,0,0
16:37:05.956,0,0,0,0.0,0.0,0.0,0,0.0,OFFLINE,0.0,0,0
16:37:06.456,0,0,0,0.0,0.0,0.0,0,0.0,OFFLINE,0.0,0,0
16:37:06.964,0,0,0,0.0,0.0,0.0,0,0.0,OFFLINE,0.0,0,0
16:37:07.477,0,0,0,0.0,0.0,0.0,0,0.0,OFFLINE,0.0,0,0
16:37:07.991,0,0,0,0.0,0.0,0.0,0,0.0,OFFLINE,0.0,0,0
16:37:08.464,0,0,0,0.0,0.0,0.0,0,0.0,OFFLINE,0.0,0,0
16:37:08.971,0,0,0,0.0,0.0,0.0,0,0.0,OFFLINE,0.0,0,0
16:37:09.474,0,0,0,0.0,0.0,0.0,0,0.0,OFFLINE,0.0,0,0
16:37:09.968,0,0,0,0.0,0.0,0.0,0,0.0,OFFLINE,0.0,0,0
16:37:10.483,0,0,0,0.0,0.0,0.0,0,0.0,OFFLINE,0.0,0,0
16:37:10.974,0,0,0,0.0,0.0,0.0,0,0.0,OFFLINE,0.0,0,0
16:37:11.476,0,0,0,0.0,0.0,0.0,0,0.0,OFFLINE,0.0,0,0
16:37:11.963,0,0,0,0.0,0.0,0.0,0,0.0,OFFLINE,0.0,0,0
16:37:12.469,0,0,0,0.0,0.0,0.0,0,0.0,OFFLINE,0.0,0,0
16:37:12.971,0,0,0,0.0,0.0,0.0,0,0.0,OFFLINE,0.0,0,0
16:37:13.477,0,0,0,0.0,0.0,0.0,0,0.0,OFFLINE,0.0,0,0
16:37:13.965,0,0,0,0.0,0.0,0.0,0,0.0,OFFLINE,0.0,0,0
16:37:14.476,0,0,0,0.0,0.0,0.0,0,0.0,OFFLINE,0.0,0,0
16:37:14.969,0,0,0,0.0,0.0,0.0,0,0.0,OFFLINE,0.0,0,0
16:37:15.466,0,0,0,0.0,0.0,0.0,0,0.0,OFFLINE,0.0,0,0
16:37:15.974,0,0,0,0.0,0.0,0.0,0,0.0,OFFLINE,0.0,0,0
16:37:16.465,0,0,0,0.0,0.0,0.0,0,0.0,OFFLINE,0.0,0,0
16:37:16.984,0,0,0,0.0,0.0,0.0,0,0.0,OFFLINE,0.0,0,0
16:37:17.475,0,0,0,0.0,0.0,0.0,0,0.0,OFFLINE,0.0,0,0
16:37:17.968,0,0,0,0.0,0.0,0.0,0,0.0,OFFLINE,0.0,0,0
16:37:18.468,0,0,0,0.0,0.0,0.0,0,0.0,OFFLINE,0.0,0,0
16:37:18.972,0,0,0,0.0,0.0,0.0,0,0.0,OFFLINE,0.0,0,0
16:37:19.469,0,0,0,0.0,0.0,0.0,0,0.0,OFFLINE,0.0,0,0
16:37:19.968,0,0,0,0.0,0.0,0.0,0,0.0,OFFLINE,0.0,0,0
16:37:20.475,0,0,0,0.0,0.0,0.0,0,0.0,OFFLINE,0.0,0,0
16:37:20.972,0,0,0,0.0,0.0,0.0,0,0.0,OFFLINE,0.0,0,0
16:37:21.465,0,0,0,0.0,0.0,0.0,0,0.0,OFFLINE,0.0,0,0
16:37:21.981,0,0,0,0.0,0.0,0.0,0,0.0,OFFLINE,0.0,0,0
16:37:22.470,0,0,0,0.0,0.0,0.0,0,0.0,OFFLINE,0.0,0,0
16:37:22.972,0,0,0,0.0,0.0,0.0,0,0.0,OFFLINE,0.0,0,0
16:37:23.469,0,0,0,0.0,0.0,0.0,0,0.0,OFFLINE,0.0,0,0
16:37:23.975,0,0,0,0.0,0.0,0.0,0,0.0,OFFLINE,0.0,0,0
16:37:24.475,0,0,0,0.0,0.0,0.0,0,0.0,OFFLINE,0.0,0,0
16:37:24.979,0,0,0,0.0,0.0,0.0,0,0.0,OFFLINE,0.0,0,0
16:37:25.476,0,0,0,0.0,0.0,0.0,0,0.0,OFFLINE,0.0,0,0
16:37:25.965,0,0,0,0.0,0.0,0.0,0,0.0,OFFLINE,0.0,0,0
16:37:26.471,0,0,0,0.0,0.0,0.0,0,0.0,OFFLINE,0.0,0,0
16:37:26.970,0,0,0,0.0,0.0,0.0,0,0.0,OFFLINE,0.0,0,0
16:37:27.467,0,0,0,0.0,0.0,0.0,0,0.0,OFFLINE,0.0,0,0
16:37:27.963,0,0,0,0.0,0.0,0.0,0,0.0,OFFLINE,0.0,0,0
16:37:28.465,0,0,0,0.0,0.0,0.0,0,0.0,OFFLINE,0.0,0,0
16:37:28.982,0,0,0,0.0,0.0,0.0,0,0.0,OFFLINE,0.0,0,0
16:37:29.467,0,0,0,0.0,0.0,0.0,0,0.0,OFFLINE,0.0,0,0
16:37:29.971,0,0,0,0.0,0.0,0.0,0,0.0,OFFLINE,0.0,0,0
16:37:30.471,0,0,0,0.0,0.0,0.0,0,0.0,OFFLINE,0.0,0,0
16:37:30.974,0,0,0,0.0,0.0,0.0,0,0.0,OFFLINE,0.0,0,0
16:37:31.469,0,0,0,0.0,0.0,0.0,0,0.0,OFFLINE,0.0,0,0
16:37:31.971,0,0,0,0.0,0.0,0.0,0,0.0,OFFLINE,0.0,0,0
16:37:32.475,0,0,0,0.0,0.0,0.0,0,0.0,OFFLINE,0.0,0,0
16:37:32.987,0,0,0,0.0,0.0,0.0,0,0.0,OFFLINE,0.0,0,0
16:37:33.484,0,0,0,0.0,0.0,0.0,0,0.0,OFFLINE,0.0,0,0
16:37:33.988,0,0,0,0.0,0.0,0.0,0,0.0,OFFLINE,0.0,0,0
16:37:34.484,0,0,0,0.0,0.0,0.0,0,0.0,OFFLINE,0.0,0,0
16:37:34.987,0,0,0,0.0,0.0,0.0,0,0.0,OFFLINE,0.0,0,0
16:37:35.475,0,0,0,0.0,0.0,0.0,0,0.0,OFFLINE,0.0,0,0
16:37:35.981,0,0,0,0.0,0.0,0.0,0,0.0,OFFLINE,0.0,0,0
16:37:36.484,0,0,0,0.0,0.0,0.0,0,0.0,OFFLINE,0.0,0,0
16:37:36.987,0,0,0,0.0,0.0,0.0,0,0.0,OFFLINE,0.0,0,0
16:37:37.487,0,0,0,0.0,0.0,0.0,0,0.0,OFFLINE,0.0,0,0
16:37:37.981,0,0,0,0.0,0.0,0.0,0,0.0,OFFLINE,0.0,0,0
16:37:38.487,0,0,0,0.0,0.0,0.0,0,0.0,OFFLINE,0.0,0,0
16:37:38.995,0,0,0,0.0,0.0,0.0,0,0.0,OFFLINE,0.0,0,0
16:37:39.481,0,0,0,0.0,0.0,0.0,0,0.0,OFFLINE,0.0,0,0
16:37:39.977,0,0,0,0.0,0.0,0.0,0,0.0,OFFLINE,0.0,0,0
16:37:40.474,0,0,0,0.0,0.0,0.0,0,0.0,OFFLINE,0.0,0,0
16:37:40.997,0,0,0,0.0,0.0,0.0,0,0.0,OFFLINE,0.0,0,0
16:37:41.486,0,0,0,0.0,0.0,0.0,0,0.0,OFFLINE,0.0,0,0
16:37:41.982,0,0,0,0.0,0.0,0.0,0,0.0,OFFLINE,0.0,0,0
16:37:42.491,0,0,0,0.0,0.0,0.0,0,0.0,OFFLINE,0.0,0,0
16:37:42.999,0,0,0,0.0,0.0,0.0,0,0.0,OFFLINE,0.0,0,0
16:37:43.483,0,0,0,0.0,0.0,0.0,0,0.0,OFFLINE,0.0,0,0
16:37:43.981,0,0,0,0.0,0.0,0.0,0,0.0,OFFLINE,0.0,0,0
16:37:44.490,0,0,0,0.0,0.0,0.0,0,0.0,OFFLINE,0.0,0,0
16:37:44.990,0,0,0,0.0,0.0,0.0,0,0.0,OFFLINE,0.0,0,0
16:37:45.484,0,0,0,0.0,0.0,0.0,0,0.0,OFFLINE,0.0,0,0
16:37:45.992,0,0,0,0.0,0.0,0.0,0,0.0,OFFLINE,0.0,0,0
16:37:46.492,0,0,0,0.0,0.0,0.0,0,0.0,OFFLINE,0.0,0,0
16:37:46.999,0,0,0,0.0,0.0,0.0,0,0.0,OFFLINE,0.0,0,0
16:37:47.485,0,0,0,0.0,0.0,0.0,0,0.0,OFFLINE,0.0,0,0
16:37:47.995,0,0,0,0.0,0.0,0.0,0,0.0,OFFLINE,0.0,0,0
16:37:48.484,0,0,0,0.0,0.0,0.0,0,0.0,OFFLINE,0.0,0,0
16:37:48.978,0,0,0,0.0,0.0,0.0,0,0.0,OFFLINE,0.0,0,0
16:37:49.497,0,0,0,0.0,0.0,0.0,0,0.0,OFFLINE,0.0,0,0
16:37:49.986,0,0,0,0.0,0.0,0.0,0,0.0,OFFLINE,0.0,0,0
16:37:50.499,0,0,0,0.0,0.0,0.0,0,0.0,OFFLINE,0.0,0,0
16:37:50.986,0,0,0,0.0,0.0,0.0,0,0.0,OFFLINE,0.0,0,0
16:41:24.477,0,0,0,0.0,0.0,0.0,0,0.0,OFFLINE,0.0,0,0
16:41:24.733,0,0,0,0.0,0.0,0.0,0,0.0,OFFLINE,0.0,0,0
16:41:25.230,0,0,0,0.0,0.0,0.0,0,0.0,OFFLINE,0.0,0,0
16:41:25.742,0,0,0,0.0,0.0,0.0,0,0.0,OFFLINE,0.0,0,0
16:41:26.240,233,0,0,0.0,0.0,0.0,0,0.0,OFFLINE,0.0,0,0
16:41:26.733,2566,0,0,0.0,0.0,0.0,0,0.0,OFFLINE,0.0,0,0
16:41:27.239,4900,0,0,0.0,0.0,0.0,0,0.0,OFFLINE,0.0,0,0
16:41:27.743,7000,0,0,0.0,0.0,0.0,0,0.0,OFFLINE,0.0,0,0
16:41:28.238,4900,0,0,0.0,0.0,0.0,0,0.0,OFFLINE,0.0,0,0
16:41:28.735,2566,0,0,0.0,0.0,0.0,0,0.0,OFFLINE,0.0,0,0
16:41:29.238,233,0,0,0.0,0.0,0.0,0,0.0,OFFLINE,0.0,0,0
16:41:29.743,0,64,0,0.0,0.0,0.0,0,0.0,OFFLINE,0.0,0,0
16:41:30.251,0,136,0,0.0,0.0,0.0,0,0.0,OFFLINE,0.0,0,0
16:41:30.737,0,216,0,0.0,0.0,0.0,0,0.0,OFFLINE,0.0,0,0
16:41:31.245,0,192,0,0.0,0.0,0.0,0,0.0,OFFLINE,0.0,0,0
16:41:31.753,0,112,0,0.0,0.0,0.0,0,0.0,OFFLINE,0.0,0,0
16:41:32.241,0,40,0,0.0,0.0,0.0,0,0.0,OFFLINE,0.0,0,0
16:41:32.746,0,0,59,0.0,0.0,0.0,0,0.0,OFFLINE,0.0,0,0
16:41:33.243,0,0,82,0.0,0.0,0.0,0,0.0,OFFLINE,0.0,0,0
16:41:33.733,0,0,106,0.0,0.0,0.0,0,0.0,OFFLINE,0.0,0,0
16:41:34.232,0,0,115,0.0,0.0,0.0,0,0.0,OFFLINE,0.0,0,0
16:41:34.743,0,0,92,0.0,0.0,0.0,0,0.0,OFFLINE,0.0,0,0
16:41:35.240,0,0,71,0.0,0.0,0.0,0,0.0,OFFLINE,0.0,0,0
16:41:35.744,0,0,50,0.0,0.0,0.0,0,0.0,OFFLINE,10.0,0,0
16:41:36.253,0,0,50,0.0,0.0,0.0,0,0.0,OFFLINE,11.7,0,0
16:41:36.735,0,0,50,0.0,0.0,0.0,0,0.0,OFFLINE,13.3,0,0
16:41:37.241,0,0,50,0.0,0.0,0.0,0,0.0,OFFLINE,15.0,0,0
16:41:37.743,0,0,50,0.0,0.0,0.0,0,0.0,OFFLINE,13.5,0,0
16:41:38.236,0,0,50,0.0,0.0,0.0,0,0.0,OFFLINE,12.0,0,0
16:41:38.729,0,0,50,0.0,0.0,0.0,0,0.0,OFFLINE,10.3,0,0
16:41:39.240,0,0,50,0.0,0.0,0.0,0,0.0,OFFLINE,10.0,0,116
16:41:39.747,0,0,50,0.0,0.0,0.0,0,0.0,OFFLINE,10.0,0,283
16:41:40.231,0,0,50,0.0,0.0,0.0,0,0.0,OFFLINE,10.0,0,450
16:41:40.735,0,0,50,0.0,0.0,0.0,0,0.0,OFFLINE,10.0,0,416
16:41:41.231,0,0,50,0.0,0.0,0.0,0,0.0,OFFLINE,10.0,0,250
16:41:41.730,0,0,50,0.0,0.0,0.0,0,0.0,OFFLINE,10.0,0,83
16:41:42.237,0,0,50,0.0,0.0,0.0,0,0.0,OFFLINE,10.0,58,0
16:41:42.730,0,0,50,0.0,0.0,0.0,0,0.0,OFFLINE,10.0,84,0
16:41:43.240,0,0,50,0.0,0.0,0.0,0,0.0,OFFLINE,10.0,111,0
16:41:43.736,0,0,50,0.0,0.0,0.0,0,0.0,OFFLINE,10.0,127,0
16:41:44.249,0,0,50,0.0,0.0,0.0,0,0.0,OFFLINE,10.0,100,0
16:41:44.737,0,0,50,0.0,0.0,0.0,0,0.0,OFFLINE,10.0,74,0
16:41:45.231,0,0,50,0.0,0.0,0.0,0,0.0,OFFLINE,10.0,50,0
16:41:45.737,0,0,50,0.0,0.0,30.0,0,0.0,OFFLINE,10.0,50,0
16:41:46.239,0,0,50,0.0,0.0,63.3,0,0.0,OFFLINE,10.0,50,0
16:41:46.745,0,0,50,0.0,0.0,93.3,0,0.0,OFFLINE,10.0,50,0
16:41:47.241,0,0,50,0.0,0.0,76.7,0,0.0,OFFLINE,10.0,50,0
16:41:47.745,0,0,50,0.0,0.0,43.3,0,0.0,OFFLINE,10.0,50,0
16:41:48.242,0,0,50,0.0,0.0,13.3,0,0.0,OFFLINE,10.0,50,0
16:41:48.745,0,0,50,0.0,16.7,0.0,0,0.0,OFFLINE,10.0,50,0
16:41:49.233,0,0,50,0.0,50.0,0.0,0,0.0,OFFLINE,10.0,50,0
16:41:49.735,0,0,50,0.0,83.3,0.0,0,0.0,OFFLINE,10.0,50,0
16:41:50.226,0,0,50,0.0,90.0,0.0,0,0.0,OFFLINE,10.0,50,0
16:41:50.731,0,0,50,0.0,60.0,0.0,0,0.0,OFFLINE,10.0,50,0
16:41:51.226,0,0,50,0.0,26.7,0.0,0,0.0,OFFLINE,10.0,50,0
16:41:51.729,0,0,50,0.0,0.0,0.0,0,0.0,OFFLINE,10.0,50,0
16:41:52.241,0,0,50,2.0,0.0,0.0,0,0.0,OFFLINE,10.0,50,0
16:41:52.732,0,0,50,4.0,0.0,0.0,0,0.0,OFFLINE,10.0,50,0
16:41:53.232,0,0,50,6.0,0.0,0.0,0,0.0,OFFLINE,10.0,50,0
16:41:53.744,0,0,50,4.4,0.0,0.0,0,0.0,OFFLINE,10.0,50,0
16:41:54.234,0,0,50,2.4,0.0,0.0,0,0.0,OFFLINE,10.0,50,0
16:41:54.747,0,0,50,0.4,0.0,0.0,0,0.0,OFFLINE,10.0,50,0
16:41:55.233,0,0,50,0.0,0.0,0.0,0,0.0,20%,10.0,50,0
16:41:55.751,0,0,50,0.0,0.0,0.0,0,0.0,53%,10.0,50,0
16:41:56.233,0,0,50,0.0,0.0,0.0,0,0.0,83%,10.0,50,0
16:41:56.727,0,0,50,0.0,0.0,0.0,0,0.0,86%,10.0,50,0
16:41:57.244,0,0,50,0.0,0.0,0.0,0,0.0,53%,10.0,50,0
16:41:57.737,0,0,50,0.0,0.0,0.0,0,0.0,20%,10.0,50,0
16:41:58.239,0,0,50,0.0,0.0,0.0,0,-1.5,0%,10.0,50,0
16:41:58.748,0,0,50,0.0,0.0,0.0,0,9.0,0%,10.0,50,0
16:41:59.238,0,0,50,0.0,0.0,0.0,0,20.7,0%,10.0,50,0
16:41:59.737,0,0,50,0.0,0.0,0.0,0,28.8,0%,10.0,50,0
16:42:00.241,0,0,50,0.0,0.0,0.0,0,17.2,0%,10.0,50,0
16:42:00.745,0,0,50,0.0,0.0,0.0,0,6.7,0%,10.0,50,0
16:42:01.231,0,0,50,0.0,0.0,0.0,0,-5.0,0%,10.0,50,0
16:42:01.736,0,0,50,0.0,0.0,0.0,25,-5.0,0%,10.0,50,0
16:42:02.249,0,0,50,0.0,0.0,0.0,40,-5.0,0%,10.0,50,0
16:42:02.746,0,0,50,0.0,0.0,0.0,55,-5.0,0%,10.0,50,0
16:42:03.242,0,0,50,0.0,0.0,0.0,50,-5.0,0%,10.0,50,0
16:42:03.738,0,0,50,0.0,0.0,0.0,33,-5.0,0%,10.0,50,0
16:42:04.241,0,0,50,0.0,0.0,0.0,16,-5.0,0%,10.0,50,0
16:42:04.738,0,0,50,0.0,0.0,0.0,10,-5.0,0%,10.0,50,0
16:42:05.242,0,0,50,0.0,0.0,0.0,10,-5.0,0%,10.0,50,0
16:42:05.739,0,0,50,0.0,0.0,0.0,10,-5.0,0%,10.0,50,0
16:42:06.226,0,0,50,0.0,0.0,0.0,10,-5.0,0%,10.0,50,0
16:42:06.746,0,0,50,0.0,0.0,0.0,10,-5.0,0%,10.0,50,0
16:42:07.241,0,0,50,0.0,0.0,0.0,10,-5.0,0%,10.0,50,0
16:42:07.742,233,0,50,0.0,0.0,0.0,10,-5.0,0%,10.0,50,0
16:42:08.242,2566,0,50,0.0,0.0,0.0,10,-5.0,0%,10.0,50,0
16:42:08.748,4900,0,50,0.0,0.0,0.0,10,-5.0,0%,10.0,50,0
16:42:09.233,7000,0,50,0.0,0.0,0.0,10,-5.0,0%,10.0,50,0
16:42:09.745,4900,0,50,0.0,0.0,0.0,10,-5.0,0%,10.0,50,0
16:42:10.228,2800,0,50,0.0,0.0,0.0,10,-5.0,0%,10.0,50,0
16:42:10.737,233,0,50,0.0,0.0,0.0,10,-5.0,0%,10.0,50,0
16:43:13.964,0,0,0,0.0,0.0,0.0,0,0.0,OFFLINE,0.0,0,0
16:43:14.279,0,0,0,0.0,0.0,0.0,0,0.0,OFFLINE,0.0,0,0
16:43:14.804,0,0,0,0.0,0.0,0.0,0,0.0,OFFLINE,0.0,0,0
16:43:15.274,0,0,0,0.0,0.0,0.0,0,0.0,OFFLINE,0.0,0,0
16:43:15.777,233,0,0,0.0,0.0,0.0,0,0.0,OFFLINE,0.0,0,0
16:43:16.290,2333,0,0,0.0,0.0,0.0,0,0.0,OFFLINE,0.0,0,0
16:43:16.787,4666,0,0,0.0,0.0,0.0,0,0.0,OFFLINE,0.0,0,0
16:43:17.284,7000,0,0,0.0,0.0,0.0,0,0.0,OFFLINE,0.0,0,0
16:43:17.786,4900,0,0,0.0,0.0,0.0,0,0.0,OFFLINE,0.0,0,0
16:43:18.288,2566,0,0,0.0,0.0,0.0,0,0.0,OFFLINE,0.0,0,0
16:43:18.775,466,0,0,0.0,0.0,0.0,0,0.0,OFFLINE,0.0,0,0
16:43:19.276,0,56,0,0.0,0.0,0.0,0,0.0,OFFLINE,0.0,0,0
16:43:19.792,0,136,0,0.0,0.0,0.0,0,0.0,OFFLINE,0.0,0,0
16:43:20.280,0,216,0,0.0,0.0,0.0,0,0.0,OFFLINE,0.0,0,0
16:43:20.794,0,192,0,0.0,0.0,0.0,0,0.0,OFFLINE,0.0,0,0
16:43:21.282,0,120,0,0.0,0.0,0.0,0,0.0,OFFLINE,0.0,0,0
16:43:21.790,0,40,0,0.0,0.0,0.0,0,0.0,OFFLINE,0.0,0,0
16:43:22.304,0,0,59,0.0,0.0,0.0,0,0.0,OFFLINE,0.0,0,0
16:43:22.806,0,0,82,0.0,0.0,0.0,0,0.0,OFFLINE,0.0,0,0
16:43:23.291,0,0,103,0.0,0.0,0.0,0,0.0,OFFLINE,0.0,0,0
16:43:23.810,0,0,115,0.0,0.0,0.0,0,0.0,OFFLINE,0.0,0,0
16:43:24.299,0,0,92,0.0,0.0,0.0,0,0.0,OFFLINE,0.0,0,0
16:43:24.801,0,0,71,0.0,0.0,0.0,0,0.0,OFFLINE,0.0,0,0
16:43:25.306,0,0,50,0.0,0.0,0.0,0,0.0,OFFLINE,10.0,0,0
16:43:25.809,0,0,50,0.0,0.0,0.0,0,0.0,OFFLINE,11.7,0,0
16:43:26.296,0,0,50,0.0,0.0,0.0,0,0.0,OFFLINE,13.3,0,0
16:43:26.795,0,0,50,0.0,0.0,0.0,0,0.0,OFFLINE,15.0,0,0
16:43:27.303,0,0,50,0.0,0.0,0.0,0,0.0,OFFLINE,13.7,0,0
16:43:27.798,0,0,50,0.0,0.0,0.0,0,0.0,OFFLINE,12.0,0,0
16:43:28.295,0,0,50,0.0,0.0,0.0,0,0.0,OFFLINE,10.3,0,0
16:43:28.803,0,0,50,0.0,0.0,0.0,0,0.0,OFFLINE,10.0,0,100
16:43:29.298,0,0,50,0.0,0.0,0.0,0,0.0,OFFLINE,10.0,0,266
16:43:29.813,0,0,50,0.0,0.0,0.0,0,0.0,OFFLINE,10.0,0,433
16:43:30.290,0,0,50,0.0,0.0,0.0,0,0.0,OFFLINE,10.0,0,416
16:43:30.804,0,0,50,0.0,0.0,0.0,0,0.0,OFFLINE,10.0,0,250
16:43:31.298,0,0,50,0.0,0.0,0.0,0,0.0,OFFLINE,10.0,0,100
16:43:31.803,0,0,50,0.0,0.0,0.0,0,0.0,OFFLINE,10.0,58,0
16:43:32.296,0,0,50,0.0,0.0,0.0,0,0.0,OFFLINE,10.0,84,0
16:43:32.809,0,0,50,0.0,0.0,0.0,0,0.0,OFFLINE,10.0,111,0
16:43:33.299,0,0,50,0.0,0.0,0.0,0,0.0,OFFLINE,10.0,127,0
16:43:33.801,0,0,50,0.0,0.0,0.0,0,0.0,OFFLINE,10.0,100,0
16:43:34.305,0,0,50,0.0,0.0,0.0,0,0.0,OFFLINE,10.0,74,0
16:43:34.794,0,0,50,0.0,0.0,0.0,0,0.0,OFFLINE,10.0,50,0
16:43:35.300,0,0,50,0.0,0.0,33.3,0,0.0,OFFLINE,10.0,50,0
16:43:35.803,0,0,50,0.0,0.0,63.3,0,0.0,OFFLINE,10.0,50,0
16:43:36.305,0,0,50,0.0,0.0,96.7,0,0.0,OFFLINE,10.0,50,0
16:43:36.803,0,0,50,0.0,0.0,76.7,0,0.0,OFFLINE,10.0,50,0
16:43:37.308,0,0,50,0.0,0.0,43.3,0,0.0,OFFLINE,10.0,50,0
16:43:37.800,0,0,50,0.0,0.0,10.0,0,0.0,OFFLINE,10.0,50,0
16:43:38.307,0,0,50,0.0,16.7,0.0,0,0.0,OFFLINE,10.0,50,0
16:43:38.793,0,0,50,0.0,50.0,0.0,0,0.0,OFFLINE,10.0,50,0
16:43:39.291,0,0,50,0.0,80.0,0.0,0,0.0,OFFLINE,10.0,50,0
16:43:39.794,0,0,50,0.0,93.3,0.0,0,0.0,OFFLINE,10.0,50,0
16:43:40.298,0,0,50,0.0,60.0,0.0,0,0.0,OFFLINE,10.0,50,0
16:43:40.803,0,0,50,0.0,30.0,0.0,0,0.0,OFFLINE,10.0,50,0
16:43:41.313,0,0,50,0.0,0.0,0.0,0,0.0,OFFLINE,10.0,50,0
16:43:41.799,0,0,50,2.0,0.0,0.0,0,0.0,OFFLINE,10.0,50,0
16:43:42.308,0,0,50,4.0,0.0,0.0,0,0.0,OFFLINE,10.0,50,0
16:43:42.811,0,0,50,6.0,0.0,0.0,0,0.0,OFFLINE,10.0,50,0
16:43:43.306,0,0,50,4.2,0.0,0.0,0,0.0,OFFLINE,10.0,50,0
16:43:43.789,0,0,50,2.4,0.0,0.0,0,0.0,OFFLINE,10.0,50,0
16:43:44.294,0,0,50,0.6,0.0,0.0,0,0.0,OFFLINE,10.0,50,0
16:43:44.802,0,0,50,0.0,0.0,0.0,0,0.0,20%,10.0,50,0
16:43:45.299,0,0,50,0.0,0.0,0.0,0,0.0,53%,10.0,50,0
16:43:45.798,0,0,50,0.0,0.0,0.0,0,0.0,83%,10.0,50,0
16:43:46.308,0,0,50,0.0,0.0,0.0,0,0.0,86%,10.0,50,0
16:43:46.800,0,0,50,0.0,0.0,0.0,0,0.0,53%,10.0,50,0
16:43:47.305,0,0,50,0.0,0.0,0.0,0,0.0,20%,10.0,50,0
16:43:47.793,0,0,50,0.0,0.0,0.0,0,-1.5,0%,10.0,50,0
16:43:48.295,0,0,50,0.0,0.0,0.0,0,10.2,0%,10.0,50,0
16:43:48.800,0,0,50,0.0,0.0,0.0,0,21.8,0%,10.0,50,0
16:43:49.315,0,0,50,0.0,0.0,0.0,0,28.8,0%,10.0,50,0
16:43:49.801,0,0,50,0.0,0.0,0.0,0,17.2,0%,10.0,50,0
16:43:50.296,0,0,50,0.0,0.0,0.0,0,5.5,0%,10.0,50,0
16:43:50.793,0,0,50,0.0,0.0,0.0,10,-5.0,0%,10.0,50,0
16:43:51.302,0,0,50,0.0,0.0,0.0,25,-5.0,0%,10.0,50,0
16:43:51.812,0,0,50,0.0,0.0,0.0,41,-5.0,0%,10.0,50,0
16:43:52.289,0,0,50,0.0,0.0,0.0,56,-5.0,0%,10.0,50,0
16:43:52.804,0,0,50,0.0,0.0,0.0,48,-5.0,0%,10.0,50,0
16:43:53.290,0,0,50,0.0,0.0,0.0,33,-5.0,0%,10.0,50,0
16:43:53.797,0,0,50,0.0,0.0,0.0,16,-5.0,0%,10.0,50,0
16:43:54.308,0,0,50,0.0,0.0,0.0,10,-5.0,0%,10.0,50,0
16:43:54.804,0,0,50,0.0,0.0,0.0,10,-5.0,0%,10.0,50,0
16:43:55.298,0,0,50,0.0,0.0,0.0,10,-5.0,0%,10.0,50,0
16:43:55.811,0,0,50,0.0,0.0,0.0,10,-5.0,0%,10.0,50,0
16:43:56.291,0,0,50,0.0,0.0,0.0,10,-5.0,0%,10.0,50,0
16:43:56.805,0,0,50,0.0,0.0,0.0,10,-5.0,0%,10.0,50,0
16:43:57.291,0,0,50,0.0,0.0,0.0,10,-5.0,0%,10.0,50,0
16:43:57.790,0,0,50,0.0,0.0,0.0,10,-5.0,0%,10.0,50,0
16:44:10.479,0,0,0,0.0,0.0,0.0,0,0.0,OFFLINE,0.0,0,0
16:44:10.791,0,0,0,0.0,0.0,0.0,0,0.0,OFFLINE,0.0,0,0
16:44:11.288,0,0,0,0.0,0.0,0.0,0,0.0,OFFLINE,0.0,0,0
16:44:11.788,0,0,0,0.0,0.0,0.0,0,0.0,OFFLINE,0.0,0,0
16:44:12.292,0,0,0,0.0,0.0,0.0,0,0.0,OFFLINE,0.0,0,0
16:44:21.879,0,0,0,0.0,0.0,0.0,0,0.0,OFFLINE,0.0,0,0
16:44:22.148,0,0,0,0.0,0.0,0.0,0,0.0,OFFLINE,0.0,0,0
16:44:22.642,0,0,0,0.0,0.0,0.0,0,0.0,OFFLINE,0.0,0,0
16:44:23.134,0,0,0,0.0,0.0,0.0,0,0.0,OFFLINE,0.0,0,0
16:44:23.644,0,0,0,0.0,0.0,0.0,0,0.0,OFFLINE,0.0,0,0
16:44:24.148,0,0,0,0.0,0.0,0.0,0,0.0,OFFLINE,0.0,0,0
16:44:53.127,0,0,0,0.0,0.0,0.0,0,0.0,OFFLINE,0.0,0,0
16:44:53.430,0,0,0,0.0,0.0,0.0,0,0.0,OFFLINE,0.0,0,0
16:44:53.917,0,0,0,0.0,0.0,0.0,0,0.0,OFFLINE,0.0,0,0
16:44:54.424,0,0,0,0.0,0.0,0.0,0,0.0,OFFLINE,0.0,0,0
16:44:54.925,2100,0,0,0.0,0.0,0.0,0,0.0,OFFLINE,0.0,0,0
16:44:55.412,4433,0,0,0.0,0.0,0.0,0,0.0,OFFLINE,0.0,0,0
16:44:55.940,6766,0,0,0.0,0.0,0.0,0,0.0,OFFLINE,0.0,0,0
16:44:56.423,5133,0,0,0.0,0.0,0.0,0,0.0,OFFLINE,0.0,0,0
16:44:56.933,2800,0,0,0.0,0.0,0.0,0,0.0,OFFLINE,0.0,0,0
16:44:57.428,700,0,0,0.0,0.0,0.0,0,0.0,OFFLINE,0.0,0,0
16:44:57.939,0,48,0,0.0,0.0,0.0,0,0.0,OFFLINE,0.0,0,0
16:44:58.441,0,128,0,0.0,0.0,0.0,0,0.0,OFFLINE,0.0,0,0
16:44:58.914,0,208,0,0.0,0.0,0.0,0,0.0,OFFLINE,0.0,0,0
16:47:12.538,0,0,0,0.0,0.0,0.0,0,0.0,OFFLINE,0.0,0,0
16:47:12.827,0,0,0,0.0,0.0,0.0,0,0.0,OFFLINE,0.0,0,0
16:47:13.331,0,0,0,0.0,0.0,0.0,0,0.0,OFFLINE,0.0,0,0
16:47:13.841,0,0,0,0.0,0.0,0.0,0,0.0,OFFLINE,0.0,0,0
16:47:14.327,0,0,0,0.0,0.0,0.0,0,0.0,OFFLINE,0.0,0,0
16:47:14.828,0,0,0,0.0,0.0,0.0,0,0.0,OFFLINE,0.0,0,0
16:47:15.343,0,0,0,0.0,0.0,0.0,0,0.0,OFFLINE,0.0,0,0
16:47:15.825,0,0,0,0.0,0.0,0.0,0,0.0,OFFLINE,0.0,0,0
16:47:16.329,0,0,0,0.0,0.0,0.0,0,0.0,OFFLINE,0.0,0,0
16:47:16.836,0,0,0,0.0,0.0,0.0,0,0.0,OFFLINE,0.0,0,0
16:47:17.330,0,0,0,0.0,0.0,0.0,0,0.0,OFFLINE,0.0,0,0
16:47:17.833,0,0,0,0.0,0.0,0.0,0,0.0,OFFLINE,0.0,0,0
16:47:18.330,0,0,0,0.0,0.0,0.0,0,0.0,OFFLINE,0.0,0,0
16:47:18.834,0,0,0,0.0,0.0,0.0,0,0.0,OFFLINE,0.0,0,0
16:47:19.327,0,0,0,0.0,0.0,0.0,0,0.0,OFFLINE,0.0,0,0
16:47:19.833,0,0,0,0.0,0.0,0.0,0,0.0,OFFLINE,0.0,0,0
16:47:20.326,0,0,0,0.0,0.0,0.0,0,0.0,OFFLINE,0.0,0,0
16:47:20.834,0,0,0,0.0,0.0,0.0,0,0.0,OFFLINE,0.0,0,0
16:47:21.338,0,0,0,0.0,0.0,0.0,0,0.0,OFFLINE,0.0,0,0
16:47:21.833,0,0,0,0.0,0.0,0.0,0,0.0,OFFLINE,0.0,0,0
16:47:22.328,0,0,0,0.0,0.0,0.0,0,0.0,OFFLINE,0.0,0,0
16:47:22.842,0,0,0,0.0,0.0,0.0,0,0.0,OFFLINE,0.0,0,0
16:47:23.344,0,0,0,0.0,0.0,0.0,0,0.0,OFFLINE,0.0,0,0
16:47:23.825,0,0,0,0.0,0.0,0.0,0,0.0,OFFLINE,0.0,0,0
16:47:24.321,0,0,0,0.0,0.0,0.0,0,0.0,OFFLINE,0.0,0,0
16:47:24.840,0,0,0,0.0,0.0,0.0,0,0.0,OFFLINE,0.0,0,0
16:47:25.333,1633,0,0,0.0,0.0,0.0,0,0.0,OFFLINE,0.0,0,0
16:47:25.839,3966,0,0,0.0,0.0,0.0,0,0.0,OFFLINE,0.0,0,0
16:47:26.331,6300,0,0,0.0,0.0,0.0,0,0.0,OFFLINE,0.0,0,0
16:47:26.835,5833,0,0,0.0,0.0,0.0,0,0.0,OFFLINE,0.0,0,0
16:47:27.331,3500,0,0,0.0,0.0,0.0,0,0.0,OFFLINE,0.0,0,0
16:47:27.824,1400,0,0,0.0,0.0,0.0,0,0.0,OFFLINE,0.0,0,0
16:47:28.332,0,24,0,0.0,0.0,0.0,0,0.0,OFFLINE,0.0,0,0
16:47:28.821,0,104,0,0.0,0.0,0.0,0,0.0,OFFLINE,0.0,0,0
16:47:29.339,0,184,0,0.0,0.0,0.0,0,0.0,OFFLINE,0.0,0,0
16:47:29.821,0,224,0,0.0,0.0,0.0,0,0.0,OFFLINE,0.0,0,0
16:47:30.340,0,144,0,0.0,0.0,0.0,0,0.0,OFFLINE,0.0,0,0
16:47:30.838,0,72,0,0.0,0.0,0.0,0,0.0,OFFLINE,0.0,0,0
16:47:31.331,0,0,50,0.0,0.0,0.0,0,0.0,OFFLINE,0.0,0,0
16:47:31.840,0,0,73,0.0,0.0,0.0,0,0.0,OFFLINE,0.0,0,0
16:47:32.335,0,0,96,0.0,0.0,0.0,0,0.0,OFFLINE,0.0,0,0
16:47:32.834,0,0,120,0.0,0.0,0.0,0,0.0,OFFLINE,0.0,0,0
16:47:33.331,0,0,101,0.0,0.0,0.0,0,0.0,OFFLINE,0.0,0,0
16:47:33.827,0,0,78,0.0,0.0,0.0,0,0.0,OFFLINE,0.0,0,0
16:47:34.332,0,0,54,0.0,0.0,0.0,0,0.0,OFFLINE,0.0,0,0
16:47:34.830,0,0,50,0.0,0.0,0.0,0,0.0,OFFLINE,11.2,0,0
16:47:35.335,0,0,50,0.0,0.0,0.0,0,0.0,OFFLINE,12.7,0,0
16:47:35.826,0,0,50,0.0,0.0,0.0,0,0.0,OFFLINE,14.3,0,0
16:47:36.337,0,0,50,0.0,0.0,0.0,0,0.0,OFFLINE,14.2,0,0
16:47:36.843,0,0,50,0.0,0.0,0.0,0,0.0,OFFLINE,12.5,0,0
16:47:37.326,0,0,50,0.0,0.0,0.0,0,0.0,OFFLINE,10.8,0,0
16:47:37.838,0,0,50,0.0,0.0,0.0,0,0.0,OFFLINE,10.0,0,66
16:47:38.350,0,0,50,0.0,0.0,0.0,0,0.0,OFFLINE,10.0,0,233
16:47:38.836,0,0,50,0.0,0.0,0.0,0,0.0,OFFLINE,10.0,0,383
16:47:39.345,0,0,50,0.0,0.0,0.0,0,0.0,OFFLINE,10.0,0,466
16:47:39.845,0,0,50,0.0,0.0,0.0,0,0.0,OFFLINE,10.0,0,300
16:47:40.353,0,0,50,0.0,0.0,0.0,0,0.0,OFFLINE,10.0,0,133
16:47:40.857,0,0,50,0.0,0.0,0.0,0,0.0,OFFLINE,10.0,50,0
16:47:41.347,0,0,50,0.0,0.0,0.0,0,0.0,OFFLINE,10.0,76,0
16:47:41.851,0,0,50,0.0,0.0,0.0,0,0.0,OFFLINE,10.0,103,0
16:47:42.338,0,0,50,0.0,0.0,0.0,0,0.0,OFFLINE,10.0,130,0
16:47:42.843,0,0,50,0.0,0.0,0.0,0,0.0,OFFLINE,10.0,106,0
16:47:43.346,0,0,50,0.0,0.0,0.0,0,0.0,OFFLINE,10.0,82,0
16:47:43.841,0,0,50,0.0,0.0,0.0,0,0.0,OFFLINE,10.0,55,0
16:47:44.353,0,0,50,0.0,0.0,23.3,0,0.0,OFFLINE,10.0,50,0
16:47:44.845,0,0,50,0.0,0.0,53.3,0,0.0,OFFLINE,10.0,50,0
16:47:45.356,0,0,50,0.0,0.0,86.7,0,0.0,OFFLINE,10.0,50,0
16:47:45.839,0,0,50,0.0,0.0,83.3,0,0.0,OFFLINE,10.0,50,0
16:47:46.353,0,0,50,0.0,0.0,50.0,0,0.0,OFFLINE,10.0,50,0
16:47:46.843,0,0,50,0.0,0.0,20.0,0,0.0,OFFLINE,10.0,50,0
16:47:47.351,0,0,50,0.0,10.0,0.0,0,0.0,OFFLINE,10.0,50,0
16:47:47.841,0,0,50,0.0,43.3,0.0,0,0.0,OFFLINE,10.0,50,0
16:47:48.341,0,0,50,0.0,76.7,0.0,0,0.0,OFFLINE,10.0,50,0
16:47:48.848,0,0,50,0.0,93.3,0.0,0,0.0,OFFLINE,10.0,50,0
16:47:49.345,0,0,50,0.0,60.0,0.0,0,0.0,OFFLINE,10.0,50,0
16:47:49.844,0,0,50,0.0,30.0,0.0,0,0.0,OFFLINE,10.0,50,0
16:47:50.345,0,0,50,0.0,0.0,0.0,0,0.0,OFFLINE,10.0,50,0
16:47:50.859,0,0,50,2.0,0.0,0.0,0,0.0,OFFLINE,10.0,50,0
16:47:51.353,0,0,50,3.8,0.0,0.0,0,0.0,OFFLINE,10.0,50,0
16:47:51.845,0,0,50,5.8,0.0,0.0,0,0.0,OFFLINE,10.0,50,0
16:47:52.349,0,0,50,4.4,0.0,0.0,0,0.0,OFFLINE,10.0,50,0
16:47:52.857,0,0,50,2.4,0.0,0.0,0,0.0,OFFLINE,10.0,50,0
16:47:53.342,0,0,50,0.6,0.0,0.0,0,0.0,OFFLINE,10.0,50,0
16:47:53.850,0,0,50,0.0,0.0,0.0,0,0.0,20%,10.0,50,0
16:47:54.365,0,0,50,0.0,0.0,0.0,0,0.0,53%,10.0,50,0
16:47:54.865,0,0,50,0.0,0.0,0.0,0,0.0,86%,10.0,50,0
16:47:55.373,0,0,50,0.0,0.0,0.0,0,0.0,83%,10.0,50,0
16:47:55.869,0,0,50,0.0,0.0,0.0,0,0.0,53%,10.0,50,0
16:47:56.364,0,0,50,0.0,0.0,0.0,0,0.0,20%,10.0,50,0
16:47:56.875,0,0,50,0.0,0.0,0.0,0,-1.5,0%,10.0,50,0
16:47:57.375,0,0,50,0.0,0.0,0.0,0,10.2,0%,10.0,50,0
16:47:57.871,0,0,50,0.0,0.0,0.0,0,20.7,0%,10.0,50,0
16:47:58.367,0,0,50,0.0,0.0,0.0,0,28.8,0%,10.0,50,0
16:47:58.876,0,0,50,0.0,0.0,0.0,0,17.2,0%,10.0,50,0
16:47:59.376,0,0,50,0.0,0.0,0.0,0,5.5,0%,10.0,50,0
16:47:59.869,0,0,50,0.0,0.0,0.0,0,-5.0,0%,10.0,50,0
16:48:00.380,0,0,50,0.0,0.0,0.0,25,-5.0,0%,10.0,50,0
16:48:00.868,0,0,50,0.0,0.0,0.0,41,-5.0,0%,10.0,50,0
16:48:01.377,0,0,50,0.0,0.0,0.0,58,-5.0,0%,10.0,50,0
16:48:01.868,0,0,50,0.0,0.0,0.0,48,-5.0,0%,10.0,50,0
16:48:02.378,0,0,50,0.0,0.0,0.0,31,-5.0,0%,10.0,50,0
16:48:02.867,0,0,50,0.0,0.0,0.0,15,-5.0,0%,10.0,50,0
16:48:03.374,0,0,50,0.0,0.0,0.0,10,-5.0,0%,10.0,50,0
16:48:03.868,0,0,50,0.0,0.0,0.0,10,-5.0,0%,10.0,50,0
16:48:04.377,0,0,50,0.0,0.0,0.0,10,-5.0,0%,10.0,50,0
16:48:04.879,0,0,50,0.0,0.0,0.0,10,-5.0,0%,10.0,50,0
16:48:05.375,0,0,50,0.0,0.0,0.0,10,-5.0,0%,10.0,50,0
16:48:05.885,0,0,50,0.0,0.0,0.0,10,-5.0,0%,10.0,50,0
16:48:06.367,0,0,50,0.0,0.0,0.0,10,-5.0,0%,10.0,50,0
16:48:06.880,0,0,50,0.0,0.0,0.0,10,-5.0,0%,10.0,50,0
16:48:07.383,0,0,50,0.0,0.0,0.0,10,-5.0,0%,10.0,50,0
16:48:07.876,0,0,50,0.0,0.0,0.0,10,-5.0,0%,10.0,50,0
16:48:08.369,0,0,50,0.0,0.0,0.0,10,-5.0,0%,10.0,50,0
16:48:08.883,0,0,50,0.0,0.0,0.0,10,-5.0,0%,10.0,50,0
16:48:09.368,0,0,50,0.0,0.0,0.0,10,-5.0,0%,10.0,50,0
16:48:09.875,0,0,50,0.0,0.0,0.0,10,-5.0,0%,10.0,50,0
16:48:10.369,0,0,50,0.0,0.0,0.0,10,-5.0,0%,10.0,50,0
16:48:10.874,0,0,50,0.0,0.0,0.0,10,-5.0,0%,10.0,50,0
16:48:11.367,0,0,50,0.0,0.0,0.0,10,-5.0,0%,10.0,50,0
16:48:11.886,0,0,50,0.0,0.0,0.0,10,-5.0,0%,10.0,50,0
16:48:12.373,0,0,50,0.0,0.0,0.0,10,-5.0,0%,10.0,50,0
16:48:12.882,0,0,50,0.0,0.0,0.0,10,-5.0,0%,10.0,50,0
16:48:13.381,0,0,50,0.0,0.0,0.0,10,-5.0,0%,10.0,50,0
16:48:13.884,0,0,50,0.0,0.0,0.0,10,-5.0,0%,10.0,50,0
16:48:14.373,0,0,50,0.0,0.0,0.0,10,-5.0,0%,10.0,50,0
16:49:38.785,0,0,0,0.0,0.0,0.0,0,0.0,OFFLINE,0.0,0,0
16:49:39.097,0,0,0,0.0,0.0,0.0,0,0.0,OFFLINE,0.0,0,0
16:49:39.598,0,0,0,0.0,0.0,0.0,0,0.0,OFFLINE,0.0,0,0
16:49:40.103,0,0,0,0.0,0.0,0.0,0,0.0,OFFLINE,0.0,0,0
16:49:40.605,0,0,0,0.0,0.0,0.0,0,0.0,OFFLINE,0.0,0,0
16:49:41.095,0,0,0,0.0,0.0,0.0,0,0.0,OFFLINE,0.0,0,0
16:49:41.609,0,0,0,0.0,0.0,0.0,0,0.0,OFFLINE,0.0,0,0
16:49:42.097,0,0,0,0.0,0.0,0.0,0,0.0,OFFLINE,0.0,0,0
16:49:42.605,0,0,0,0.0,0.0,0.0,0,0.0,OFFLINE,0.0,0,0
16:49:43.109,0,0,0,0.0,0.0,0.0,0,0.0,OFFLINE,0.0,0,0
16:49:43.610,0,0,0,0.0,0.0,0.0,0,0.0,OFFLINE,0.0,0,0
16:49:44.095,0,0,0,0.0,0.0,0.0,0,0.0,OFFLINE,0.0,0,0
16:49:44.591,0,0,0,0.0,0.0,0.0,0,0.0,OFFLINE,0.0,0,0
16:49:45.100,0,0,0,0.0,0.0,0.0,0,0.0,OFFLINE,0.0,0,0
16:49:45.606,0,0,0,0.0,0.0,0.0,0,0.0,OFFLINE,0.0,0,0
16:49:46.088,0,0,0,0.0,0.0,0.0,0,0.0,OFFLINE,0.0,0,0
16:49:46.590,0,0,0,0.0,0.0,0.0,0,0.0,OFFLINE,0.0,0,0
16:49:47.099,0,0,0,0.0,0.0,0.0,0,0.0,OFFLINE,0.0,0,0
16:49:47.608,0,0,0,0.0,0.0,0.0,0,0.0,OFFLINE,0.0,0,0
16:49:48.095,0,0,0,0.0,0.0,0.0,0,0.0,OFFLINE,0.0,0,0
16:49:48.601,0,0,0,0.0,0.0,0.0,0,0.0,OFFLINE,0.0,0,0
16:49:49.111,0,0,0,0.0,0.0,0.0,0,0.0,OFFLINE,0.0,0,0
16:49:49.610,0,0,0,0.0,0.0,0.0,0,0.0,OFFLINE,0.0,0,0
16:49:50.103,0,0,0,0.0,0.0,0.0,0,0.0,OFFLINE,0.0,0,0
16:49:50.596,0,0,0,0.0,0.0,0.0,0,0.0,OFFLINE,0.0,0,0
16:49:51.101,0,0,0,0.0,0.0,0.0,0,0.0,OFFLINE,0.0,0,0
16:49:51.600,0,0,0,0.0,0.0,0.0,0,0.0,OFFLINE,0.0,0,0
16:49:52.094,0,0,0,0.0,0.0,0.0,0,0.0,OFFLINE,0.0,0,0
16:49:52.598,0,0,0,0.0,0.0,0.0,0,0.0,OFFLINE,0.0,0,0
16:49:53.098,0,0,0,0.0,0.0,0.0,0,0.0,OFFLINE,0.0,0,0
16:49:53.590,0,0,0,0.0,0.0,0.0,0,0.0,OFFLINE,0.0,0,0
16:49:54.103,0,0,0,0.0,0.0,0.0,0,0.0,OFFLINE,0.0,0,0
16:49:54.589,0,0,0,0.0,0.0,0.0,0,0.0,OFFLINE,0.0,0,0
16:49:55.101,0,0,0,0.0,0.0,0.0,0,0.0,OFFLINE,0.0,0,0
16:49:55.598,0,0,0,0.0,0.0,0.0,0,0.0,OFFLINE,0.0,0,0
16:49:56.103,0,0,0,0.0,0.0,0.0,0,0.0,OFFLINE,0.0,0,0
16:49:56.598,0,0,0,0.0,0.0,0.0,0,0.0,OFFLINE,0.0,0,0
16:49:57.099,0,0,0,0.0,0.0,0.0,0,0.0,OFFLINE,0.0,0,0
16:49:57.606,0,0,0,0.0,0.0,0.0,0,0.0,OFFLINE,0.0,0,0
16:49:58.095,0,0,0,0.0,0.0,0.0,0,0.0,OFFLINE,0.0,0,0
16:49:58.597,0,0,0,0.0,0.0,0.0,0,0.0,OFFLINE,0.0,0,0
16:49:59.109,0,0,0,0.0,0.0,0.0,0,0.0,OFFLINE,0.0,0,0
16:49:59.610,0,0,0,0.0,0.0,0.0,0,0.0,OFFLINE,0.0,0,0
16:50:00.104,0,0,0,0.0,0.0,0.0,0,0.0,OFFLINE,0.0,0,0
16:50:00.594,0,0,0,0.0,0.0,0.0,0,0.0,OFFLINE,0.0,0,0
16:50:01.110,0,0,0,0.0,0.0,0.0,0,0.0,OFFLINE,0.0,0,0
16:50:01.595,0,0,0,0.0,0.0,0.0,0,0.0,OFFLINE,0.0,0,0
16:50:02.100,0,0,0,0.0,0.0,0.0,0,0.0,OFFLINE,0.0,0,0
16:50:02.604,0,0,0,0.0,0.0,0.0,0,0.0,OFFLINE,0.0,0,0
16:50:03.109,0,0,0,0.0,0.0,0.0,0,0.0,OFFLINE,0.0,0,0
16:50:03.595,0,0,0,0.0,0.0,0.0,0,0.0,OFFLINE,0.0,0,0
16:50:04.094,0,0,0,0.0,0.0,0.0,0,0.0,OFFLINE,0.0,0,0
16:50:04.594,0,0,0,0.0,0.0,0.0,0,0.0,OFFLINE,0.0,0,0
16:50:05.095,0,0,0,0.0,0.0,0.0,0,0.0,OFFLINE,0.0,0,0
16:50:05.597,0,0,0,0.0,0.0,0.0,0,0.0,OFFLINE,0.0,0,0
16:50:06.092,0,0,0,0.0,0.0,0.0,0,0.0,OFFLINE,0.0,0,0
16:50:06.596,0,0,0,0.0,0.0,0.0,0,0.0,OFFLINE,0.0,0,0
16:50:07.110,0,0,0,0.0,0.0,0.0,0,0.0,OFFLINE,0.0,0,0
16:50:07.596,0,0,0,0.0,0.0,0.0,0,0.0,OFFLINE,0.0,0,0
16:50:08.103,0,0,0,0.0,0.0,0.0,0,0.0,OFFLINE,0.0,0,0
16:50:08.605,0,0,0,0.0,0.0,0.0,0,0.0,OFFLINE,0.0,0,0
16:50:09.103,0,0,0,0.0,0.0,0.0,0,0.0,OFFLINE,0.0,0,0
16:50:09.600,0,0,0,0.0,0.0,0.0,0,0.0,OFFLINE,0.0,0,0
16:50:10.094,0,0,0,0.0,0.0,0.0,0,0.0,OFFLINE,0.0,0,0
16:50:10.603,0,0,0,0.0,0.0,0.0,0,0.0,OFFLINE,0.0,0,0
16:50:11.094,0,0,0,0.0,0.0,0.0,0,0.0,OFFLINE,0.0,0,0
16:50:11.607,0,0,0,0.0,0.0,0.0,0,0.0,OFFLINE,0.0,0,0
16:50:12.095,0,0,0,0.0,0.0,0.0,0,0.0,OFFLINE,0.0,0,0
16:50:12.597,0,0,0,0.0,0.0,0.0,0,0.0,OFFLINE,0.0,0,0
16:50:13.104,0,0,0,0.0,0.0,0.0,0,0.0,OFFLINE,0.0,0,0
16:50:13.594,0,0,0,0.0,0.0,0.0,0,0.0,OFFLINE,0.0,0,0
16:50:14.096,0,0,0,0.0,0.0,0.0,0,0.0,OFFLINE,0.0,0,0
16:50:14.591,0,0,0,0.0,0.0,0.0,0,0.0,OFFLINE,0.0,0,0
16:50:15.108,0,0,0,0.0,0.0,0.0,0,0.0,OFFLINE,0.0,0,0
16:50:15.597,0,0,0,0.0,0.0,0.0,0,0.0,OFFLINE,0.0,0,0
16:50:16.091,0,0,0,0.0,0.0,0.0,0,0.0,OFFLINE,0.0,0,0
16:50:16.605,0,0,0,0.0,0.0,0.0,0,0.0,OFFLINE,0.0,0,0
16:50:17.093,0,0,0,0.0,0.0,0.0,0,0.0,OFFLINE,0.0,0,0
16:50:17.606,0,0,0,0.0,0.0,0.0,0,0.0,OFFLINE,0.0,0,0
16:50:18.101,0,0,0,0.0,0.0,0.0,0,0.0,OFFLINE,0.0,0,0
16:50:18.605,0,0,0,0.0,0.0,0.0,0,0.0,OFFLINE,0.0,0,0
16:50:19.111,0,0,0,0.0,0.0,0.0,0,0.0,OFFLINE,0.0,0,0
16:50:19.591,0,0,0,0.0,0.0,0.0,0,0.0,OFFLINE,0.0,0,0
16:50:20.107,0,0,0,0.0,0.0,0.0,0,0.0,OFFLINE,0.0,0,0
16:50:20.590,0,0,0,0.0,0.0,0.0,0,0.0,OFFLINE,0.0,0,0
16:50:21.094,0,0,0,0.0,0.0,0.0,0,0.0,OFFLINE,0.0,0,0
16:50:21.608,0,0,0,0.0,0.0,0.0,0,0.0,OFFLINE,0.0,0,0
16:50:22.101,0,0,0,0.0,0.0,0.0,0,0.0,OFFLINE,0.0,0,0
16:50:22.607,0,0,0,0.0,0.0,0.0,0,0.0,OFFLINE,0.0,0,0
16:50:23.096,0,0,0,0.0,0.0,0.0,0,0.0,OFFLINE,0.0,0,0
16:50:23.599,0,0,0,0.0,0.0,0.0,0,0.0,OFFLINE,0.0,0,0
16:50:24.101,0,0,0,0.0,0.0,0.0,0,0.0,OFFLINE,0.0,0,0
16:50:24.613,0,0,0,0.0,0.0,0.0,0,0.0,OFFLINE,0.0,0,0
16:50:25.118,0,0,0,0.0,0.0,0.0,0,0.0,OFFLINE,0.0,0,0
16:50:25.627,0,0,0,0.0,0.0,0.0,0,0.0,OFFLINE,0.0,0,0
16:50:26.121,0,0,0,0.0,0.0,0.0,0,0.0,OFFLINE,0.0,0,0
16:50:26.618,0,0,0,0.0,0.0,0.0,0,0.0,OFFLINE,0.0,0,0
16:50:27.113,0,0,0,0.0,0.0,0.0,0,0.0,OFFLINE,0.0,0,0
16:50:27.629,0,0,0,0.0,0.0,0.0,0,0.0,OFFLINE,0.0,0,0
16:50:28.129,0,0,0,0.0,0.0,0.0,0,0.0,OFFLINE,0.0,0,0
16:50:28.628,0,0,0,0.0,0.0,0.0,0,0.0,OFFLINE,0.0,0,0
16:50:29.125,0,0,0,0.0,0.0,0.0,0,0.0,OFFLINE,0.0,0,0
16:50:29.632,0,0,0,0.0,0.0,0.0,0,0.0,OFFLINE,0.0,0,0
16:50:30.123,0,0,0,0.0,0.0,0.0,0,0.0,OFFLINE,0.0,0,0
16:50:30.634,0,0,0,0.0,0.0,0.0,0,0.0,OFFLINE,0.0,0,0
16:50:31.135,0,0,0,0.0,0.0,0.0,0,0.0,OFFLINE,0.0,0,0
16:50:31.629,0,0,0,0.0,0.0,0.0,0,0.0,OFFLINE,0.0,0,0
16:50:32.126,0,0,0,0.0,0.0,0.0,0,0.0,OFFLINE,0.0,0,0
16:50:32.628,0,0,0,0.0,0.0,0.0,0,0.0,OFFLINE,0.0,0,0
16:50:33.126,0,0,0,0.0,0.0,0.0,0,0.0,OFFLINE,0.0,0,0
16:50:33.640,0,0,0,0.0,0.0,0.0,0,0.0,OFFLINE,0.0,0,0
16:50:34.121,0,0,0,0.0,0.0,0.0,0,0.0,OFFLINE,0.0,0,0
16:50:34.637,0,0,0,0.0,0.0,0.0,0,0.0,OFFLINE,0.0,0,0
16:50:35.133,0,0,0,0.0,0.0,0.0,0,0.0,OFFLINE,0.0,0,0
16:50:35.629,0,0,0,0.0,0.0,0.0,0,0.0,OFFLINE,0.0,0,0
16:50:36.128,0,0,0,0.0,0.0,0.0,0,0.0,OFFLINE,0.0,0,0
16:50:36.635,0,0,0,0.0,0.0,0.0,0,0.0,OFFLINE,0.0,0,0
16:50:37.135,0,0,0,0.0,0.0,0.0,0,0.0,OFFLINE,0.0,0,0
16:50:37.641,0,0,0,0.0,0.0,0.0,0,0.0,OFFLINE,0.0,0,0
16:50:38.126,0,0,0,0.0,0.0,0.0,0,0.0,OFFLINE,0.0,0,0
16:50:38.626,0,0,0,0.0,0.0,0.0,0,0.0,OFFLINE,0.0,0,0
16:50:39.124,0,0,0,0.0,0.0,0.0,0,0.0,OFFLINE,0.0,0,0
16:50:39.628,0,0,0,0.0,0.0,0.0,0,0.0,OFFLINE,0.0,0,0
16:50:40.125,0,0,0,0.0,0.0,0.0,0,0.0,OFFLINE,0.0,0,0
16:50:40.626,0,0,0,0.0,0.0,0.0,0,0.0,OFFLINE,0.0,0,0
16:50:41.134,0,0,0,0.0,0.0,0.0,0,0.0,OFFLINE,0.0,0,0
16:50:41.625,0,0,0,0.0,0.0,0.0,0,0.0,OFFLINE,0.0,0,0
16:50:42.138,0,0,0,0.0,0.0,0.0,0,0.0,OFFLINE,0.0,0,0
16:50:42.638,0,0,0,0.0,0.0,0.0,0,0.0,OFFLINE,0.0,0,0
16:50:43.126,0,0,0,0.0,0.0,0.0,0,0.0,OFFLINE,0.0,0,0
16:50:43.628,0,0,0,0.0,0.0,0.0,0,0.0,OFFLINE,0.0,0,0
16:50:44.123,0,0,0,0.0,0.0,0.0,0,0.0,OFFLINE,0.0,0,0
16:50:44.630,0,0,0,0.0,0.0,0.0,0,0.0,OFFLINE,0.0,0,0
16:50:45.132,0,0,0,0.0,0.0,0.0,0,0.0,OFFLINE,0.0,0,0
16:50:45.637,0,0,0,0.0,0.0,0.0,0,0.0,OFFLINE,0.0,0,0
16:50:46.137,0,0,0,0.0,0.0,0.0,0,0.0,OFFLINE,0.0,0,0
16:50:46.634,0,0,0,0.0,0.0,0.0,0,0.0,OFFLINE,0.0,0,0
16:50:47.116,0,0,0,0.0,0.0,0.0,0,0.0,OFFLINE,0.0,0,0
16:50:47.638,0,0,0,0.0,0.0,0.0,0,0.0,OFFLINE,0.0,0,0
16:50:48.137,0,0,0,0.0,0.0,0.0,0,0.0,OFFLINE,0.0,0,0
16:50:48.627,0,0,0,0.0,0.0,0.0,0,0.0,OFFLINE,0.0,0,0
16:50:49.133,0,0,0,0.0,0.0,0.0,0,0.0,OFFLINE,0.0,0,0
16:50:49.638,0,0,0,0.0,0.0,0.0,0,0.0,OFFLINE,0.0,0,0
16:50:50.131,0,0,0,0.0,0.0,0.0,0,0.0,OFFLINE,0.0,0,0
16:50:50.637,0,0,0,0.0,0.0,0.0,0,0.0,OFFLINE,0.0,0,0
16:50:51.126,0,0,0,0.0,0.0,0.0,0,0.0,OFFLINE,0.0,0,0
16:50:51.631,0,0,0,0.0,0.0,0.0,0,0.0,OFFLINE,0.0,0,0
16:50:52.135,0,0,0,0.0,0.0,0.0,0,0.0,OFFLINE,0.0,0,0
16:50:52.626,0,0,0,0.0,0.0,0.0,0,0.0,OFFLINE,0.0,0,0
16:50:53.134,0,0,0,0.0,0.0,0.0,0,0.0,OFFLINE,0.0,0,0
16:50:53.622,0,0,0,0.0,0.0,0.0,0,0.0,OFFLINE,0.0,0,0
16:50:54.126,0,0,0,0.0,0.0,0.0,0,0.0,OFFLINE,0.0,0,0
16:50:54.627,0,0,0,0.0,0.0,0.0,0,0.0,OFFLINE,0.0,0,0
16:50:55.135,0,0,0,0.0,0.0,0.0,0,0.0,OFFLINE,0.0,0,0
16:50:55.617,0,0,0,0.0,0.0,0.0,0,0.0,OFFLINE,0.0,0,0
16:50:56.134,0,0,0,0.0,0.0,0.0,0,0.0,OFFLINE,0.0,0,0
16:50:56.630,0,0,0,0.0,0.0,0.0,0,0.0,OFFLINE,0.0,0,0
16:50:57.125,0,0,0,0.0,0.0,0.0,0,0.0,OFFLINE,0.0,0,0
16:50:57.637,0,0,0,0.0,0.0,0.0,0,0.0,OFFLINE,0.0,0,0
16:50:58.134,0,0,0,0.0,0.0,0.0,0,0.0,OFFLINE,0.0,0,0
16:50:58.636,0,0,0,0.0,0.0,0.0,0,0.0,OFFLINE,0.0,0,0
16:50:59.136,0,0,0,0.0,0.0,0.0,0,0.0,OFFLINE,0.0,0,0
16:50:59.632,0,0,0,0.0,0.0,0.0,0,0.0,OFFLINE,0.0,0,0
16:51:00.137,0,0,0,0.0,0.0,0.0,0,0.0,OFFLINE,0.0,0,0
16:51:00.627,0,0,0,0.0,0.0,0.0,0,0.0,OFFLINE,0.0,0,0
16:51:01.135,0,0,0,0.0,0.0,0.0,0,0.0,OFFLINE,0.0,0,0
16:51:01.622,0,0,0,0.0,0.0,0.0,0,0.0,OFFLINE,0.0,0,0
16:51:02.133,0,0,0,0.0,0.0,0.0,0,0.0,OFFLINE,0.0,0,0
16:51:02.636,0,0,0,0.0,0.0,0.0,0,0.0,OFFLINE,0.0,0,0
16:51:03.130,0,0,0,0.0,0.0,0.0,0,0.0,OFFLINE,0.0,0,0
16:51:03.629,0,0,0,0.0,0.0,0.0,0,0.0,OFFLINE,0.0,0,0
16:51:04.121,0,0,0,0.0,0.0,0.0,0,0.0,OFFLINE,0.0,0,0
16:51:04.633,0,0,0,0.0,0.0,0.0,0,0.0,OFFLINE,0.0,0,0
16:51:05.141,0,0,0,0.0,0.0,0.0,0,0.0,OFFLINE,0.0,0,0
16:51:05.642,0,0,0,0.0,0.0,0.0,0,0.0,OFFLINE,0.0,0,0
16:51:06.135,0,0,0,0.0,0.0,0.0,0,0.0,OFFLINE,0.0,0,0
16:51:06.636,0,0,0,0.0,0.0,0.0,0,0.0,OFFLINE,0.0,0,0
16:51:07.124,0,0,0,0.0,0.0,0.0,0,0.0,OFFLINE,0.0,0,0
16:51:07.639,0,0,0,0.0,0.0,0.0,0,0.0,OFFLINE,0.0,0,0
16:51:08.126,0,0,0,0.0,0.0,0.0,0,0.0,OFFLINE,0.0,0,0
16:51:08.637,0,0,0,0.0,0.0,0.0,0,0.0,OFFLINE,0.0,0,0
16:51:09.126,0,0,0,0.0,0.0,0.0,0,0.0,OFFLINE,0.0,0,0
16:51:09.642,0,0,0,0.0,0.0,0.0,0,0.0,OFFLINE,0.0,0,0
16:51:10.138,0,0,0,0.0,0.0,0.0,0,0.0,OFFLINE,0.0,0,0
16:51:10.628,0,0,0,0.0,0.0,0.0,0,0.0,OFFLINE,0.0,0,0
16:51:11.135,0,0,0,0.0,0.0,0.0,0,0.0,OFFLINE,0.0,0,0
16:51:11.623,0,0,0,0.0,0.0,0.0,0,0.0,OFFLINE,0.0,0,0
16:51:12.119,0,0,0,0.0,0.0,0.0,0,0.0,OFFLINE,0.0,0,0
16:51:12.627,0,0,0,0.0,0.0,0.0,0,0.0,OFFLINE,0.0,0,0
16:51:13.126,0,0,0,0.0,0.0,0.0,0,0.0,OFFLINE,0.0,0,0
16:51:13.628,0,0,0,0.0,0.0,0.0,0,0.0,OFFLINE,0.0,0,0
16:51:14.129,0,0,0,0.0,0.0,0.0,0,0.0,OFFLINE,0.0,0,0
16:51:14.627,0,0,0,0.0,0.0,0.0,0,0.0,OFFLINE,0.0,0,0
16:51:15.133,0,0,0,0.0,0.0,0.0,0,0.0,OFFLINE,0.0,0,0
16:51:15.638,0,0,0,0.0,0.0,0.0,0,0.0,OFFLINE,0.0,0,0
16:51:16.137,0,0,0,0.0,0.0,0.0,0,0.0,OFFLINE,0.0,0,0
16:51:16.629,0,0,0,0.0,0.0,0.0,0,0.0,OFFLINE,0.0,0,0
16:51:17.122,0,0,0,0.0,0.0,0.0,0,0.0,OFFLINE,0.0,0,0
16:51:17.629,0,0,0,0.0,0.0,0.0,0,0.0,OFFLINE,0.0,0,0
16:51:18.139,0,0,0,0.0,0.0,0.0,0,0.0,OFFLINE,0.0,0,0
16:51:18.627,0,0,0,0.0,0.0,0.0,0,0.0,OFFLINE,0.0,0,0
16:51:19.133,0,0,0,0.0,0.0,0.0,0,0.0,OFFLINE,0.0,0,0
16:51:19.637,0,0,0,0.0,0.0,0.0,0,0.0,OFFLINE,0.0,0,0
16:51:20.120,0,0,0,0.0,0.0,0.0,0,0.0,OFFLINE,0.0,0,0
16:51:20.631,0,0,0,0.0,0.0,0.0,0,0.0,OFFLINE,0.0,0,0
16:51:21.123,0,0,0,0.0,0.0,0.0,0,0.0,OFFLINE,0.0,0,0
16:51:21.631,0,0,0,0.0,0.0,0.0,0,0.0,OFFLINE,0.0,0,0
16:51:22.120,0,0,0,0.0,0.0,0.0,0,0.0,OFFLINE,0.0,0,0
16:51:22.621,0,0,0,0.0,0.0,0.0,0,0.0,OFFLINE,0.0,0,0
16:51:23.128,0,0,0,0.0,0.0,0.0,0,0.0,OFFLINE,0.0,0,0
16:51:23.624,0,0,0,0.0,0.0,0.0,0,0.0,OFFLINE,0.0,0,0
16:51:24.132,0,0,0,0.0,0.0,0.0,0,0.0,OFFLINE,0.0,0,0
16:51:24.619,0,0,0,0.0,0.0,0.0,0,0.0,OFFLINE,0.0,0,0
16:51:25.128,0,0,0,0.0,0.0,0.0,0,0.0,OFFLINE,0.0,0,0
16:51:25.626,0,0,0,0.0,0.0,0.0,0,0.0,OFFLINE,0.0,0,0
16:51:26.126,0,0,0,0.0,0.0,0.0,0,0.0,OFFLINE,0.0,0,0
16:51:26.630,0,0,0,0.0,0.0,0.0,0,0.0,OFFLINE,0.0,0,0
16:51:27.126,0,0,0,0.0,0.0,0.0,0,0.0,OFFLINE,0.0,0,0
16:51:27.641,0,0,0,0.0,0.0,0.0,0,0.0,OFFLINE,0.0,0,0
16:51:28.127,0,0,0,0.0,0.0,0.0,0,0.0,OFFLINE,0.0,0,0
16:51:28.624,0,0,0,0.0,0.0,0.0,0,0.0,OFFLINE,0.0,0,0
16:51:29.135,0,0,0,0.0,0.0,0.0,0,0.0,OFFLINE,0.0,0,0
16:51:29.629,0,0,0,0.0,0.0,0.0,0,0.0,OFFLINE,0.0,0,0
16:51:30.127,0,0,0,0.0,0.0,0.0,0,0.0,OFFLINE,0.0,0,0
16:51:30.633,0,0,0,0.0,0.0,0.0,0,0.0,OFFLINE,0.0,0,0
16:51:31.136,0,0,0,0.0,0.0,0.0,0,0.0,OFFLINE,0.0,0,0
16:51:31.630,0,0,0,0.0,0.0,0.0,0,0.0,OFFLINE,0.0,0,0
16:51:32.138,0,0,0,0.0,0.0,0.0,0,0.0,OFFLINE,0.0,0,0
16:51:32.623,0,0,0,0.0,0.0,0.0,0,0.0,OFFLINE,0.0,0,0
16:51:33.126,0,0,0,0.0,0.0,0.0,0,0.0,OFFLINE,0.0,0,0
16:51:33.628,0,0,0,0.0,0.0,0.0,0,0.0,OFFLINE,0.0,0,0
16:51:34.124,0,0,0,0.0,0.0,0.0,0,0.0,OFFLINE,0.0,0,0
16:51:34.624,0,0,0,0.0,0.0,0.0,0,0.0,OFFLINE,0.0,0,0
16:51:35.129,0,0,0,0.0,0.0,0.0,0,0.0,OFFLINE,0.0,0,0
16:51:35.640,0,0,0,0.0,0.0,0.0,0,0.0,OFFLINE,0.0,0,0
16:51:36.124,0,0,0,0.0,0.0,0.0,0,0.0,OFFLINE,0.0,0,0
16:51:36.634,0,0,0,0.0,0.0,0.0,0,0.0,OFFLINE,0.0,0,0
16:51:37.126,0,0,0,0.0,0.0,0.0,0,0.0,OFFLINE,0.0,0,0
16:51:37.629,0,0,0,0.0,0.0,0.0,0,0.0,OFFLINE,0.0,0,0
16:51:38.122,0,0,0,0.0,0.0,0.0,0,0.0,OFFLINE,0.0,0,0
16:51:38.619,0,0,0,0.0,0.0,0.0,0,0.0,OFFLINE,0.0,0,0
16:51:39.136,233,0,0,0.0,0.0,0.0,0,0.0,OFFLINE,0.0,0,0
16:51:39.641,2333,0,0,0.0,0.0,0.0,0,0.0,OFFLINE,0.0,0,0
16:51:40.122,4666,0,0,0.0,0.0,0.0,0,0.0,OFFLINE,0.0,0,0
16:51:40.629,7000,0,0,0.0,0.0,0.0,0,0.0,OFFLINE,0.0,0,0
16:51:41.117,4900,0,0,0.0,0.0,0.0,0,0.0,OFFLINE,0.0,0,0
16:51:41.630,2800,0,0,0.0,0.0,0.0,0,0.0,OFFLINE,0.0,0,0
16:51:42.135,466,0,0,0.0,0.0,0.0,0,0.0,OFFLINE,0.0,0,0
16:51:42.626,0,56,0,0.0,0.0,0.0,0,0.0,OFFLINE,0.0,0,0
16:51:43.144,0,136,0,0.0,0.0,0.0,0,0.0,OFFLINE,0.0,0,0
16:51:43.622,0,208,0,0.0,0.0,0.0,0,0.0,OFFLINE,0.0,0,0
16:51:44.135,0,200,0,0.0,0.0,0.0,0,0.0,OFFLINE,0.0,0,0
16:51:44.637,0,120,0,0.0,0.0,0.0,0,0.0,OFFLINE,0.0,0,0
16:51:45.134,0,48,0,0.0,0.0,0.0,0,0.0,OFFLINE,0.0,0,0
16:51:45.625,0,0,57,0.0,0.0,0.0,0,0.0,OFFLINE,0.0,0,0
16:51:46.135,0,0,80,0.0,0.0,0.0,0,0.0,OFFLINE,0.0,0,0
16:51:46.634,0,0,103,0.0,0.0,0.0,0,0.0,OFFLINE,0.0,0,0
16:51:47.126,0,0,117,0.0,0.0,0.0,0,0.0,OFFLINE,0.0,0,0
16:51:47.623,0,0,94,0.0,0.0,0.0,0,0.0,OFFLINE,0.0,0,0
16:51:48.141,0,0,71,0.0,0.0,0.0,0,0.0,OFFLINE,0.0,0,0
16:51:48.620,0,0,50,0.0,0.0,0.0,0,0.0,OFFLINE,10.0,0,0
16:51:49.129,0,0,50,0.0,0.0,0.0,0,0.0,OFFLINE,11.7,0,0
16:51:49.630,0,0,50,0.0,0.0,0.0,0,0.0,OFFLINE,13.2,0,0
16:51:50.135,0,0,50,0.0,0.0,0.0,0,0.0,OFFLINE,14.8,0,0
16:51:50.636,0,0,50,0.0,0.0,0.0,0,0.0,OFFLINE,13.7,0,0
16:51:51.135,0,0,50,0.0,0.0,0.0,0,0.0,OFFLINE,12.0,0,0
16:51:51.623,0,0,50,0.0,0.0,0.0,0,0.0,OFFLINE,10.5,0,0
16:51:52.128,0,0,50,0.0,0.0,0.0,0,0.0,OFFLINE,10.0,0,100
16:51:52.624,0,0,50,0.0,0.0,0.0,0,0.0,OFFLINE,10.0,0,266
16:51:53.136,0,0,50,0.0,0.0,0.0,0,0.0,OFFLINE,10.0,0,433
16:51:53.630,0,0,50,0.0,0.0,0.0,0,0.0,OFFLINE,10.0,0,416
16:51:54.123,0,0,50,0.0,0.0,0.0,0,0.0,OFFLINE,10.0,0,250
16:51:54.630,0,0,50,0.0,0.0,0.0,0,0.0,OFFLINE,10.0,0,100
16:51:55.130,0,0,50,0.0,0.0,0.0,0,0.0,OFFLINE,10.0,58,0
16:51:55.627,0,0,50,0.0,0.0,0.0,0,0.0,OFFLINE,10.0,84,0
16:51:56.128,0,0,50,0.0,0.0,0.0,0,0.0,OFFLINE,10.0,111,0
16:53:48.689,0,0,0,0.0,0.0,0.0,0,0.0,OFFLINE,0.0,0,0
16:53:48.936,0,0,0,0.0,0.0,0.0,0,0.0,OFFLINE,0.0,0,0
16:53:49.435,0,0,0,0.0,0.0,0.0,0,0.0,OFFLINE,0.0,0,0
16:53:49.948,0,0,0,0.0,0.0,0.0,0,0.0,OFFLINE,0.0,0,0
16:53:50.457,1166,0,0,0.0,0.0,0.0,0,0.0,OFFLINE,0.0,0,0
16:53:50.941,3266,0,0,0.0,0.0,0.0,0,0.0,OFFLINE,0.0,0,0
16:53:51.450,5600,0,0,0.0,0.0,0.0,0,0.0,OFFLINE,0.0,0,0
16:53:51.938,6533,0,0,0.0,0.0,0.0,0,0.0,OFFLINE,0.0,0,0
16:53:52.447,4200,0,0,0.0,0.0,0.0,0,0.0,OFFLINE,0.0,0,0
16:53:52.937,1866,0,0,0.0,0.0,0.0,0,0.0,OFFLINE,0.0,0,0
16:53:53.450,0,8,0,0.0,0.0,0.0,0,0.0,OFFLINE,0.0,0,0
16:53:53.939,0,80,0,0.0,0.0,0.0,0,0.0,OFFLINE,0.0,0,0
16:53:54.434,0,160,0,0.0,0.0,0.0,0,0.0,OFFLINE,0.0,0,0
16:53:54.939,0,240,0,0.0,0.0,0.0,0,0.0,OFFLINE,0.0,0,0
16:53:55.440,0,168,0,0.0,0.0,0.0,0,0.0,OFFLINE,0.0,0,0
16:53:55.937,0,96,0,0.0,0.0,0.0,0,0.0,OFFLINE,0.0,0,0
16:53:56.436,0,16,0,0.0,0.0,0.0,0,0.0,OFFLINE,0.0,0,0
16:53:56.955,0,0,66,0.0,0.0,0.0,0,0.0,OFFLINE,0.0,0,0
16:53:57.446,0,0,89,0.0,0.0,0.0,0,0.0,OFFLINE,0.0,0,0
16:53:57.947,0,0,113,0.0,0.0,0.0,0,0.0,OFFLINE,0.0,0,0
16:53:58.449,0,0,106,0.0,0.0,0.0,0,0.0,OFFLINE,0.0,0,0
16:53:58.931,0,0,82,0.0,0.0,0.0,0,0.0,OFFLINE,0.0,0,0
16:53:59.441,0,0,61,0.0,0.0,0.0,0,0.0,OFFLINE,0.0,0,0
16:53:59.945,0,0,50,0.0,0.0,0.0,0,0.0,OFFLINE,10.7,0,0
16:54:00.441,0,0,50,0.0,0.0,0.0,0,0.0,OFFLINE,12.3,0,0
16:54:00.945,0,0,50,0.0,0.0,0.0,0,0.0,OFFLINE,14.0,0,0
16:54:01.440,0,0,50,0.0,0.0,0.0,0,0.0,OFFLINE,14.7,0,0
16:54:01.940,0,0,50,0.0,0.0,0.0,0,0.0,OFFLINE,13.0,0,0
16:54:02.439,0,0,50,0.0,0.0,0.0,0,0.0,OFFLINE,11.3,0,0
16:54:02.954,0,0,50,0.0,0.0,0.0,0,0.0,OFFLINE,10.0,0,16
16:54:03.439,0,0,50,0.0,0.0,0.0,0,0.0,OFFLINE,10.0,0,183
16:54:03.941,0,0,50,0.0,0.0,0.0,0,0.0,OFFLINE,10.0,0,350
16:54:04.440,0,0,50,0.0,0.0,0.0,0,0.0,OFFLINE,10.0,0,500
16:54:04.945,0,0,50,0.0,0.0,0.0,0,0.0,OFFLINE,10.0,0,350
16:54:05.438,0,0,50,0.0,0.0,0.0,0,0.0,OFFLINE,10.0,0,183
16:54:05.935,0,0,50,0.0,0.0,0.0,0,0.0,OFFLINE,10.0,0,16
16:54:06.450,0,0,50,0.0,0.0,0.0,0,0.0,OFFLINE,10.0,71,0
16:54:06.935,0,0,50,0.0,0.0,0.0,0,0.0,OFFLINE,10.0,95,0
16:54:07.449,0,0,50,0.0,0.0,0.0,0,0.0,OFFLINE,10.0,122,0
16:54:07.938,0,0,50,0.0,0.0,0.0,0,0.0,OFFLINE,10.0,114,0
16:54:08.444,0,0,50,0.0,0.0,0.0,0,0.0,OFFLINE,10.0,90,0
16:54:08.952,0,0,50,0.0,0.0,0.0,0,0.0,OFFLINE,10.0,63,0
16:54:09.438,0,0,50,0.0,0.0,13.3,0,0.0,OFFLINE,10.0,50,0
16:54:09.941,0,0,50,0.0,0.0,46.7,0,0.0,OFFLINE,10.0,50,0
16:54:10.434,0,0,50,0.0,0.0,80.0,0,0.0,OFFLINE,10.0,50,0
16:54:10.945,0,0,50,0.0,0.0,90.0,0,0.0,OFFLINE,10.0,50,0
16:54:11.450,0,0,50,0.0,0.0,60.0,0,0.0,OFFLINE,10.0,50,0
16:54:11.940,0,0,50,0.0,0.0,26.7,0,0.0,OFFLINE,10.0,50,0
16:54:12.436,0,0,50,0.0,3.3,0.0,0,0.0,OFFLINE,10.0,50,0
16:54:12.942,0,0,50,0.0,36.7,0.0,0,0.0,OFFLINE,10.0,50,0
16:54:13.448,0,0,50,0.0,66.7,0.0,0,0.0,OFFLINE,10.0,50,0
16:54:13.939,0,0,50,0.0,100.0,0.0,0,0.0,OFFLINE,10.0,50,0
16:54:14.436,0,0,50,0.0,70.0,0.0,0,0.0,OFFLINE,10.0,50,0
16:54:14.940,0,0,50,0.0,36.7,0.0,0,0.0,OFFLINE,10.0,50,0
16:54:15.446,0,0,50,0.0,6.7,0.0,0,0.0,OFFLINE,10.0,50,0
16:54:15.952,0,0,50,1.4,0.0,0.0,0,0.0,OFFLINE,10.0,50,0
16:54:16.446,0,0,50,3.4,0.0,0.0,0,0.0,OFFLINE,10.0,50,0
16:54:16.941,0,0,50,5.4,0.0,0.0,0,0.0,OFFLINE,10.0,50,0
16:54:17.437,0,0,50,4.8,0.0,0.0,0,0.0,OFFLINE,10.0,50,0
16:54:17.936,0,0,50,3.0,0.0,0.0,0,0.0,OFFLINE,10.0,50,0
16:54:18.446,0,0,50,1.0,0.0,0.0,0,0.0,OFFLINE,10.0,50,0
16:54:18.941,0,0,50,0.0,0.0,0.0,0,0.0,13%,10.0,50,0
16:54:19.435,0,0,50,0.0,0.0,0.0,0,0.0,46%,10.0,50,0
16:54:19.929,0,0,50,0.0,0.0,0.0,0,0.0,76%,10.0,50,0
16:54:20.431,0,0,50,0.0,0.0,0.0,0,0.0,93%,10.0,50,0
16:54:20.946,0,0,50,0.0,0.0,0.0,0,0.0,60%,10.0,50,0
16:54:21.440,0,0,50,0.0,0.0,0.0,0,0.0,26%,10.0,50,0
16:54:21.935,0,0,50,0.0,0.0,0.0,0,-3.8,0%,10.0,50,0
16:54:22.439,0,0,50,0.0,0.0,0.0,0,6.7,0%,10.0,50,0
16:54:22.946,0,0,50,0.0,0.0,0.0,0,18.3,0%,10.0,50,0
16:54:23.440,0,0,50,0.0,0.0,0.0,0,30.0,0%,10.0,50,0
16:54:23.946,0,0,50,0.0,0.0,0.0,0,20.7,0%,10.0,50,0
16:54:24.443,0,0,50,0.0,0.0,0.0,0,9.0,0%,10.0,50,0
16:54:24.937,0,0,50,0.0,0.0,0.0,0,-2.7,0%,10.0,50,0
16:54:25.438,0,0,50,0.0,0.0,0.0,21,-5.0,0%,10.0,50,0
16:54:25.938,0,0,50,0.0,0.0,0.0,36,-5.0,0%,10.0,50,0
16:54:26.439,0,0,50,0.0,0.0,0.0,53,-5.0,0%,10.0,50,0
16:54:26.948,0,0,50,0.0,0.0,0.0,51,-5.0,0%,10.0,50,0
16:54:27.447,0,0,50,0.0,0.0,0.0,35,-5.0,0%,10.0,50,0
16:54:27.934,0,0,50,0.0,0.0,0.0,18,-5.0,0%,10.0,50,0
16:54:28.443,0,0,50,0.0,0.0,0.0,10,-5.0,0%,10.0,50,0
16:54:28.949,0,0,50,0.0,0.0,0.0,10,-5.0,0%,10.0,50,0
16:54:29.439,0,0,50,0.0,0.0,0.0,10,-5.0,0%,10.0,50,0
16:54:29.935,0,0,50,0.0,0.0,0.0,10,-5.0,0%,10.0,50,0
16:54:30.438,0,0,50,0.0,0.0,0.0,10,-5.0,0%,10.0,50,0
16:54:30.939,0,0,50,0.0,0.0,0.0,10,-5.0,0%,10.0,50,0
16:54:31.435,0,0,50,0.0,0.0,0.0,10,-5.0,0%,10.0,50,0
16:54:31.943,0,0,50,0.0,0.0,0.0,10,-5.0,0%,10.0,50,0
16:54:32.439,0,0,50,0.0,0.0,0.0,10,-5.0,0%,10.0,50,0
16:54:32.940,0,0,50,0.0,0.0,0.0,10,-5.0,0%,10.0,50,0
16:54:33.434,0,0,50,0.0,0.0,0.0,10,-5.0,0%,10.0,50,0
16:54:33.939,0,0,50,0.0,0.0,0.0,10,-5.0,0%,10.0,50,0
16:54:34.438,0,0,50,0.0,0.0,0.0,10,-5.0,0%,10.0,50,0
16:54:34.951,0,0,50,0.0,0.0,0.0,10,-5.0,0%,10.0,50,0
16:54:35.439,0,0,50,0.0,0.0,0.0,10,-5.0,0%,10.0,50,0
16:54:35.936,0,0,50,0.0,0.0,0.0,10,-5.0,0%,10.0,50,0
16:54:36.438,0,0,50,0.0,0.0,0.0,10,-5.0,0%,10.0,50,0
16:54:36.949,0,0,50,0.0,0.0,0.0,10,-5.0,0%,10.0,50,0
16:54:37.447,0,0,50,0.0,0.0,0.0,10,-5.0,0%,10.0,50,0
16:54:37.944,0,0,50,0.0,0.0,0.0,10,-5.0,0%,10.0,50,0
16:54:38.435,0,0,50,0.0,0.0,0.0,10,-5.0,0%,10.0,50,0
16:54:38.938,0,0,50,0.0,0.0,0.0,10,-5.0,0%,10.0,50,0
16:54:39.435,0,0,50,0.0,0.0,0.0,10,-5.0,0%,10.0,50,0
16:54:39.941,0,0,50,0.0,0.0,0.0,10,-5.0,0%,10.0,50,0
16:54:40.442,0,0,50,0.0,0.0,0.0,10,-5.0,0%,10.0,50,0
16:54:40.951,0,0,50,0.0,0.0,0.0,10,-5.0,0%,10.0,50,0
16:54:41.441,0,0,50,0.0,0.0,0.0,10,-5.0,0%,10.0,50,0
16:54:41.934,0,0,50,0.0,0.0,0.0,10,-5.0,0%,10.0,50,0
16:54:42.438,0,0,50,0.0,0.0,0.0,10,-5.0,0%,10.0,50,0
16:54:42.951,0,0,50,0.0,0.0,0.0,10,-5.0,0%,10.0,50,0
16:54:43.444,0,0,50,0.0,0.0,0.0,10,-5.0,0%,10.0,50,0
16:54:43.939,0,0,50,0.0,0.0,0.0,10,-5.0,0%,10.0,50,0
16:54:44.444,0,0,50,0.0,0.0,0.0,10,-5.0,0%,10.0,50,0
16:54:44.944,0,0,50,0.0,0.0,0.0,10,-5.0,0%,10.0,50,0
16:54:45.446,0,0,50,0.0,0.0,0.0,10,-5.0,0%,10.0,50,0
16:54:45.945,0,0,50,0.0,0.0,0.0,10,-5.0,0%,10.0,50,0
16:54:46.436,0,0,50,0.0,0.0,0.0,10,-5.0,0%,10.0,50,0
16:54:46.941,0,0,50,0.0,0.0,0.0,10,-5.0,0%,10.0,50,0
16:54:47.439,0,0,50,0.0,0.0,0.0,10,-5.0,0%,10.0,50,0
16:54:47.944,0,0,50,0.0,0.0,0.0,10,-5.0,0%,10.0,50,0
16:54:48.443,0,0,50,0.0,0.0,0.0,10,-5.0,0%,10.0,50,0
16:54:48.944,0,0,50,0.0,0.0,0.0,10,-5.0,0%,10.0,50,0
16:54:49.440,0,0,50,0.0,0.0,0.0,10,-5.0,0%,10.0,50,0
16:54:49.941,0,0,50,0.0,0.0,0.0,10,-5.0,0%,10.0,50,0
16:54:50.437,0,0,50,0.0,0.0,0.0,10,-5.0,0%,10.0,50,0
16:54:50.940,0,0,50,0.0,0.0,0.0,10,-5.0,0%,10.0,50,0
16:54:51.440,0,0,50,0.0,0.0,0.0,10,-5.0,0%,10.0,50,0
16:54:51.939,0,0,50,0.0,0.0,0.0,10,-5.0,0%,10.0,50,0
16:54:52.432,0,0,50,0.0,0.0,0.0,10,-5.0,0%,10.0,50,0
16:54:52.945,0,0,50,0.0,0.0,0.0,10,-5.0,0%,10.0,50,0
16:54:53.444,0,0,50,0.0,0.0,0.0,10,-5.0,0%,10.0,50,0
16:54:53.945,0,0,50,0.0,0.0,0.0,10,-5.0,0%,10.0,50,0
16:54:54.440,0,0,50,0.0,0.0,0.0,10,-5.0,0%,10.0,50,0
16:54:54.950,0,0,50,0.0,0.0,0.0,10,-5.0,0%,10.0,50,0
16:54:55.439,0,0,50,0.0,0.0,0.0,10,-5.0,0%,10.0,50,0
16:54:55.931,0,0,50,0.0,0.0,0.0,10,-5.0,0%,10.0,50,0
16:54:56.439,0,0,50,0.0,0.0,0.0,10,-5.0,0%,10.0,50,0
16:54:56.938,0,0,50,0.0,0.0,0.0,10,-5.0,0%,10.0,50,0
16:54:57.434,0,0,50,0.0,0.0,0.0,10,-5.0,OFFLINE,10.0,50,0
16:54:57.945,0,0,50,0.0,0.0,0.0,10,-5.0,OFFLINE,10.0,50,0
16:54:58.443,0,0,50,0.0,0.0,0.0,10,-5.0,OFFLINE,10.0,50,0
16:54:58.935,0,0,50,0.0,0.0,0.0,10,-5.0,OFFLINE,10.0,50,0
16:54:59.438,0,0,50,0.0,0.0,0.0,10,-5.0,OFFLINE,10.0,50,0
16:54:59.944,0,0,50,0.0,0.0,0.0,10,-5.0,OFFLINE,10.0,50,0
16:55:00.440,0,0,50,0.0,0.0,0.0,10,-5.0,OFFLINE,10.0,50,0
16:55:00.938,0,0,50,0.0,0.0,0.0,10,-5.0,OFFLINE,10.0,50,0
16:55:01.434,0,0,50,0.0,0.0,0.0,10,-5.0,OFFLINE,10.0,50,0
16:55:01.934,0,0,50,0.0,0.0,0.0,10,-5.0,OFFLINE,10.0,50,0
16:55:02.441,0,0,50,0.0,0.0,0.0,10,-5.0,OFFLINE,10.0,50,0
16:55:02.945,0,0,50,0.0,0.0,0.0,10,-5.0,OFFLINE,10.0,50,0
16:55:03.436,0,0,50,0.0,0.0,0.0,10,-5.0,OFFLINE,10.0,50,0
16:55:03.942,0,0,50,0.0,0.0,0.0,10,-5.0,OFFLINE,10.0,50,0
16:55:04.440,0,0,50,0.0,0.0,0.0,10,-5.0,OFFLINE,10.0,50,0
16:55:04.941,0,0,50,0.0,0.0,0.0,10,-5.0,OFFLINE,10.0,50,0
16:55:05.434,0,0,50,0.0,0.0,0.0,10,-5.0,OFFLINE,10.0,50,0
16:55:09.940,0,0,0,0.0,0.0,0.0,0,0.0,OFFLINE,0.0,0,0
16:55:10.223,0,0,0,0.0,0.0,0.0,0,0.0,OFFLINE,0.0,0,0
16:55:10.719,0,0,0,0.0,0.0,0.0,0,0.0,OFFLINE,0.0,0,0
16:55:11.230,0,0,0,0.0,0.0,0.0,0,0.0,OFFLINE,0.0,0,0
16:55:11.717,0,0,0,0.0,0.0,0.0,0,0.0,OFFLINE,0.0,0,0
16:55:12.228,0,0,0,0.0,0.0,0.0,0,0.0,OFFLINE,0.0,0,0
16:55:12.737,0,0,0,0.0,0.0,0.0,0,0.0,OFFLINE,0.0,0,0
16:55:13.221,0,0,0,0.0,0.0,0.0,0,0.0,OFFLINE,0.0,0,0
16:55:13.727,0,0,0,0.0,0.0,0.0,0,0.0,OFFLINE,0.0,0,0
16:55:14.219,0,0,0,0.0,0.0,0.0,0,0.0,OFFLINE,0.0,0,0
16:55:14.724,0,0,0,0.0,0.0,0.0,0,0.0,OFFLINE,0.0,0,0
16:55:15.220,0,0,0,0.0,0.0,0.0,0,0.0,OFFLINE,0.0,0,0
16:55:15.717,0,0,0,0.0,0.0,0.0,0,0.0,OFFLINE,0.0,0,0
16:55:16.229,0,0,0,0.0,0.0,0.0,0,0.0,OFFLINE,0.0,0,0
16:55:16.737,0,0,0,0.0,0.0,0.0,0,0.0,OFFLINE,0.0,0,0
16:55:17.221,0,0,0,0.0,0.0,0.0,0,0.0,OFFLINE,0.0,0,0
16:55:17.731,0,0,0,0.0,0.0,0.0,0,0.0,OFFLINE,0.0,0,0
16:55:18.212,0,0,0,0.0,0.0,0.0,0,0.0,OFFLINE,0.0,0,0
16:55:18.721,0,0,0,0.0,0.0,0.0,0,0.0,OFFLINE,0.0,0,0
16:55:19.230,0,0,0,0.0,0.0,0.0,0,0.0,OFFLINE,0.0,0,0
16:55:19.726,700,0,0,0.0,0.0,0.0,0,0.0,OFFLINE,0.0,0,0
16:55:20.226,3033,0,0,0.0,0.0,0.0,0,0.0,OFFLINE,0.0,0,0
16:55:20.738,5366,0,0,0.0,0.0,0.0,0,0.0,OFFLINE,0.0,0,0
16:55:21.223,6533,0,0,0.0,0.0,0.0,0,0.0,OFFLINE,0.0,0,0
16:55:21.721,4433,0,0,0.0,0.0,0.0,0,0.0,OFFLINE,0.0,0,0
16:55:22.226,2100,0,0,0.0,0.0,0.0,0,0.0,OFFLINE,0.0,0,0
16:55:22.727,0,0,0,0.0,0.0,0.0,0,0.0,OFFLINE,0.0,0,0
16:55:23.233,0,72,0,0.0,0.0,0.0,0,0.0,OFFLINE,0.0,0,0
16:55:23.716,0,152,0,0.0,0.0,0.0,0,0.0,OFFLINE,0.0,0,0
16:55:24.223,0,232,0,0.0,0.0,0.0,0,0.0,OFFLINE,0.0,0,0
16:55:24.729,0,176,0,0.0,0.0,0.0,0,0.0,OFFLINE,0.0,0,0
16:55:25.224,0,104,0,0.0,0.0,0.0,0,0.0,OFFLINE,0.0,0,0
16:55:25.719,0,24,0,0.0,0.0,0.0,0,0.0,OFFLINE,0.0,0,0
16:55:26.230,0,0,64,0.0,0.0,0.0,0,0.0,OFFLINE,0.0,0,0
16:55:26.718,0,0,85,0.0,0.0,0.0,0,0.0,OFFLINE,0.0,0,0
16:55:27.232,0,0,108,0.0,0.0,0.0,0,0.0,OFFLINE,0.0,0,0
16:55:27.719,0,0,110,0.0,0.0,0.0,0,0.0,OFFLINE,0.0,0,0
16:55:28.214,0,0,87,0.0,0.0,0.0,0,0.0,OFFLINE,0.0,0,0
16:55:28.726,0,0,64,0.0,0.0,0.0,0,0.0,OFFLINE,0.0,0,0
16:55:29.223,0,0,50,0.0,0.0,0.0,0,0.0,OFFLINE,10.3,0,0
16:55:29.729,0,0,50,0.0,0.0,0.0,0,0.0,OFFLINE,12.0,0,0
16:55:30.220,0,0,50,0.0,0.0,0.0,0,0.0,OFFLINE,13.7,0,0
16:55:30.737,0,0,50,0.0,0.0,0.0,0,0.0,OFFLINE,14.8,0,0
16:55:31.221,0,0,50,0.0,0.0,0.0,0,0.0,OFFLINE,13.3,0,0
16:55:31.721,0,0,50,0.0,0.0,0.0,0,0.0,OFFLINE,11.7,0,0
16:55:32.223,0,0,50,0.0,0.0,0.0,0,0.0,OFFLINE,10.0,0,0
16:55:32.715,0,0,50,0.0,0.0,0.0,0,0.0,OFFLINE,10.0,0,150
16:55:33.221,0,0,50,0.0,0.0,0.0,0,0.0,OFFLINE,10.0,0,316
16:55:33.724,0,0,50,0.0,0.0,0.0,0,0.0,OFFLINE,10.0,0,466
16:55:34.225,0,0,50,0.0,0.0,0.0,0,0.0,OFFLINE,10.0,0,383
16:55:34.725,0,0,50,0.0,0.0,0.0,0,0.0,OFFLINE,10.0,0,216
16:55:35.221,0,0,50,0.0,0.0,0.0,0,0.0,OFFLINE,10.0,0,50
16:55:35.715,0,0,50,0.0,0.0,0.0,0,0.0,OFFLINE,10.0,66,0
16:55:36.225,0,0,50,0.0,0.0,0.0,0,0.0,OFFLINE,10.0,92,0
16:55:36.714,0,0,50,0.0,0.0,0.0,0,0.0,OFFLINE,10.0,116,0
16:55:37.230,0,0,50,0.0,0.0,0.0,0,0.0,OFFLINE,10.0,119,0
16:55:37.729,0,0,50,0.0,0.0,0.0,0,0.0,OFFLINE,10.0,92,0
16:55:38.216,0,0,50,0.0,0.0,0.0,0,0.0,OFFLINE,10.0,68,0
16:55:38.714,0,0,50,0.0,0.0,6.7,0,0.0,OFFLINE,10.0,50,0
16:55:39.222,0,0,50,0.0,0.0,40.0,0,0.0,OFFLINE,10.0,50,0
16:55:39.721,0,0,50,0.0,0.0,73.3,0,0.0,OFFLINE,10.0,50,0
16:55:40.215,0,0,50,0.0,0.0,100.0,0,0.0,OFFLINE,10.0,50,0
16:55:40.733,0,0,50,0.0,0.0,63.3,0,0.0,OFFLINE,10.0,50,0
16:55:41.235,0,0,50,0.0,0.0,33.3,0,0.0,OFFLINE,10.0,50,0
16:55:41.727,0,0,50,0.0,0.0,0.0,0,0.0,OFFLINE,10.0,50,0
16:55:42.222,0,0,50,0.0,30.0,0.0,0,0.0,OFFLINE,10.0,50,0
16:55:42.731,0,0,50,0.0,63.3,0.0,0,0.0,OFFLINE,10.0,50,0
16:55:43.224,0,0,50,0.0,93.3,0.0,0,0.0,OFFLINE,10.0,50,0
16:55:43.713,0,0,50,0.0,76.7,0.0,0,0.0,OFFLINE,10.0,50,0
16:57:12.186,0,0,0,0.0,0.0,0.0,0,0.0,OFFLINE,0.0,0,0
16:57:12.492,0,0,0,0.0,0.0,0.0,0,0.0,OFFLINE,0.0,0,0
16:57:13.013,0,0,0,0.0,0.0,0.0,0,0.0,OFFLINE,0.0,0,0
16:57:13.520,0,0,0,0.0,0.0,0.0,0,0.0,OFFLINE,0.0,0,0
16:57:14.012,0,0,0,0.0,0.0,0.0,0,0.0,OFFLINE,0.0,0,0
16:57:14.500,0,0,0,0.0,0.0,0.0,0,0.0,OFFLINE,0.0,0,0
16:57:15.012,0,0,0,0.0,0.0,0.0,0,0.0,OFFLINE,0.0,0,0
16:57:15.516,0,0,0,0.0,0.0,0.0,0,0.0,OFFLINE,0.0,0,0
16:57:16.002,0,0,0,0.0,0.0,0.0,0,0.0,OFFLINE,0.0,0,0
16:57:16.497,0,0,0,0.0,0.0,0.0,0,0.0,OFFLINE,0.0,0,0
16:57:17.005,0,0,0,0.0,0.0,0.0,0,0.0,OFFLINE,0.0,0,0
16:57:17.515,0,0,0,0.0,0.0,0.0,0,0.0,OFFLINE,0.0,0,0
16:57:17.998,0,0,0,0.0,0.0,0.0,0,0.0,OFFLINE,0.0,0,0
16:57:18.504,0,0,0,0.0,0.0,0.0,0,0.0,OFFLINE,0.0,0,0
16:57:19.008,0,0,0,0.0,0.0,0.0,0,0.0,OFFLINE,0.0,0,0
16:57:19.511,0,0,0,0.0,0.0,0.0,0,0.0,OFFLINE,0.0,0,0
16:57:20.005,0,0,0,0.0,0.0,0.0,0,0.0,OFFLINE,0.0,0,0
16:57:20.531,0,0,0,0.0,0.0,0.0,0,0.0,OFFLINE,0.0,0,0
16:57:21.005,0,0,0,0.0,0.0,0.0,0,0.0,OFFLINE,0.0,0,0
16:57:21.527,0,0,0,0.0,0.0,0.0,0,0.0,OFFLINE,0.0,0,0
16:57:22.000,0,0,0,0.0,0.0,0.0,0,0.0,OFFLINE,0.0,0,0
16:57:22.505,0,0,0,0.0,0.0,0.0,0,0.0,OFFLINE,0.0,0,0
16:57:23.011,0,0,0,0.0,0.0,0.0,0,0.0,OFFLINE,0.0,0,0
16:57:23.505,0,0,0,0.0,0.0,0.0,0,0.0,OFFLINE,0.0,0,0
16:57:23.998,0,0,0,0.0,0.0,0.0,0,0.0,OFFLINE,0.0,0,0
16:57:24.511,0,0,0,0.0,0.0,0.0,0,0.0,OFFLINE,0.0,0,0
16:57:25.009,0,0,0,0.0,0.0,0.0,0,0.0,OFFLINE,0.0,0,0
16:57:25.506,0,0,0,0.0,0.0,0.0,0,0.0,OFFLINE,0.0,0,0
16:57:26.005,0,0,0,0.0,0.0,0.0,0,0.0,OFFLINE,0.0,0,0
16:57:26.504,0,0,0,0.0,0.0,0.0,0,0.0,OFFLINE,0.0,0,0
16:57:27.004,0,0,0,0.0,0.0,0.0,0,0.0,OFFLINE,0.0,0,0
16:57:27.517,0,0,0,0.0,0.0,0.0,0,0.0,OFFLINE,0.0,0,0
16:57:28.013,0,0,0,0.0,0.0,0.0,0,0.0,OFFLINE,0.0,0,0
16:57:28.510,0,0,0,0.0,0.0,0.0,0,0.0,OFFLINE,0.0,0,0
16:57:28.998,0,0,0,0.0,0.0,0.0,0,0.0,OFFLINE,0.0,0,0
16:57:29.507,0,0,0,0.0,0.0,0.0,0,0.0,OFFLINE,0.0,0,0
16:57:30.015,0,0,0,0.0,0.0,0.0,0,0.0,OFFLINE,0.0,0,0
16:57:30.511,0,0,0,0.0,0.0,0.0,0,0.0,OFFLINE,0.0,0,0
16:57:30.997,0,0,0,0.0,0.0,0.0,0,0.0,OFFLINE,0.0,0,0
16:57:31.501,0,0,0,0.0,0.0,0.0,0,0.0,OFFLINE,0.0,0,0
16:57:32.003,0,0,0,0.0,0.0,0.0,0,0.0,OFFLINE,0.0,0,0
16:57:32.514,0,0,0,0.0,0.0,0.0,0,0.0,OFFLINE,0.0,0,0
16:57:33.002,0,0,0,0.0,0.0,0.0,0,0.0,OFFLINE,0.0,0,0
16:57:33.508,0,0,0,0.0,0.0,0.0,0,0.0,OFFLINE,0.0,0,0
16:57:34.003,0,0,0,0.0,0.0,0.0,0,0.0,OFFLINE,0.0,0,0
16:57:34.501,0,0,0,0.0,0.0,0.0,0,0.0,OFFLINE,0.0,0,0
16:57:35.007,0,0,0,0.0,0.0,0.0,0,0.0,OFFLINE,0.0,0,0
16:57:35.509,0,0,0,0.0,0.0,0.0,0,0.0,OFFLINE,0.0,0,0
16:57:36.013,0,0,0,0.0,0.0,0.0,0,0.0,OFFLINE,0.0,0,0
16:57:36.506,0,0,0,0.0,0.0,0.0,0,0.0,OFFLINE,0.0,0,0
16:57:37.001,0,0,0,0.0,0.0,0.0,0,0.0,OFFLINE,0.0,0,0
16:57:37.514,0,0,0,0.0,0.0,0.0,0,0.0,OFFLINE,0.0,0,0
16:57:38.016,2333,0,0,0.0,0.0,0.0,0,0.0,OFFLINE,0.0,0,0
16:57:38.497,4433,0,0,0.0,0.0,0.0,0,0.0,OFFLINE,0.0,0,0
16:57:39.007,6766,0,0,0.0,0.0,0.0,0,0.0,OFFLINE,0.0,0,0
16:57:39.507,5133,0,0,0.0,0.0,0.0,0,0.0,OFFLINE,0.0,0,0
16:57:40.016,3033,0,0,0.0,0.0,0.0,0,0.0,OFFLINE,0.0,0,0
16:57:40.501,700,0,0,0.0,0.0,0.0,0,0.0,OFFLINE,0.0,0,0
16:57:41.000,0,48,0,0.0,0.0,0.0,0,0.0,OFFLINE,0.0,0,0
16:57:41.503,0,120,0,0.0,0.0,0.0,0,0.0,OFFLINE,0.0,0,0
16:57:41.998,0,200,0,0.0,0.0,0.0,0,0.0,OFFLINE,0.0,0,0
16:57:42.501,0,208,0,0.0,0.0,0.0,0,0.0,OFFLINE,0.0,0,0
16:57:43.008,0,128,0,0.0,0.0,0.0,0,0.0,OFFLINE,0.0,0,0
16:57:43.494,0,48,0,0.0,0.0,0.0,0,0.0,OFFLINE,0.0,0,0
16:57:44.020,0,0,57,0.0,0.0,0.0,0,0.0,OFFLINE,0.0,0,0
16:57:44.512,0,0,78,0.0,0.0,0.0,0,0.0,OFFLINE,0.0,0,0
16:57:44.993,0,0,99,0.0,0.0,0.0,0,0.0,OFFLINE,0.0,0,0
16:57:45.507,0,0,120,0.0,0.0,0.0,0,0.0,OFFLINE,0.0,0,0
16:57:46.007,0,0,96,0.0,0.0,0.0,0,0.0,OFFLINE,0.0,0,0
16:57:46.509,0,0,73,0.0,0.0,0.0,0,0.0,OFFLINE,0.0,0,0
16:57:46.995,0,0,52,0.0,0.0,0.0,0,0.0,OFFLINE,0.0,0,0
16:57:47.500,0,0,50,0.0,0.0,0.0,0,0.0,OFFLINE,11.3,0,0
16:57:48.006,0,0,50,0.0,0.0,0.0,0,0.0,OFFLINE,13.0,0,0
16:57:48.509,0,0,50,0.0,0.0,0.0,0,0.0,OFFLINE,14.7,0,0
16:57:49.001,0,0,50,0.0,0.0,0.0,0,0.0,OFFLINE,13.8,0,0
16:57:49.498,0,0,50,0.0,0.0,0.0,0,0.0,OFFLINE,12.3,0,0
16:57:50.013,0,0,50,0.0,0.0,0.0,0,0.0,OFFLINE,10.7,0,0
16:57:50.508,0,0,50,0.0,0.0,0.0,0,0.0,OFFLINE,10.0,0,83
16:57:51.004,0,0,50,0.0,0.0,0.0,0,0.0,OFFLINE,10.0,0,233
16:57:51.518,0,0,50,0.0,0.0,0.0,0,0.0,OFFLINE,10.0,0,416
16:57:52.003,0,0,50,0.0,0.0,0.0,0,0.0,OFFLINE,10.0,0,450
16:57:52.501,0,0,50,0.0,0.0,0.0,0,0.0,OFFLINE,10.0,0,283
16:57:53.003,0,0,50,0.0,0.0,0.0,0,0.0,OFFLINE,10.0,0,133
16:57:53.508,0,0,50,0.0,0.0,0.0,0,0.0,OFFLINE,10.0,55,0
16:57:54.002,0,0,50,0.0,0.0,0.0,0,0.0,OFFLINE,10.0,79,0
16:57:54.502,0,0,50,0.0,0.0,0.0,0,0.0,OFFLINE,10.0,106,0
16:57:55.001,0,0,50,0.0,0.0,0.0,0,0.0,OFFLINE,10.0,130,0
16:57:55.509,0,0,50,0.0,0.0,0.0,0,0.0,OFFLINE,10.0,106,0
16:57:56.019,0,0,50,0.0,0.0,0.0,0,0.0,OFFLINE,10.0,79,0
16:57:56.501,0,0,50,0.0,0.0,0.0,0,0.0,OFFLINE,10.0,55,0
16:57:57.007,0,0,50,0.0,0.0,23.3,0,0.0,OFFLINE,10.0,50,0
16:57:57.510,0,0,50,0.0,0.0,56.7,0,0.0,OFFLINE,10.0,50,0
16:57:58.001,0,0,50,0.0,0.0,90.0,0,0.0,OFFLINE,10.0,50,0
16:57:58.512,0,0,50,0.0,0.0,80.0,0,0.0,OFFLINE,10.0,50,0
16:57:59.005,0,0,50,0.0,0.0,50.0,0,0.0,OFFLINE,10.0,50,0
16:57:59.515,0,0,50,0.0,0.0,16.7,0,0.0,OFFLINE,10.0,50,0
16:58:00.001,0,0,50,0.0,13.3,0.0,0,0.0,OFFLINE,10.0,50,0
16:58:00.497,0,0,50,0.0,46.7,0.0,0,0.0,OFFLINE,10.0,50,0
16:58:01.010,0,0,50,0.0,76.7,0.0,0,0.0,OFFLINE,10.0,50,0
16:58:01.505,0,0,50,0.0,93.3,0.0,0,0.0,OFFLINE,10.0,50,0
16:58:02.005,0,0,50,0.0,60.0,0.0,0,0.0,OFFLINE,10.0,50,0
16:58:02.505,0,0,50,0.0,26.7,0.0,0,0.0,OFFLINE,10.0,50,0
16:58:03.001,0,0,50,0.2,0.0,0.0,0,0.0,OFFLINE,10.0,50,0
16:58:03.506,0,0,50,2.0,0.0,0.0,0,0.0,OFFLINE,10.0,50,0
16:58:04.004,0,0,50,4.0,0.0,0.0,0,0.0,OFFLINE,10.0,50,0
16:58:04.512,0,0,50,6.0,0.0,0.0,0,0.0,OFFLINE,10.0,50,0
16:58:04.997,0,0,50,4.4,0.0,0.0,0,0.0,OFFLINE,10.0,50,0
16:58:05.500,0,0,50,2.4,0.0,0.0,0,0.0,OFFLINE,10.0,50,0
16:58:06.004,0,0,50,0.4,0.0,0.0,0,0.0,OFFLINE,10.0,50,0
16:58:06.496,0,0,50,0.0,0.0,0.0,0,0.0,20%,10.0,50,0
16:58:07.008,0,0,50,0.0,0.0,0.0,0,0.0,53%,10.0,50,0
16:58:07.506,0,0,50,0.0,0.0,0.0,0,0.0,86%,10.0,50,0
16:58:08.004,0,0,50,0.0,0.0,0.0,0,0.0,83%,10.0,50,0
16:58:08.500,0,0,50,0.0,0.0,0.0,0,0.0,50%,10.0,50,0
16:58:09.010,0,0,50,0.0,0.0,0.0,0,0.0,20%,10.0,50,0
16:58:09.501,0,0,50,0.0,0.0,0.0,0,-1.5,0%,10.0,50,0
16:58:10.004,0,0,50,0.0,0.0,0.0,0,10.2,0%,10.0,50,0
16:58:10.499,0,0,50,0.0,0.0,0.0,0,21.8,0%,10.0,50,0
16:58:11.010,0,0,50,0.0,0.0,0.0,0,28.8,0%,10.0,50,0
16:58:11.505,0,0,50,0.0,0.0,0.0,0,17.2,0%,10.0,50,0
16:58:12.000,0,0,50,0.0,0.0,0.0,0,5.5,0%,10.0,50,0
16:58:12.498,0,0,50,0.0,0.0,0.0,10,-5.0,0%,10.0,50,0
16:58:13.006,0,0,50,0.0,0.0,0.0,25,-5.0,0%,10.0,50,0
16:58:13.503,0,0,50,0.0,0.0,0.0,41,-5.0,0%,10.0,50,0
16:58:13.995,0,0,50,0.0,0.0,0.0,58,-5.0,0%,10.0,50,0
16:58:14.497,0,0,50,0.0,0.0,0.0,46,-5.0,0%,10.0,50,0
16:58:15.002,0,0,50,0.0,0.0,0.0,31,-5.0,0%,10.0,50,0
16:58:15.502,0,0,50,0.0,0.0,0.0,15,-5.0,0%,10.0,50,0
16:58:15.998,0,0,50,0.0,0.0,0.0,10,-5.0,0%,10.0,50,0
16:58:16.511,0,0,50,0.0,0.0,0.0,10,-5.0,0%,10.0,50,0
16:58:17.017,0,0,50,0.0,0.0,0.0,10,-5.0,0%,10.0,50,0
16:58:17.515,0,0,50,0.0,0.0,0.0,10,-5.0,0%,10.0,50,0
16:58:18.014,0,0,50,0.0,0.0,0.0,10,-5.0,0%,10.0,50,0
16:58:18.532,0,0,50,0.0,0.0,0.0,10,-5.0,0%,10.0,50,0
16:58:19.040,0,0,50,0.0,0.0,0.0,10,-5.0,0%,10.0,50,0
16:58:19.537,0,0,50,0.0,0.0,0.0,10,-5.0,0%,10.0,50,0
16:58:20.030,0,0,50,0.0,0.0,0.0,10,-5.0,0%,10.0,50,0
16:58:20.526,0,0,50,0.0,0.0,0.0,10,-5.0,0%,10.0,50,0
16:58:21.038,0,0,50,0.0,0.0,0.0,10,-5.0,0%,10.0,50,0
16:58:21.538,0,0,50,0.0,0.0,0.0,10,-5.0,0%,10.0,50,0
16:58:22.041,0,0,50,0.0,0.0,0.0,10,-5.0,0%,10.0,50,0
16:58:22.530,0,0,50,0.0,0.0,0.0,10,-5.0,0%,10.0,50,0
16:58:23.036,0,0,50,0.0,0.0,0.0,10,-5.0,0%,10.0,50,0
16:58:23.532,0,0,50,0.0,0.0,0.0,10,-5.0,0%,10.0,50,0
16:58:24.030,0,0,50,0.0,0.0,0.0,10,-5.0,0%,10.0,50,0
16:58:24.532,0,0,50,0.0,0.0,0.0,10,-5.0,0%,10.0,50,0
16:58:25.053,0,0,50,0.0,0.0,0.0,10,-5.0,0%,10.0,50,0
16:58:25.549,0,0,50,0.0,0.0,0.0,10,-5.0,0%,10.0,50,0
16:58:26.048,0,0,50,0.0,0.0,0.0,10,-5.0,0%,10.0,50,0
16:58:26.543,0,0,50,0.0,0.0,0.0,10,-5.0,0%,10.0,50,0
16:58:27.056,0,0,50,0.0,0.0,0.0,10,-5.0,0%,10.0,50,0
16:58:27.539,0,0,50,0.0,0.0,0.0,10,-5.0,0%,10.0,50,0
16:58:28.053,0,0,50,0.0,0.0,0.0,10,-5.0,0%,10.0,50,0
16:58:28.546,0,0,50,0.0,0.0,0.0,10,-5.0,0%,10.0,50,0
16:58:29.046,0,0,50,0.0,0.0,0.0,10,-5.0,0%,10.0,50,0
16:58:29.561,0,0,50,0.0,0.0,0.0,10,-5.0,0%,10.0,50,0
16:58:30.045,0,0,50,0.0,0.0,0.0,10,-5.0,0%,10.0,50,0
16:58:30.544,0,0,50,0.0,0.0,0.0,10,-5.0,0%,10.0,50,0
16:58:31.046,0,0,50,0.0,0.0,0.0,10,-5.0,0%,10.0,50,0
16:58:31.544,0,0,50,0.0,0.0,0.0,10,-5.0,0%,10.0,50,0
16:58:32.045,0,0,50,0.0,0.0,0.0,10,-5.0,0%,10.0,50,0
16:58:32.555,0,0,50,0.0,0.0,0.0,10,-5.0,0%,10.0,50,0
16:58:33.054,0,0,50,0.0,0.0,0.0,10,-5.0,0%,10.0,50,0
16:58:33.545,0,0,50,0.0,0.0,0.0,10,-5.0,0%,10.0,50,0
16:58:34.047,0,0,50,0.0,0.0,0.0,10,-5.0,0%,10.0,50,0
16:58:34.547,0,0,50,0.0,0.0,0.0,10,-5.0,0%,10.0,50,0
16:58:35.045,0,0,50,0.0,0.0,0.0,10,-5.0,0%,10.0,50,0
16:58:35.549,0,0,50,0.0,0.0,0.0,10,-5.0,0%,10.0,50,0
16:58:36.047,0,0,50,0.0,0.0,0.0,10,-5.0,0%,10.0,50,0
16:58:36.552,0,0,50,0.0,0.0,0.0,10,-5.0,0%,10.0,50,0
16:58:37.044,0,0,50,0.0,0.0,0.0,10,-5.0,0%,10.0,50,0
16:58:37.543,0,0,50,0.0,0.0,0.0,10,-5.0,0%,10.0,50,0
16:58:38.050,0,0,50,0.0,0.0,0.0,10,-5.0,0%,10.0,50,0
16:58:38.545,0,0,50,0.0,0.0,0.0,10,-5.0,0%,10.0,50,0
16:58:39.047,0,0,50,0.0,0.0,0.0,10,-5.0,0%,10.0,50,0
16:58:39.545,0,0,50,0.0,0.0,0.0,10,-5.0,0%,10.0,50,0
16:58:40.040,0,0,50,0.0,0.0,0.0,10,-5.0,0%,10.0,50,0
16:58:40.556,0,0,50,0.0,0.0,0.0,10,-5.0,0%,10.0,50,0
16:58:41.044,0,0,50,0.0,0.0,0.0,10,-5.0,0%,10.0,50,0
16:58:41.557,0,0,50,0.0,0.0,0.0,10,-5.0,0%,10.0,50,0
16:58:42.045,0,0,50,0.0,0.0,0.0,10,-5.0,0%,10.0,50,0
16:58:42.551,0,0,50,0.0,0.0,0.0,10,-5.0,0%,10.0,50,0
16:58:43.054,0,0,50,0.0,0.0,0.0,10,-5.0,0%,10.0,50,0
16:58:43.560,0,0,50,0.0,0.0,0.0,10,-5.0,0%,10.0,50,0
16:58:44.050,0,0,50,0.0,0.0,0.0,10,-5.0,0%,10.0,50,0
16:58:44.563,0,0,50,0.0,0.0,0.0,10,-5.0,0%,10.0,50,0
16:58:45.068,0,0,50,0.0,0.0,0.0,10,-5.0,0%,10.0,50,0
16:58:45.560,0,0,50,0.0,0.0,0.0,10,-5.0,0%,10.0,50,0
16:58:46.060,0,0,50,0.0,0.0,0.0,10,-5.0,0%,10.0,50,0
16:58:46.561,0,0,50,0.0,0.0,0.0,10,-5.0,0%,10.0,50,0
16:58:47.070,0,0,50,0.0,0.0,0.0,10,-5.0,0%,10.0,50,0
16:58:47.566,0,0,50,0.0,0.0,0.0,10,-5.0,0%,10.0,50,0
16:58:48.067,0,0,50,0.0,0.0,0.0,10,-5.0,0%,10.0,50,0
16:58:48.561,0,0,50,0.0,0.0,0.0,10,-5.0,0%,10.0,50,0
16:58:49.066,0,0,50,0.0,0.0,0.0,10,-5.0,0%,10.0,50,0
16:58:49.568,0,0,50,0.0,0.0,0.0,10,-5.0,0%,10.0,50,0
16:58:50.063,0,0,50,0.0,0.0,0.0,10,-5.0,0%,10.0,50,0
16:58:50.571,0,0,50,0.0,0.0,0.0,10,-5.0,0%,10.0,50,0
16:58:51.066,0,0,50,0.0,0.0,0.0,10,-5.0,0%,10.0,50,0
16:58:51.564,0,0,50,0.0,0.0,0.0,10,-5.0,0%,10.0,50,0
16:58:52.059,0,0,50,0.0,0.0,0.0,10,-5.0,0%,10.0,50,0
16:58:52.562,0,0,50,0.0,0.0,0.0,10,-5.0,0%,10.0,50,0
16:58:53.073,0,0,50,0.0,0.0,0.0,10,-5.0,0%,10.0,50,0
16:58:53.560,0,0,50,0.0,0.0,0.0,10,-5.0,0%,10.0,50,0
16:58:54.059,0,0,50,0.0,0.0,0.0,10,-5.0,0%,10.0,50,0
16:58:54.561,0,0,50,0.0,0.0,0.0,10,-5.0,0%,10.0,50,0
16:58:55.071,0,0,50,0.0,0.0,0.0,10,-5.0,0%,10.0,50,0
16:58:55.570,0,0,50,0.0,0.0,0.0,10,-5.0,0%,10.0,50,0
16:58:56.061,0,0,50,0.0,0.0,0.0,10,-5.0,0%,10.0,50,0
16:58:56.570,0,0,50,0.0,0.0,0.0,10,-5.0,0%,10.0,50,0
16:58:57.061,0,0,50,0.0,0.0,0.0,10,-5.0,0%,10.0,50,0
16:58:57.563,0,0,50,0.0,0.0,0.0,10,-5.0,0%,10.0,50,0
16:58:58.067,0,0,50,0.0,0.0,0.0,10,-5.0,0%,10.0,50,0
16:58:58.564,0,0,50,0.0,0.0,0.0,10,-5.0,0%,10.0,50,0
16:58:59.070,0,0,50,0.0,0.0,0.0,10,-5.0,0%,10.0,50,0
16:58:59.569,0,0,50,0.0,0.0,0.0,10,-5.0,0%,10.0,50,0
16:59:00.062,0,0,50,0.0,0.0,0.0,10,-5.0,0%,10.0,50,0
16:59:00.565,0,0,50,0.0,0.0,0.0,10,-5.0,0%,10.0,50,0
16:59:01.071,0,0,50,0.0,0.0,0.0,10,-5.0,0%,10.0,50,0
16:59:01.569,0,0,50,0.0,0.0,0.0,10,-5.0,0%,10.0,50,0
16:59:02.072,0,0,50,0.0,0.0,0.0,10,-5.0,0%,10.0,50,0
16:59:02.571,0,0,50,0.0,0.0,0.0,10,-5.0,0%,10.0,50,0
16:59:03.072,0,0,50,0.0,0.0,0.0,10,-5.0,0%,10.0,50,0
16:59:03.558,0,0,50,0.0,0.0,0.0,10,-5.0,0%,10.0,50,0
16:59:04.060,0,0,50,0.0,0.0,0.0,10,-5.0,0%,10.0,50,0
16:59:04.561,0,0,50,0.0,0.0,0.0,10,-5.0,0%,10.0,50,0
16:59:05.060,0,0,50,0.0,0.0,0.0,10,-5.0,0%,10.0,50,0
16:59:05.569,0,0,50,0.0,0.0,0.0,10,-5.0,0%,10.0,50,0
16:59:06.066,0,0,50,0.0,0.0,0.0,10,-5.0,0%,10.0,50,0
16:59:06.561,0,0,50,0.0,0.0,0.0,10,-5.0,0%,10.0,50,0
16:59:07.067,0,0,50,0.0,0.0,0.0,10,-5.0,0%,10.0,50,0
16:59:07.570,0,0,50,0.0,0.0,0.0,10,-5.0,0%,10.0,50,0
16:59:08.065,0,0,50,0.0,0.0,0.0,10,-5.0,0%,10.0,50,0
16:59:08.560,0,0,50,0.0,0.0,0.0,10,-5.0,0%,10.0,50,0
16:59:09.068,0,0,50,0.0,0.0,0.0,10,-5.0,0%,10.0,50,0
16:59:09.565,466,0,50,0.0,0.0,0.0,10,-5.0,0%,10.0,50,0
16:59:10.059,2800,0,50,0.0,0.0,0.0,10,-5.0,0%,10.0,50,0
16:59:10.569,5133,0,50,0.0,0.0,0.0,10,-5.0,0%,10.0,50,0
16:59:11.065,7000,0,50,0.0,0.0,0.0,10,-5.0,0%,10.0,50,0
16:59:11.576,4666,0,50,0.0,0.0,0.0,10,-5.0,0%,10.0,50,0
16:59:12.073,2333,0,50,0.0,0.0,0.0,10,-5.0,0%,10.0,50,0
16:59:12.564,0,0,50,0.0,0.0,0.0,10,-5.0,0%,10.0,50,0
16:59:13.065,0,64,50,0.0,0.0,0.0,10,-5.0,0%,10.0,50,0
16:59:13.567,0,144,50,0.0,0.0,0.0,10,-5.0,0%,10.0,50,0
16:59:14.057,0,224,50,0.0,0.0,0.0,10,-5.0,0%,10.0,50,0
16:59:14.563,0,184,50,0.0,0.0,0.0,10,-5.0,OFFLINE,10.0,50,0
16:59:15.070,0,104,50,0.0,0.0,0.0,10,-5.0,OFFLINE,10.0,50,0
16:59:15.567,0,24,50,0.0,0.0,0.0,10,-5.0,OFFLINE,10.0,50,0
16:59:16.064,0,0,64,0.0,0.0,0.0,10,-5.0,OFFLINE,10.0,50,0
16:59:16.563,0,0,85,0.0,0.0,0.0,10,-5.0,OFFLINE,10.0,50,0
16:59:17.066,0,0,108,0.0,0.0,0.0,10,-5.0,OFFLINE,10.0,50,0
16:59:17.567,0,0,110,0.0,0.0,0.0,10,-5.0,OFFLINE,10.0,50,0
16:59:18.067,0,0,87,0.0,0.0,0.0,10,-5.0,OFFLINE,10.0,50,0
16:59:18.563,0,0,66,0.0,0.0,0.0,10,-5.0,OFFLINE,10.0,50,0
16:59:19.060,0,0,50,0.0,0.0,0.0,10,-5.0,OFFLINE,10.3,50,0
16:59:19.573,0,0,50,0.0,0.0,0.0,10,-5.0,OFFLINE,12.0,50,0
16:59:20.058,0,0,50,0.0,0.0,0.0,10,-5.0,OFFLINE,13.5,50,0
16:59:20.562,0,0,50,0.0,0.0,0.0,10,-5.0,OFFLINE,15.0,50,0
16:59:21.068,0,0,50,0.0,0.0,0.0,10,-5.0,OFFLINE,13.3,50,0
16:59:21.568,0,0,50,0.0,0.0,0.0,10,-5.0,OFFLINE,11.7,50,0
16:59:22.059,0,0,50,0.0,0.0,0.0,10,-5.0,OFFLINE,10.0,50,0
16:59:22.569,0,0,50,0.0,0.0,0.0,10,-5.0,OFFLINE,10.0,50,133
16:59:23.068,0,0,50,0.0,0.0,0.0,10,-5.0,OFFLINE,10.0,50,300
16:59:23.566,0,0,50,0.0,0.0,0.0,10,-5.0,OFFLINE,10.0,50,466
16:59:24.068,0,0,50,0.0,0.0,0.0,10,-5.0,OFFLINE,10.0,50,383
16:59:24.568,0,0,50,0.0,0.0,0.0,10,-5.0,OFFLINE,10.0,50,233
16:59:25.067,0,0,50,0.0,0.0,0.0,10,-5.0,OFFLINE,10.0,50,66
16:59:25.566,0,0,50,0.0,0.0,0.0,10,-5.0,OFFLINE,10.0,63,0
16:59:26.062,0,0,50,0.0,0.0,0.0,10,-5.0,OFFLINE,10.0,90,0
16:59:26.558,0,0,50,0.0,0.0,0.0,10,-5.0,OFFLINE,10.0,114,0
16:59:27.069,0,0,50,0.0,0.0,0.0,10,-5.0,OFFLINE,10.0,122,0
16:59:27.572,0,0,50,0.0,0.0,0.0,10,-5.0,OFFLINE,10.0,95,0
16:59:28.067,0,0,50,0.0,0.0,0.0,10,-5.0,OFFLINE,10.0,68,0
16:59:28.560,0,0,50,0.0,0.0,6.7,10,-5.0,OFFLINE,10.0,50,0
16:59:29.059,0,0,50,0.0,0.0,40.0,10,-5.0,OFFLINE,10.0,50,0
18:31:46.211,0,0,0,0.0,0.0,0.0,0,0.0,OFFLINE,0.0,0,0
18:31:46.715,0,0,0,0.0,0.0,0.0,0,0.0,OFFLINE,0.0,0,0
18:31:47.223,0,0,0,0.0,0.0,0.0,0,0.0,OFFLINE,0.0,0,0
18:31:47.718,0,0,0,0.0,0.0,0.0,0,0.0,OFFLINE,0.0,0,0
18:31:48.215,0,0,0,0.0,0.0,0.0,0,0.0,OFFLINE,0.0,0,0
18:31:48.728,0,0,0,0.0,0.0,0.0,0,0.0,OFFLINE,0.0,0,0
18:31:49.217,0,0,0,0.0,0.0,0.0,0,0.0,OFFLINE,0.0,0,0
18:31:49.731,0,0,0,0.0,0.0,0.0,0,0.0,OFFLINE,0.0,0,0
18:31:50.224,0,0,0,0.0,0.0,0.0,0,0.0,OFFLINE,0.0,0,0
18:31:50.720,0,0,0,0.0,0.0,0.0,0,0.0,OFFLINE,0.0,0,0
18:31:51.229,0,0,0,0.0,0.0,0.0,0,0.0,OFFLINE,0.0,0,0
18:37:39.222,0,0,0,0.0,0.0,0.0,0,0.0,OFFLINE,0.0,0,0
18:37:39.463,0,0,0,0.0,0.0,0.0,0,0.0,OFFLINE,0.0,0,0
18:37:39.946,0,0,0,0.0,0.0,0.0,0,0.0,OFFLINE,0.0,0,0
18:37:40.445,0,0,0,0.0,0.0,0.0,0,0.0,OFFLINE,0.0,0,0
18:37:40.950,0,0,0,0.0,0.0,0.0,0,0.0,OFFLINE,0.0,0,0
18:37:41.451,0,0,0,0.0,0.0,0.0,0,0.0,OFFLINE,0.0,0,0
18:37:41.971,1016,0,0,0.0,0.0,0.0,0,0.0,OFFLINE,0.0,0,0
18:37:42.461,3050,0,0,0.0,0.0,0.0,0,0.0,OFFLINE,0.0,0,0
18:37:42.964,4880,0,0,0.0,0.0,0.0,0,0.0,OFFLINE,0.0,0,0
18:37:43.464,5490,0,0,0.0,0.0,0.0,0,0.0,OFFLINE,0.0,0,0
18:37:43.958,3456,0,0,0.0,0.0,0.0,0,0.0,OFFLINE,0.0,0,0
18:37:44.454,1626,0,0,0.0,0.0,0.0,0,0.0,OFFLINE,0.0,0,0
18:37:44.949,0,7,0,0.0,0.0,0.0,0,0.0,OFFLINE,0.0,0,0
18:37:45.464,0,80,0,0.0,0.0,0.0,0,0.0,OFFLINE,0.0,0,0
18:37:45.957,0,154,0,0.0,0.0,0.0,0,0.0,OFFLINE,0.0,0,0
18:37:46.454,0,220,0,0.0,0.0,0.0,0,0.0,OFFLINE,0.0,0,0
18:37:46.956,0,154,0,0.0,0.0,0.0,0,0.0,OFFLINE,0.0,0,0
18:37:47.452,0,80,0,0.0,0.0,0.0,0,0.0,OFFLINE,0.0,0,0
18:37:47.957,0,14,0,0.0,0.0,0.0,0,0.0,OFFLINE,0.0,0,0
18:37:48.451,0,0,66,0.0,0.0,0.0,0,0.0,OFFLINE,0.0,0,0
18:37:48.954,0,0,89,0.0,0.0,0.0,0,0.0,OFFLINE,0.0,0,0
18:37:49.456,0,0,113,0.0,0.0,0.0,0,0.0,OFFLINE,0.0,0,0
18:37:49.960,0,0,108,0.0,0.0,0.0,0,0.0,OFFLINE,0.0,0,0
18:37:50.467,0,0,85,0.0,0.0,0.0,0,0.0,OFFLINE,0.0,0,0
18:37:50.964,0,0,61,0.0,0.0,0.0,0,0.0,OFFLINE,0.0,0,0
18:37:51.459,0,0,50,0.0,0.0,0.0,0,0.0,OFFLINE,10.7,0,0
18:37:51.954,0,0,50,0.0,0.0,0.0,0,0.0,OFFLINE,12.2,0,0
18:37:52.452,0,0,50,0.0,0.0,0.0,0,0.0,OFFLINE,13.8,0,0
18:37:52.945,0,0,50,0.0,0.0,0.0,0,0.0,OFFLINE,14.7,0,0
18:37:53.464,0,0,50,0.0,0.0,0.0,0,0.0,OFFLINE,13.2,0,0
18:37:53.957,0,0,50,0.0,0.0,0.0,0,0.0,OFFLINE,11.5,0,0
18:37:54.448,0,0,50,0.0,0.0,0.0,0,0.0,OFFLINE,10.0,0,0
18:37:54.954,0,0,50,0.0,0.0,0.0,0,0.0,OFFLINE,10.0,0,166
18:37:55.450,0,0,50,0.0,0.0,0.0,0,0.0,OFFLINE,10.0,0,333
18:37:55.963,0,0,50,0.0,0.0,0.0,0,0.0,OFFLINE,10.0,0,500
18:37:56.454,0,0,50,0.0,0.0,0.0,0,0.0,OFFLINE,10.0,0,366
18:37:56.951,0,0,50,0.0,0.0,0.0,0,0.0,OFFLINE,10.0,0,200
18:37:57.445,0,0,50,0.0,0.0,0.0,0,0.0,OFFLINE,10.0,0,50
18:37:57.947,0,0,50,0.0,0.0,0.0,0,0.0,OFFLINE,10.0,30,0
18:37:58.458,0,0,50,0.0,0.0,0.0,0,0.0,OFFLINE,10.0,69,0
18:37:58.952,0,0,50,0.0,0.0,0.0,0,0.0,OFFLINE,10.0,112,0
18:37:59.449,0,0,50,0.0,0.0,0.0,0,0.0,OFFLINE,10.0,108,0
18:37:59.960,0,0,50,0.0,0.0,0.0,0,0.0,OFFLINE,10.0,65,0
18:38:00.454,0,0,50,0.0,0.0,0.0,0,0.0,OFFLINE,10.0,26,0
18:38:00.948,0,0,50,0.0,0.0,10.0,0,0.0,OFFLINE,10.0,0,0
18:38:01.459,0,0,50,0.0,0.0,43.3,0,0.0,OFFLINE,10.0,0,0
18:38:01.961,0,0,50,0.0,0.0,76.7,0,0.0,OFFLINE,10.0,0,0
18:38:02.447,0,0,50,0.0,0.0,93.3,0,0.0,OFFLINE,10.0,0,0
18:38:02.952,0,0,50,0.0,0.0,63.3,0,0.0,OFFLINE,10.0,0,0
18:38:03.474,0,0,50,0.0,0.0,30.0,0,0.0,OFFLINE,10.0,0,0
18:38:03.952,0,0,50,0.0,0.0,0.0,0,0.0,OFFLINE,10.0,0,0
18:38:04.458,0,0,50,0.0,33.3,0.0,0,0.0,OFFLINE,10.0,0,0
18:38:04.951,0,0,50,0.0,63.3,0.0,0,0.0,OFFLINE,10.0,0,0
18:38:05.445,0,0,50,0.0,96.7,0.0,0,0.0,OFFLINE,10.0,0,0
18:38:05.964,0,0,50,0.0,73.3,0.0,0,0.0,OFFLINE,10.0,0,0
18:38:06.464,0,0,50,0.0,40.0,0.0,0,0.0,OFFLINE,10.0,0,0
18:38:06.970,0,0,50,0.0,6.7,0.0,0,0.0,OFFLINE,10.0,0,0
18:38:07.477,0,0,50,1.4,0.0,0.0,0,0.0,OFFLINE,10.0,0,0
18:38:07.964,0,0,50,3.2,0.0,0.0,0,0.0,OFFLINE,10.0,0,0
18:38:08.474,0,0,50,5.2,0.0,0.0,0,0.0,OFFLINE,10.0,0,0
18:38:08.967,0,0,50,5.0,0.0,0.0,0,0.0,OFFLINE,10.0,0,0
18:38:09.464,0,0,50,3.2,0.0,0.0,0,0.0,OFFLINE,10.0,0,0
18:38:09.974,0,0,50,1.2,0.0,0.0,0,0.0,OFFLINE,10.0,0,0
18:38:10.463,0,0,50,0.0,0.0,0.0,0,0.0,10%,10.0,0,0
18:38:10.965,0,0,50,0.0,0.0,0.0,0,0.0,43%,10.0,0,0
18:38:11.464,0,0,50,0.0,0.0,0.0,0,0.0,76%,10.0,0,0
18:38:11.972,0,0,50,0.0,0.0,0.0,0,0.0,96%,10.0,0,0
18:38:12.473,0,0,50,0.0,0.0,0.0,0,0.0,60%,10.0,0,0
18:38:12.969,0,0,50,0.0,0.0,0.0,0,0.0,30%,10.0,0,0
18:38:13.478,0,0,50,0.0,0.0,0.0,0,-5.0,0%,10.0,0,0
18:38:13.972,0,0,50,0.0,0.0,0.0,0,5.5,0%,10.0,0,0
18:38:14.471,0,0,50,0.0,0.0,0.0,0,17.2,0%,10.0,0,0
18:38:14.968,0,0,50,0.0,0.0,0.0,0,28.8,0%,10.0,0,0
18:38:15.464,0,0,50,0.0,0.0,0.0,0,20.7,0%,10.0,0,0
18:38:15.971,0,0,50,0.0,0.0,0.0,0,10.2,0%,10.0,0,0
18:38:16.480,0,0,50,0.0,0.0,0.0,0,-1.5,0%,10.0,0,0
18:38:16.979,0,0,50,0.0,0.0,0.0,20,-5.0,0%,10.0,0,0
18:38:17.475,0,0,50,0.0,0.0,0.0,36,-5.0,0%,10.0,0,0
18:38:17.962,0,0,50,0.0,0.0,0.0,51,-5.0,0%,10.0,0,0
18:38:18.458,0,0,50,0.0,0.0,0.0,53,-5.0,0%,10.0,0,0
18:38:18.965,0,0,50,0.0,0.0,0.0,36,-5.0,0%,10.0,0,0
18:38:19.466,0,0,50,0.0,0.0,0.0,20,-5.0,0%,10.0,0,0
18:38:19.965,0,0,0,0.0,0.0,0.0,0,0.0,OFFLINE,0.0,0,0
18:38:20.476,0,0,0,0.0,0.0,0.0,0,0.0,OFFLINE,0.0,0,0
18:38:20.969,0,0,0,0.0,0.0,0.0,0,0.0,OFFLINE,0.0,0,0
18:38:21.480,0,0,0,0.0,0.0,0.0,0,0.0,OFFLINE,0.0,0,0
18:38:21.963,0,0,0,0.0,0.0,0.0,0,0.0,OFFLINE,0.0,0,0
18:38:22.476,0,0,0,0.0,0.0,0.0,0,0.0,OFFLINE,0.0,0,0
18:38:22.977,0,0,0,0.0,0.0,0.0,0,0.0,OFFLINE,0.0,0,0
18:38:23.480,0,0,0,0.0,0.0,0.0,0,0.0,OFFLINE,0.0,0,0
18:38:23.964,0,0,0,0.0,0.0,0.0,0,0.0,OFFLINE,0.0,0,0
18:38:24.467,0,0,0,0.0,0.0,0.0,0,0.0,OFFLINE,0.0,0,0
18:38:24.962,0,0,0,0.0,0.0,0.0,0,0.0,OFFLINE,0.0,0,0
18:38:25.458,0,0,0,0.0,0.0,0.0,0,0.0,OFFLINE,0.0,0,0
18:38:25.978,0,0,0,0.0,0.0,0.0,0,0.0,OFFLINE,0.0,0,0
18:38:26.483,0,0,0,0.0,0.0,0.0,0,0.0,OFFLINE,0.0,0,0
18:38:26.971,0,0,0,0.0,0.0,0.0,0,0.0,OFFLINE,0.0,0,0
18:38:27.465,0,0,0,0.0,0.0,0.0,0,0.0,OFFLINE,0.0,0,0
18:38:27.988,0,0,0,0.0,0.0,0.0,0,0.0,OFFLINE,0.0,0,0
18:38:28.483,0,0,0,0.0,0.0,0.0,0,0.0,OFFLINE,0.0,0,0
18:38:28.986,0,0,0,0.0,0.0,0.0,0,0.0,OFFLINE,0.0,0,0
18:38:29.482,0,0,0,0.0,0.0,0.0,0,0.0,OFFLINE,0.0,0,0
18:38:29.993,0,0,0,0.0,0.0,0.0,0,0.0,OFFLINE,0.0,0,0
18:38:30.492,0,0,0,0.0,0.0,0.0,0,0.0,OFFLINE,0.0,0,0
18:38:30.991,0,0,0,0.0,0.0,0.0,0,0.0,OFFLINE,0.0,0,0
18:38:31.482,0,0,0,0.0,0.0,0.0,0,0.0,OFFLINE,0.0,0,0
18:38:31.987,0,0,0,0.0,0.0,0.0,0,0.0,OFFLINE,0.0,0,0
18:38:32.491,0,0,0,0.0,0.0,0.0,0,0.0,OFFLINE,0.0,0,0
18:38:32.994,0,0,0,0.0,0.0,0.0,0,0.0,OFFLINE,0.0,0,0
18:38:33.482,0,0,0,0.0,0.0,0.0,0,0.0,OFFLINE,0.0,0,0
18:38:33.987,0,0,0,0.0,0.0,0.0,0,0.0,OFFLINE,0.0,0,0
18:38:34.485,1423,0,0,0.0,0.0,0.0,0,0.0,OFFLINE,0.0,0,0
18:38:34.979,3456,0,0,0.0,0.0,0.0,0,0.0,OFFLINE,0.0,0,0
18:38:35.495,5490,0,0,0.0,0.0,0.0,0,0.0,OFFLINE,0.0,0,0
18:38:35.979,5083,0,0,0.0,0.0,0.0,0,0.0,OFFLINE,0.0,0,0
18:38:36.492,3050,0,0,0.0,0.0,0.0,0,0.0,OFFLINE,0.0,0,0
18:38:36.983,1016,0,0,0.0,0.0,0.0,0,0.0,OFFLINE,0.0,0,0
18:38:37.491,0,29,0,0.0,0.0,0.0,0,0.0,OFFLINE,0.0,0,0
18:38:37.990,0,95,0,0.0,0.0,0.0,0,0.0,OFFLINE,0.0,0,0
18:38:38.501,0,168,0,0.0,0.0,0.0,0,0.0,OFFLINE,0.0,0,0
18:38:38.987,0,205,0,0.0,0.0,0.0,0,0.0,OFFLINE,0.0,0,0
18:38:39.493,0,139,0,0.0,0.0,0.0,0,0.0,OFFLINE,0.0,0,0
18:38:39.978,0,66,0,0.0,0.0,0.0,0,0.0,OFFLINE,0.0,0,0
18:38:40.489,0,0,50,0.0,0.0,0.0,0,0.0,OFFLINE,0.0,0,0
18:38:40.987,0,0,73,0.0,0.0,0.0,0,0.0,OFFLINE,0.0,0,0
18:38:41.496,0,0,94,0.0,0.0,0.0,0,0.0,OFFLINE,0.0,0,0
18:38:41.991,0,0,117,0.0,0.0,0.0,0,0.0,OFFLINE,0.0,0,0
18:38:42.489,0,0,103,0.0,0.0,0.0,0,0.0,OFFLINE,0.0,0,0
18:38:42.986,0,0,80,0.0,0.0,0.0,0,0.0,OFFLINE,0.0,0,0
18:38:43.479,0,0,57,0.0,0.0,0.0,0,0.0,OFFLINE,0.0,0,0
18:38:43.990,0,0,50,0.0,0.0,0.0,0,0.0,OFFLINE,11.0,0,0
18:38:44.489,0,0,50,0.0,0.0,0.0,0,0.0,OFFLINE,12.5,0,0
18:38:44.977,0,0,50,0.0,0.0,0.0,0,0.0,OFFLINE,14.2,0,0
18:38:45.493,0,0,50,0.0,0.0,0.0,0,0.0,OFFLINE,14.3,0,0
18:38:45.987,0,0,50,0.0,0.0,0.0,0,0.0,OFFLINE,12.7,0,0
18:38:46.491,0,0,50,0.0,0.0,0.0,0,0.0,OFFLINE,11.2,0,0
18:38:46.997,0,0,50,0.0,0.0,0.0,0,0.0,OFFLINE,10.0,0,33
18:38:47.483,0,0,50,0.0,0.0,0.0,0,0.0,OFFLINE,10.0,0,200
18:38:47.988,0,0,50,0.0,0.0,0.0,0,0.0,OFFLINE,10.0,0,366
18:38:48.479,0,0,50,0.0,0.0,0.0,0,0.0,OFFLINE,10.0,0,483
18:38:48.986,0,0,50,0.0,0.0,0.0,0,0.0,OFFLINE,10.0,0,316
18:38:49.492,0,0,50,0.0,0.0,0.0,0,0.0,OFFLINE,10.0,0,150
18:38:49.991,0,0,50,0.0,0.0,0.0,0,0.0,OFFLINE,10.0,0,0
18:38:50.493,0,0,50,0.0,0.0,0.0,0,0.0,OFFLINE,10.0,39,0
18:38:50.985,0,0,50,0.0,0.0,0.0,0,0.0,OFFLINE,10.0,82,0
18:38:51.478,0,0,50,0.0,0.0,0.0,0,0.0,OFFLINE,10.0,125,0
18:38:51.987,0,0,50,0.0,0.0,0.0,0,0.0,OFFLINE,10.0,99,0
18:38:52.488,0,0,50,0.0,0.0,0.0,0,0.0,OFFLINE,10.0,56,0
18:38:52.981,0,0,50,0.0,0.0,0.0,0,0.0,OFFLINE,10.0,17,0
18:38:53.476,0,0,50,0.0,0.0,16.7,0,0.0,OFFLINE,10.0,0,0
18:38:53.979,0,0,50,0.0,0.0,50.0,0,0.0,OFFLINE,10.0,0,0
18:38:54.479,0,0,50,0.0,0.0,83.3,0,0.0,OFFLINE,10.0,0,0
18:38:54.984,0,0,50,0.0,0.0,86.7,0,0.0,OFFLINE,10.0,0,0
18:38:55.478,0,0,50,0.0,0.0,56.7,0,0.0,OFFLINE,10.0,0,0
18:38:56.006,0,0,50,0.0,0.0,23.3,0,0.0,OFFLINE,10.0,0,0
18:38:56.490,0,0,50,0.0,6.7,0.0,0,0.0,OFFLINE,10.0,0,0
18:38:57.000,0,0,50,0.0,40.0,0.0,0,0.0,OFFLINE,10.0,0,0
18:38:57.489,0,0,50,0.0,73.3,0.0,0,0.0,OFFLINE,10.0,0,0
18:38:57.983,0,0,50,0.0,100.0,0.0,0,0.0,OFFLINE,10.0,0,0
18:38:58.499,0,0,50,0.0,66.7,0.0,0,0.0,OFFLINE,10.0,0,0
18:38:58.988,0,0,50,0.0,33.3,0.0,0,0.0,OFFLINE,10.0,0,0
18:38:59.494,0,0,50,0.0,0.0,0.0,0,0.0,OFFLINE,10.0,0,0
18:38:59.993,0,0,50,1.6,0.0,0.0,0,0.0,OFFLINE,10.0,0,0
18:39:00.479,0,0,50,3.6,0.0,0.0,0,0.0,OFFLINE,10.0,0,0
18:39:01.004,0,0,50,5.6,0.0,0.0,0,0.0,OFFLINE,10.0,0,0
18:39:01.510,0,0,50,4.6,0.0,0.0,0,0.0,OFFLINE,10.0,0,0
18:39:01.993,0,0,50,2.6,0.0,0.0,0,0.0,OFFLINE,10.0,0,0
18:39:02.506,0,0,50,0.6,0.0,0.0,0,0.0,OFFLINE,10.0,0,0
18:39:03.010,0,0,50,0.0,0.0,0.0,0,0.0,20%,10.0,0,0
18:39:03.507,0,0,50,0.0,0.0,0.0,0,0.0,50%,10.0,0,0
18:39:04.002,0,0,50,0.0,0.0,0.0,0,0.0,83%,10.0,0,0
18:39:04.505,0,0,50,0.0,0.0,0.0,0,0.0,86%,10.0,0,0
18:39:05.014,0,0,50,0.0,0.0,0.0,0,0.0,53%,10.0,0,0
18:39:05.496,0,0,50,0.0,0.0,0.0,0,0.0,20%,10.0,0,0
18:39:05.998,0,0,50,0.0,0.0,0.0,0,-2.7,0%,10.0,0,0
18:39:06.499,0,0,50,0.0,0.0,0.0,0,9.0,0%,10.0,0,0
18:39:07.010,0,0,50,0.0,0.0,0.0,0,20.7,0%,10.0,0,0
18:39:07.505,0,0,50,0.0,0.0,0.0,0,28.8,0%,10.0,0,0
18:39:07.996,0,0,50,0.0,0.0,0.0,0,18.3,0%,10.0,0,0
18:39:08.495,0,0,50,0.0,0.0,0.0,0,6.7,0%,10.0,0,0
18:39:09.002,0,0,50,0.0,0.0,0.0,0,-5.0,0%,10.0,0,0
18:39:09.497,0,0,50,0.0,0.0,0.0,23,-5.0,0%,10.0,0,0
18:39:10.004,0,0,50,0.0,0.0,0.0,40,-5.0,0%,10.0,0,0
18:39:10.507,0,0,50,0.0,0.0,0.0,56,-5.0,0%,10.0,0,0
18:39:11.000,0,0,50,0.0,0.0,0.0,48,-5.0,0%,10.0,0,0
18:39:11.506,0,0,50,0.0,0.0,0.0,31,-5.0,0%,10.0,0,0
18:39:11.997,0,0,50,0.0,0.0,0.0,16,-5.0,0%,10.0,0,0
18:39:12.505,0,0,0,0.0,0.0,0.0,0,0.0,OFFLINE,0.0,0,0
18:39:12.999,0,0,0,0.0,0.0,0.0,0,0.0,OFFLINE,0.0,0,0
18:39:13.500,0,0,0,0.0,0.0,0.0,0,0.0,OFFLINE,0.0,0,0
18:39:14.001,0,0,0,0.0,0.0,0.0,0,0.0,OFFLINE,0.0,0,0
18:39:14.508,0,0,0,0.0,0.0,0.0,0,0.0,OFFLINE,0.0,0,0
18:39:14.996,0,0,0,0.0,0.0,0.0,0,0.0,OFFLINE,0.0,0,0
18:39:15.511,0,0,0,0.0,0.0,0.0,0,0.0,OFFLINE,0.0,0,0
18:39:16.009,0,0,0,0.0,0.0,0.0,0,0.0,OFFLINE,0.0,0,0
18:39:16.510,0,0,0,0.0,0.0,0.0,0,0.0,OFFLINE,0.0,0,0
18:39:17.016,0,0,0,0.0,0.0,0.0,0,0.0,OFFLINE,0.0,0,0
18:39:17.526,0,0,0,0.0,0.0,0.0,0,0.0,OFFLINE,0.0,0,0
18:39:18.016,0,0,0,0.0,0.0,0.0,0,0.0,OFFLINE,0.0,0,0
18:39:18.523,0,0,0,0.0,0.0,0.0,0,0.0,OFFLINE,0.0,0,0
18:39:19.020,0,0,0,0.0,0.0,0.0,0,0.0,OFFLINE,0.0,0,0
18:39:19.511,0,0,0,0.0,0.0,0.0,0,0.0,OFFLINE,0.0,0,0
18:39:20.016,0,0,0,0.0,0.0,0.0,0,0.0,OFFLINE,0.0,0,0
18:39:20.517,0,0,0,0.0,0.0,0.0,0,0.0,OFFLINE,0.0,0,0
18:39:21.011,0,0,0,0.0,0.0,0.0,0,0.0,OFFLINE,0.0,0,0
18:39:21.515,0,0,0,0.0,0.0,0.0,0,0.0,OFFLINE,0.0,0,0
18:39:22.011,0,0,0,0.0,0.0,0.0,0,0.0,OFFLINE,0.0,0,0
18:39:22.521,0,0,0,0.0,0.0,0.0,0,0.0,OFFLINE,0.0,0,0
18:39:23.018,0,0,0,0.0,0.0,0.0,0,0.0,OFFLINE,0.0,0,0
18:39:23.527,0,0,0,0.0,0.0,0.0,0,0.0,OFFLINE,0.0,0,0
18:39:24.021,0,0,0,0.0,0.0,0.0,0,0.0,OFFLINE,0.0,0,0
18:39:24.512,0,0,0,0.0,0.0,0.0,0,0.0,OFFLINE,0.0,0,0
18:39:25.017,0,0,0,0.0,0.0,0.0,0,0.0,OFFLINE,0.0,0,0
18:39:25.528,0,0,0,0.0,0.0,0.0,0,0.0,OFFLINE,0.0,0,0
18:39:26.026,0,0,0,0.0,0.0,0.0,0,0.0,OFFLINE,0.0,0,0
18:39:26.531,0,0,0,0.0,0.0,0.0,0,0.0,OFFLINE,0.0,0,0
18:39:27.018,0,0,0,0.0,0.0,0.0,0,0.0,OFFLINE,0.0,0,0
18:39:27.517,0,0,0,0.0,0.0,0.0,0,0.0,OFFLINE,0.0,0,0
18:39:28.022,0,0,0,0.0,0.0,0.0,0,0.0,OFFLINE,0.0,0,0
18:39:28.525,0,0,0,0.0,0.0,0.0,0,0.0,OFFLINE,0.0,0,0
18:39:29.020,0,0,0,0.0,0.0,0.0,0,0.0,OFFLINE,0.0,0,0
18:39:29.510,0,0,0,0.0,0.0,0.0,0,0.0,OFFLINE,0.0,0,0
18:39:30.025,0,0,0,0.0,0.0,0.0,0,0.0,OFFLINE,0.0,0,0
18:39:30.519,0,0,0,0.0,0.0,0.0,0,0.0,OFFLINE,0.0,0,0
18:39:31.029,0,0,0,0.0,0.0,0.0,0,0.0,OFFLINE,0.0,0,0
18:39:31.513,0,0,0,0.0,0.0,0.0,0,0.0,OFFLINE,0.0,0,0
18:39:32.027,0,0,0,0.0,0.0,0.0,0,0.0,OFFLINE,0.0,0,0
18:39:32.516,0,0,0,0.0,0.0,0.0,0,0.0,OFFLINE,0.0,0,0
18:39:33.027,0,0,0,0.0,0.0,0.0,0,0.0,OFFLINE,0.0,0,0
18:39:33.514,0,0,0,0.0,0.0,0.0,0,0.0,OFFLINE,0.0,0,0
18:39:34.012,0,0,0,0.0,0.0,0.0,0,0.0,OFFLINE,0.0,0,0
18:39:34.512,0,0,0,0.0,0.0,0.0,0,0.0,OFFLINE,0.0,0,0
18:39:35.029,0,0,0,0.0,0.0,0.0,0,0.0,OFFLINE,0.0,0,0
18:39:35.507,0,0,0,0.0,0.0,0.0,0,0.0,OFFLINE,0.0,0,0
18:39:36.023,0,0,0,0.0,0.0,0.0,0,0.0,OFFLINE,0.0,0,0
18:39:36.514,0,0,0,0.0,0.0,0.0,0,0.0,OFFLINE,0.0,0,0
18:39:37.018,0,0,0,0.0,0.0,0.0,0,0.0,OFFLINE,0.0,0,0
18:39:37.517,0,0,0,0.0,0.0,0.0,0,0.0,OFFLINE,0.0,0,0
18:39:38.023,0,0,0,0.0,0.0,0.0,0,0.0,OFFLINE,0.0,0,0
18:39:38.520,0,0,0,0.0,0.0,0.0,0,0.0,OFFLINE,0.0,0,0
18:39:39.031,0,0,0,0.0,0.0,0.0,0,0.0,OFFLINE,0.0,0,0
18:39:39.515,0,0,0,0.0,0.0,0.0,0,0.0,OFFLINE,0.0,0,0
18:39:40.013,0,0,0,0.0,0.0,0.0,0,0.0,OFFLINE,0.0,0,0
18:39:40.518,0,0,0,0.0,0.0,0.0,0,0.0,OFFLINE,0.0,0,0
18:39:41.015,0,0,0,0.0,0.0,0.0,0,0.0,OFFLINE,0.0,0,0
18:39:41.523,0,0,0,0.0,0.0,0.0,0,0.0,OFFLINE,0.0,0,0
18:39:42.013,0,0,0,0.0,0.0,0.0,0,0.0,OFFLINE,0.0,0,0
18:39:42.522,0,0,0,0.0,0.0,0.0,0,0.0,OFFLINE,0.0,0,0
18:39:43.017,0,0,0,0.0,0.0,0.0,0,0.0,OFFLINE,0.0,0,0
18:39:43.512,0,0,0,0.0,0.0,0.0,0,0.0,OFFLINE,0.0,0,0
18:39:44.013,0,0,0,0.0,0.0,0.0,0,0.0,OFFLINE,0.0,0,0
18:39:44.518,0,0,0,0.0,0.0,0.0,0,0.0,OFFLINE,0.0,0,0
18:39:45.025,0,0,0,0.0,0.0,0.0,0,0.0,OFFLINE,0.0,0,0
18:39:45.519,0,0,0,0.0,0.0,0.0,0,0.0,OFFLINE,0.0,0,0
18:39:46.026,0,0,0,0.0,0.0,0.0,0,0.0,OFFLINE,0.0,0,0
18:39:46.508,0,0,0,0.0,0.0,0.0,0,0.0,OFFLINE,0.0,0,0
18:39:47.031,0,0,0,0.0,0.0,0.0,0,0.0,OFFLINE,0.0,0,0
18:39:47.519,0,0,0,0.0,0.0,0.0,0,0.0,OFFLINE,0.0,0,0
18:39:48.008,0,0,0,0.0,0.0,0.0,0,0.0,OFFLINE,0.0,0,0
18:39:48.512,0,0,0,0.0,0.0,0.0,0,0.0,OFFLINE,0.0,0,0
18:39:49.018,0,0,0,0.0,0.0,0.0,0,0.0,OFFLINE,0.0,0,0
18:39:49.515,0,0,0,0.0,0.0,0.0,0,0.0,OFFLINE,0.0,0,0
18:39:50.024,0,0,0,0.0,0.0,0.0,0,0.0,OFFLINE,0.0,0,0
18:39:50.517,0,0,0,0.0,0.0,0.0,0,0.0,OFFLINE,0.0,0,0
18:39:51.018,0,0,0,0.0,0.0,0.0,0,0.0,OFFLINE,0.0,0,0
18:39:51.528,0,0,0,0.0,0.0,0.0,0,0.0,OFFLINE,0.0,0,0
18:39:52.026,0,0,0,0.0,0.0,0.0,0,0.0,OFFLINE,0.0,0,0
18:39:52.522,0,0,0,0.0,0.0,0.0,0,0.0,OFFLINE,0.0,0,0
18:39:53.018,0,0,0,0.0,0.0,0.0,0,0.0,OFFLINE,0.0,0,0
18:39:53.527,0,0,0,0.0,0.0,0.0,0,0.0,OFFLINE,0.0,0,0
18:39:54.012,0,0,0,0.0,0.0,0.0,0,0.0,OFFLINE,0.0,0,0
18:39:54.511,0,0,0,0.0,0.0,0.0,0,0.0,OFFLINE,0.0,0,0
18:39:55.010,0,0,0,0.0,0.0,0.0,0,0.0,OFFLINE,0.0,0,0
18:39:55.514,0,0,0,0.0,0.0,0.0,0,0.0,OFFLINE,0.0,0,0
18:39:56.021,0,0,0,0.0,0.0,0.0,0,0.0,OFFLINE,0.0,0,0
18:39:56.520,0,0,0,0.0,0.0,0.0,0,0.0,OFFLINE,0.0,0,0
18:39:57.025,0,0,0,0.0,0.0,0.0,0,0.0,OFFLINE,0.0,0,0
18:39:57.528,0,0,0,0.0,0.0,0.0,0,0.0,OFFLINE,0.0,0,0
18:39:58.028,0,0,0,0.0,0.0,0.0,0,0.0,OFFLINE,0.0,0,0
18:39:58.512,0,0,0,0.0,0.0,0.0,0,0.0,OFFLINE,0.0,0,0
18:39:59.029,0,0,0,0.0,0.0,0.0,0,0.0,OFFLINE,0.0,0,0
18:39:59.533,0,0,0,0.0,0.0,0.0,0,0.0,OFFLINE,0.0,0,0
18:40:00.036,0,0,0,0.0,0.0,0.0,0,0.0,OFFLINE,0.0,0,0
18:40:00.519,0,0,0,0.0,0.0,0.0,0,0.0,OFFLINE,0.0,0,0
18:40:01.019,0,0,0,0.0,0.0,0.0,0,0.0,OFFLINE,0.0,0,0
18:40:01.529,0,0,0,0.0,0.0,0.0,0,0.0,OFFLINE,0.0,0,0
18:40:02.021,0,0,0,0.0,0.0,0.0,0,0.0,OFFLINE,0.0,0,0
18:40:02.510,0,0,0,0.0,0.0,0.0,0,0.0,OFFLINE,0.0,0,0
18:40:03.018,0,0,0,0.0,0.0,0.0,0,0.0,OFFLINE,0.0,0,0
18:40:03.519,0,0,0,0.0,0.0,0.0,0,0.0,OFFLINE,0.0,0,0
18:40:04.022,0,0,0,0.0,0.0,0.0,0,0.0,OFFLINE,0.0,0,0
18:40:04.527,0,0,0,0.0,0.0,0.0,0,0.0,OFFLINE,0.0,0,0
18:40:05.038,0,0,0,0.0,0.0,0.0,0,0.0,OFFLINE,0.0,0,0
18:40:05.538,0,0,0,0.0,0.0,0.0,0,0.0,OFFLINE,0.0,0,0
18:40:06.038,0,0,0,0.0,0.0,0.0,0,0.0,OFFLINE,0.0,0,0
18:40:06.540,0,0,0,0.0,0.0,0.0,0,0.0,OFFLINE,0.0,0,0
18:40:07.033,0,0,0,0.0,0.0,0.0,0,0.0,OFFLINE,0.0,0,0
18:40:07.534,0,0,0,0.0,0.0,0.0,0,0.0,OFFLINE,0.0,0,0
18:40:08.037,0,0,0,0.0,0.0,0.0,0,0.0,OFFLINE,0.0,0,0
18:40:08.541,0,0,0,0.0,0.0,0.0,0,0.0,OFFLINE,0.0,0,0
18:40:09.036,0,0,0,0.0,0.0,0.0,0,0.0,OFFLINE,0.0,0,0
18:40:09.531,0,0,0,0.0,0.0,0.0,0,0.0,OFFLINE,0.0,0,0
18:40:10.041,0,0,0,0.0,0.0,0.0,0,0.0,OFFLINE,0.0,0,0
18:40:10.548,0,0,0,0.0,0.0,0.0,0,0.0,OFFLINE,0.0,0,0
18:40:11.028,0,0,0,0.0,0.0,0.0,0,0.0,OFFLINE,0.0,0,0
18:40:11.552,0,0,0,0.0,0.0,0.0,0,0.0,OFFLINE,0.0,0,0
18:40:12.033,0,0,0,0.0,0.0,0.0,0,0.0,OFFLINE,0.0,0,0
18:40:12.540,0,0,0,0.0,0.0,0.0,0,0.0,OFFLINE,0.0,0,0
18:40:13.042,0,0,0,0.0,0.0,0.0,0,0.0,OFFLINE,0.0,0,0
18:40:13.540,0,0,0,0.0,0.0,0.0,0,0.0,OFFLINE,0.0,0,0
18:40:14.042,0,0,0,0.0,0.0,0.0,0,0.0,OFFLINE,0.0,0,0
18:40:14.527,0,0,0,0.0,0.0,0.0,0,0.0,OFFLINE,0.0,0,0
18:40:15.036,0,0,0,0.0,0.0,0.0,0,0.0,OFFLINE,0.0,0,0
18:40:15.541,0,0,0,0.0,0.0,0.0,0,0.0,OFFLINE,0.0,0,0
18:40:16.035,0,0,0,0.0,0.0,0.0,0,0.0,OFFLINE,0.0,0,0
18:40:16.541,0,0,0,0.0,0.0,0.0,0,0.0,OFFLINE,0.0,0,0
18:40:17.031,0,0,0,0.0,0.0,0.0,0,0.0,OFFLINE,0.0,0,0
18:40:17.533,0,0,0,0.0,0.0,0.0,0,0.0,OFFLINE,0.0,0,0
18:40:18.025,0,0,0,0.0,0.0,0.0,0,0.0,OFFLINE,0.0,0,0
18:40:18.530,0,0,0,0.0,0.0,0.0,0,0.0,OFFLINE,0.0,0,0
18:40:19.044,0,0,0,0.0,0.0,0.0,0,0.0,OFFLINE,0.0,0,0
18:40:19.558,0,0,0,0.0,0.0,0.0,0,0.0,OFFLINE,0.0,0,0
18:40:20.029,0,0,0,0.0,0.0,0.0,0,0.0,OFFLINE,0.0,0,0
18:40:20.529,0,0,0,0.0,0.0,0.0,0,0.0,OFFLINE,0.0,0,0
18:40:21.063,0,0,0,0.0,0.0,0.0,0,0.0,OFFLINE,0.0,0,0
18:40:21.532,0,0,0,0.0,0.0,0.0,0,0.0,OFFLINE,0.0,0,0
18:40:22.030,0,0,0,0.0,0.0,0.0,0,0.0,OFFLINE,0.0,0,0
18:40:22.538,0,0,0,0.0,0.0,0.0,0,0.0,OFFLINE,0.0,0,0
18:40:23.066,0,0,0,0.0,0.0,0.0,0,0.0,OFFLINE,0.0,0,0
18:40:23.532,0,0,0,0.0,0.0,0.0,0,0.0,OFFLINE,0.0,0,0
18:40:24.046,0,0,0,0.0,0.0,0.0,0,0.0,OFFLINE,0.0,0,0
18:40:24.531,0,0,0,0.0,0.0,0.0,0,0.0,OFFLINE,0.0,0,0
18:40:25.039,0,0,0,0.0,0.0,0.0,0,0.0,OFFLINE,0.0,0,0
18:40:25.531,0,0,0,0.0,0.0,0.0,0,0.0,OFFLINE,0.0,0,0
18:40:26.025,0,0,0,0.0,0.0,0.0,0,0.0,OFFLINE,0.0,0,0
18:40:26.533,0,0,0,0.0,0.0,0.0,0,0.0,OFFLINE,0.0,0,0
18:40:27.029,0,0,0,0.0,0.0,0.0,0,0.0,OFFLINE,0.0,0,0
18:40:27.525,0,0,0,0.0,0.0,0.0,0,0.0,OFFLINE,0.0,0,0
18:40:28.024,0,0,0,0.0,0.0,0.0,0,0.0,OFFLINE,0.0,0,0
18:40:28.529,0,0,0,0.0,0.0,0.0,0,0.0,OFFLINE,0.0,0,0
18:40:29.029,0,0,0,0.0,0.0,0.0,0,0.0,OFFLINE,0.0,0,0
18:40:29.536,0,0,0,0.0,0.0,0.0,0,0.0,OFFLINE,0.0,0,0
18:40:30.032,0,0,0,0.0,0.0,0.0,0,0.0,OFFLINE,0.0,0,0
18:40:30.554,0,0,0,0.0,0.0,0.0,0,0.0,OFFLINE,0.0,0,0
18:40:31.035,0,0,0,0.0,0.0,0.0,0,0.0,OFFLINE,0.0,0,0
18:40:31.533,0,0,0,0.0,0.0,0.0,0,0.0,OFFLINE,0.0,0,0
18:40:32.027,0,0,0,0.0,0.0,0.0,0,0.0,OFFLINE,0.0,0,0
18:40:32.527,0,0,0,0.0,0.0,0.0,0,0.0,OFFLINE,0.0,0,0
18:40:33.035,0,0,0,0.0,0.0,0.0,0,0.0,OFFLINE,0.0,0,0
18:40:33.545,0,0,0,0.0,0.0,0.0,0,0.0,OFFLINE,0.0,0,0
18:40:34.036,0,0,0,0.0,0.0,0.0,0,0.0,OFFLINE,0.0,0,0
18:40:34.540,0,0,0,0.0,0.0,0.0,0,0.0,OFFLINE,0.0,0,0
18:40:35.034,0,0,0,0.0,0.0,0.0,0,0.0,OFFLINE,0.0,0,0
18:40:35.536,0,0,0,0.0,0.0,0.0,0,0.0,OFFLINE,0.0,0,0
18:40:36.037,0,0,0,0.0,0.0,0.0,0,0.0,OFFLINE,0.0,0,0
18:40:36.549,0,0,0,0.0,0.0,0.0,0,0.0,OFFLINE,0.0,0,0
18:40:37.033,0,0,0,0.0,0.0,0.0,0,0.0,OFFLINE,0.0,0,0
18:40:37.530,0,0,0,0.0,0.0,0.0,0,0.0,OFFLINE,0.0,0,0
18:40:38.043,0,0,0,0.0,0.0,0.0,0,0.0,OFFLINE,0.0,0,0
18:40:38.531,0,0,0,0.0,0.0,0.0,0,0.0,OFFLINE,0.0,0,0
18:40:39.045,0,0,0,0.0,0.0,0.0,0,0.0,OFFLINE,0.0,0,0
18:40:39.546,0,0,0,0.0,0.0,0.0,0,0.0,OFFLINE,0.0,0,0
18:40:40.048,0,0,0,0.0,0.0,0.0,0,0.0,OFFLINE,0.0,0,0
18:40:40.549,0,0,0,0.0,0.0,0.0,0,0.0,OFFLINE,0.0,0,0
18:40:41.046,0,0,0,0.0,0.0,0.0,0,0.0,OFFLINE,0.0,0,0
18:40:41.530,0,0,0,0.0,0.0,0.0,0,0.0,OFFLINE,0.0,0,0
18:40:42.038,0,0,0,0.0,0.0,0.0,0,0.0,OFFLINE,0.0,0,0
18:40:42.528,0,0,0,0.0,0.0,0.0,0,0.0,OFFLINE,0.0,0,0
18:40:43.026,0,0,0,0.0,0.0,0.0,0,0.0,OFFLINE,0.0,0,0
18:40:43.523,0,0,0,0.0,0.0,0.0,0,0.0,OFFLINE,0.0,0,0
18:40:44.028,0,0,0,0.0,0.0,0.0,0,0.0,OFFLINE,0.0,0,0
18:40:44.543,0,0,0,0.0,0.0,0.0,0,0.0,OFFLINE,0.0,0,0
18:40:45.043,0,0,0,0.0,0.0,0.0,0,0.0,OFFLINE,0.0,0,0
18:40:45.527,0,0,0,0.0,0.0,0.0,0,0.0,OFFLINE,0.0,0,0
18:40:46.038,0,0,0,0.0,0.0,0.0,0,0.0,OFFLINE,0.0,0,0
18:40:46.547,0,0,0,0.0,0.0,0.0,0,0.0,OFFLINE,0.0,0,0
18:40:47.030,0,0,0,0.0,0.0,0.0,0,0.0,OFFLINE,0.0,0,0
18:40:47.536,0,0,0,0.0,0.0,0.0,0,0.0,OFFLINE,0.0,0,0
18:40:48.029,0,0,0,0.0,0.0,0.0,0,0.0,OFFLINE,0.0,0,0
18:40:48.541,0,0,0,0.0,0.0,0.0,0,0.0,OFFLINE,0.0,0,0
18:40:49.023,0,0,0,0.0,0.0,0.0,0,0.0,OFFLINE,0.0,0,0
18:40:49.533,0,0,0,0.0,0.0,0.0,0,0.0,OFFLINE,0.0,0,0
18:40:50.037,0,0,0,0.0,0.0,0.0,0,0.0,OFFLINE,0.0,0,0
18:40:50.538,0,0,0,0.0,0.0,0.0,0,0.0,OFFLINE,0.0,0,0
18:40:51.040,0,0,0,0.0,0.0,0.0,0,0.0,OFFLINE,0.0,0,0
18:40:51.539,0,0,0,0.0,0.0,0.0,0,0.0,OFFLINE,0.0,0,0
18:40:52.029,0,0,0,0.0,0.0,0.0,0,0.0,OFFLINE,0.0,0,0
18:40:52.547,0,0,0,0.0,0.0,0.0,0,0.0,OFFLINE,0.0,0,0
18:40:53.034,0,0,0,0.0,0.0,0.0,0,0.0,OFFLINE,0.0,0,0
18:40:53.539,0,0,0,0.0,0.0,0.0,0,0.0,OFFLINE,0.0,0,0
18:40:54.031,0,0,0,0.0,0.0,0.0,0,0.0,OFFLINE,0.0,0,0
18:40:54.542,0,0,0,0.0,0.0,0.0,0,0.0,OFFLINE,0.0,0,0
18:40:55.052,0,0,0,0.0,0.0,0.0,0,0.0,OFFLINE,0.0,0,0
18:40:55.533,0,0,0,0.0,0.0,0.0,0,0.0,OFFLINE,0.0,0,0
18:40:56.031,0,0,0,0.0,0.0,0.0,0,0.0,OFFLINE,0.0,0,0
18:40:56.538,0,0,0,0.0,0.0,0.0,0,0.0,OFFLINE,0.0,0,0
18:40:57.035,0,0,0,0.0,0.0,0.0,0,0.0,OFFLINE,0.0,0,0
18:40:57.543,0,0,0,0.0,0.0,0.0,0,0.0,OFFLINE,0.0,0,0
18:40:58.032,0,0,0,0.0,0.0,0.0,0,0.0,OFFLINE,0.0,0,0
18:40:58.529,0,0,0,0.0,0.0,0.0,0,0.0,OFFLINE,0.0,0,0
18:40:59.030,0,0,0,0.0,0.0,0.0,0,0.0,OFFLINE,0.0,0,0
18:40:59.542,0,0,0,0.0,0.0,0.0,0,0.0,OFFLINE,0.0,0,0
18:41:00.048,0,0,0,0.0,0.0,0.0,0,0.0,OFFLINE,0.0,0,0
18:41:00.538,0,0,0,0.0,0.0,0.0,0,0.0,OFFLINE,0.0,0,0
18:41:01.036,0,0,0,0.0,0.0,0.0,0,0.0,OFFLINE,0.0,0,0
18:41:01.530,0,0,0,0.0,0.0,0.0,0,0.0,OFFLINE,0.0,0,0
18:41:02.035,0,0,0,0.0,0.0,0.0,0,0.0,OFFLINE,0.0,0,0
18:41:02.527,0,0,0,0.0,0.0,0.0,0,0.0,OFFLINE,0.0,0,0
18:41:03.054,0,0,0,0.0,0.0,0.0,0,0.0,OFFLINE,0.0,0,0
18:41:03.552,0,0,0,0.0,0.0,0.0,0,0.0,OFFLINE,0.0,0,0
18:41:04.045,0,0,0,0.0,0.0,0.0,0,0.0,OFFLINE,0.0,0,0
18:41:04.550,0,0,0,0.0,0.0,0.0,0,0.0,OFFLINE,0.0,0,0
18:41:05.022,0,0,0,0.0,0.0,0.0,0,0.0,OFFLINE,0.0,0,0
18:41:05.533,0,0,0,0.0,0.0,0.0,0,0.0,OFFLINE,0.0,0,0
18:41:06.033,0,0,0,0.0,0.0,0.0,0,0.0,OFFLINE,0.0,0,0
18:41:06.543,0,0,0,0.0,0.0,0.0,0,0.0,OFFLINE,0.0,0,0
18:41:07.031,0,0,0,0.0,0.0,0.0,0,0.0,OFFLINE,0.0,0,0
18:41:07.536,0,0,0,0.0,0.0,0.0,0,0.0,OFFLINE,0.0,0,0
18:41:08.023,0,0,0,0.0,0.0,0.0,0,0.0,OFFLINE,0.0,0,0
18:41:08.536,0,0,0,0.0,0.0,0.0,0,0.0,OFFLINE,0.0,0,0
18:41:09.041,0,0,0,0.0,0.0,0.0,0,0.0,OFFLINE,0.0,0,0
18:41:09.539,0,0,0,0.0,0.0,0.0,0,0.0,OFFLINE,0.0,0,0
18:41:10.039,0,0,0,0.0,0.0,0.0,0,0.0,OFFLINE,0.0,0,0
18:41:10.534,0,0,0,0.0,0.0,0.0,0,0.0,OFFLINE,0.0,0,0
18:41:11.036,0,0,0,0.0,0.0,0.0,0,0.0,OFFLINE,0.0,0,0
18:41:11.551,0,0,0,0.0,0.0,0.0,0,0.0,OFFLINE,0.0,0,0
18:41:12.040,0,0,0,0.0,0.0,0.0,0,0.0,OFFLINE,0.0,0,0
18:41:12.537,0,0,0,0.0,0.0,0.0,0,0.0,OFFLINE,0.0,0,0
18:41:13.038,0,0,0,0.0,0.0,0.0,0,0.0,OFFLINE,0.0,0,0
18:41:13.535,0,0,0,0.0,0.0,0.0,0,0.0,OFFLINE,0.0,0,0
18:41:14.040,0,0,0,0.0,0.0,0.0,0,0.0,OFFLINE,0.0,0,0
18:41:14.541,0,0,0,0.0,0.0,0.0,0,0.0,OFFLINE,0.0,0,0
18:41:15.050,0,0,0,0.0,0.0,0.0,0,0.0,OFFLINE,0.0,0,0
18:41:15.527,0,0,0,0.0,0.0,0.0,0,0.0,OFFLINE,0.0,0,0
18:41:16.049,0,0,0,0.0,0.0,0.0,0,0.0,OFFLINE,0.0,0,0
18:41:16.538,0,0,0,0.0,0.0,0.0,0,0.0,OFFLINE,0.0,0,0
18:41:17.032,0,0,0,0.0,0.0,0.0,0,0.0,OFFLINE,0.0,0,0
18:41:17.537,0,0,0,0.0,0.0,0.0,0,0.0,OFFLINE,0.0,0,0
18:41:18.025,0,0,0,0.0,0.0,0.0,0,0.0,OFFLINE,0.0,0,0
18:41:18.531,0,0,0,0.0,0.0,0.0,0,0.0,OFFLINE,0.0,0,0
18:41:19.032,0,0,0,0.0,0.0,0.0,0,0.0,OFFLINE,0.0,0,0
18:41:19.542,0,0,0,0.0,0.0,0.0,0,0.0,OFFLINE,0.0,0,0
18:41:20.036,0,0,0,0.0,0.0,0.0,0,0.0,OFFLINE,0.0,0,0
18:41:20.557,0,0,0,0.0,0.0,0.0,0,0.0,OFFLINE,0.0,0,0
18:41:21.028,0,0,0,0.0,0.0,0.0,0,0.0,OFFLINE,0.0,0,0
18:41:21.547,0,0,0,0.0,0.0,0.0,0,0.0,OFFLINE,0.0,0,0
18:41:22.027,0,0,0,0.0,0.0,0.0,0,0.0,OFFLINE,0.0,0,0
18:41:22.526,0,0,0,0.0,0.0,0.0,0,0.0,OFFLINE,0.0,0,0
18:41:23.027,406,0,0,0.0,0.0,0.0,0,0.0,OFFLINE,0.0,0,0
18:41:23.531,2440,0,0,0.0,0.0,0.0,0,0.0,OFFLINE,0.0,0,0
18:41:24.028,4270,0,0,0.0,0.0,0.0,0,0.0,OFFLINE,0.0,0,0
18:41:24.534,6100,0,0,0.0,0.0,0.0,0,0.0,OFFLINE,0.0,0,0
18:41:25.037,4270,0,0,0.0,0.0,0.0,0,0.0,OFFLINE,0.0,0,0
18:41:25.526,2236,0,0,0.0,0.0,0.0,0,0.0,OFFLINE,0.0,0,0
18:41:26.032,203,0,0,0.0,0.0,0.0,0,0.0,OFFLINE,0.0,0,0
18:41:26.533,0,51,0,0.0,0.0,0.0,0,0.0,OFFLINE,0.0,0,0
18:41:27.060,0,124,0,0.0,0.0,0.0,0,0.0,OFFLINE,0.0,0,0
18:41:27.536,0,198,0,0.0,0.0,0.0,0,0.0,OFFLINE,0.0,0,0
18:41:28.047,0,176,0,0.0,0.0,0.0,0,0.0,OFFLINE,0.0,0,0
18:41:28.540,0,110,0,0.0,0.0,0.0,0,0.0,OFFLINE,0.0,0,0
18:41:29.033,0,36,0,0.0,0.0,0.0,0,0.0,OFFLINE,0.0,0,0
18:41:29.529,0,0,59,0.0,0.0,0.0,0,0.0,OFFLINE,0.0,0,0
18:41:30.029,0,0,80,0.0,0.0,0.0,0,0.0,OFFLINE,0.0,0,0
18:41:30.526,0,0,103,0.0,0.0,0.0,0,0.0,OFFLINE,0.0,0,0
18:41:31.030,0,0,115,0.0,0.0,0.0,0,0.0,OFFLINE,0.0,0,0
18:41:31.526,0,0,92,0.0,0.0,0.0,0,0.0,OFFLINE,0.0,0,0
18:41:32.036,0,0,71,0.0,0.0,0.0,0,0.0,OFFLINE,0.0,0,0
18:41:32.525,0,0,50,0.0,0.0,0.0,0,0.0,OFFLINE,10.0,0,0
18:41:33.036,0,0,50,0.0,0.0,0.0,0,0.0,OFFLINE,11.7,0,0
18:41:33.527,0,0,50,0.0,0.0,0.0,0,0.0,OFFLINE,13.2,0,0
18:41:34.034,0,0,50,0.0,0.0,0.0,0,0.0,OFFLINE,14.8,0,0
18:41:34.525,0,0,50,0.0,0.0,0.0,0,0.0,OFFLINE,13.7,0,0
18:41:35.024,0,0,50,0.0,0.0,0.0,0,0.0,OFFLINE,12.2,0,0
18:41:35.541,0,0,50,0.0,0.0,0.0,0,0.0,OFFLINE,10.5,0,0
18:41:36.037,0,0,50,0.0,0.0,0.0,0,0.0,OFFLINE,10.0,0,83
18:41:36.527,0,0,50,0.0,0.0,0.0,0,0.0,OFFLINE,10.0,0,233
18:41:37.038,0,0,50,0.0,0.0,0.0,0,0.0,OFFLINE,10.0,0,400
18:41:37.540,0,0,50,0.0,0.0,0.0,0,0.0,OFFLINE,10.0,0,450
18:41:38.042,0,0,50,0.0,0.0,0.0,0,0.0,OFFLINE,10.0,0,300
18:41:38.545,0,0,50,0.0,0.0,0.0,0,0.0,OFFLINE,10.0,0,133
18:41:39.033,0,0,50,0.0,0.0,0.0,0,0.0,OFFLINE,10.0,4,0
18:41:39.529,0,0,50,0.0,0.0,0.0,0,0.0,OFFLINE,10.0,43,0
18:41:40.048,0,0,50,0.0,0.0,0.0,0,0.0,OFFLINE,10.0,86,0
18:41:40.541,0,0,50,0.0,0.0,0.0,0,0.0,OFFLINE,10.0,130,0
18:41:41.036,0,0,50,0.0,0.0,0.0,0,0.0,OFFLINE,10.0,95,0
18:41:41.531,0,0,50,0.0,0.0,0.0,0,0.0,OFFLINE,10.0,47,0
18:41:42.038,0,0,50,0.0,0.0,0.0,0,0.0,OFFLINE,10.0,8,0
18:41:42.535,0,0,50,0.0,0.0,23.3,0,0.0,OFFLINE,10.0,0,0
18:41:43.035,0,0,50,0.0,0.0,56.7,0,0.0,OFFLINE,10.0,0,0
18:41:43.546,0,0,50,0.0,0.0,86.7,0,0.0,OFFLINE,10.0,0,0
18:41:44.040,0,0,50,0.0,0.0,83.3,0,0.0,OFFLINE,10.0,0,0
18:41:44.542,0,0,50,0.0,0.0,50.0,0,0.0,OFFLINE,10.0,0,0
18:41:45.036,0,0,50,0.0,0.0,20.0,0,0.0,OFFLINE,10.0,0,0
18:41:45.531,0,0,50,0.0,10.0,0.0,0,0.0,OFFLINE,10.0,0,0
18:41:46.031,0,0,50,0.0,43.3,0.0,0,0.0,OFFLINE,10.0,0,0
18:41:46.527,0,0,50,0.0,73.3,0.0,0,0.0,OFFLINE,10.0,0,0
18:41:47.039,0,0,50,0.0,96.7,0.0,0,0.0,OFFLINE,10.0,0,0
18:41:47.538,0,0,50,0.0,66.7,0.0,0,0.0,OFFLINE,10.0,0,0
18:41:48.035,0,0,50,0.0,33.3,0.0,0,0.0,OFFLINE,10.0,0,0
18:41:48.532,0,0,50,0.0,0.0,0.0,0,0.0,OFFLINE,10.0,0,0
18:41:49.023,0,0,50,1.8,0.0,0.0,0,0.0,OFFLINE,10.0,0,0
18:41:49.522,0,0,50,3.6,0.0,0.0,0,0.0,OFFLINE,10.0,0,0
18:41:50.036,0,0,50,5.6,0.0,0.0,0,0.0,OFFLINE,10.0,0,0
18:41:50.533,0,0,50,4.8,0.0,0.0,0,0.0,OFFLINE,10.0,0,0
18:41:51.031,0,0,50,2.8,0.0,0.0,0,0.0,OFFLINE,10.0,0,0
18:41:51.535,0,0,50,1.0,0.0,0.0,0,0.0,OFFLINE,10.0,0,0
18:41:52.032,0,0,50,0.0,0.0,0.0,0,0.0,13%,10.0,0,0
18:41:52.541,0,0,50,0.0,0.0,0.0,0,0.0,46%,10.0,0,0
18:41:53.036,0,0,50,0.0,0.0,0.0,0,0.0,76%,10.0,0,0
18:41:53.531,0,0,50,0.0,0.0,0.0,0,0.0,93%,10.0,0,0
18:41:54.035,0,0,50,0.0,0.0,0.0,0,0.0,60%,10.0,0,0
18:41:54.533,0,0,50,0.0,0.0,0.0,0,0.0,30%,10.0,0,0
18:41:55.056,0,0,50,0.0,0.0,0.0,0,-5.0,0%,10.0,0,0
18:41:55.537,0,0,50,0.0,0.0,0.0,0,5.5,0%,10.0,0,0
18:41:56.046,0,0,50,0.0,0.0,0.0,0,17.2,0%,10.0,0,0
18:41:56.544,0,0,50,0.0,0.0,0.0,0,28.8,0%,10.0,0,0
18:41:57.044,0,0,50,0.0,0.0,0.0,0,20.7,0%,10.0,0,0
18:41:57.531,0,0,50,0.0,0.0,0.0,0,10.2,0%,10.0,0,0
18:41:58.028,0,0,50,0.0,0.0,0.0,0,-1.5,0%,10.0,0,0
18:41:58.527,0,0,50,0.0,0.0,0.0,18,-5.0,0%,10.0,0,0
18:41:59.036,0,0,50,0.0,0.0,0.0,35,-5.0,0%,10.0,0,0
18:41:59.525,0,0,50,0.0,0.0,0.0,50,-5.0,0%,10.0,0,0
18:42:00.031,0,0,50,0.0,0.0,0.0,53,-5.0,0%,10.0,0,0
18:42:00.536,0,0,50,0.0,0.0,0.0,38,-5.0,0%,10.0,0,0
18:42:01.033,0,0,50,0.0,0.0,0.0,21,-5.0,0%,10.0,0,0
18:42:01.539,0,0,0,0.0,0.0,0.0,0,0.0,OFFLINE,0.0,0,0
18:42:02.029,0,0,0,0.0,0.0,0.0,0,0.0,OFFLINE,0.0,0,0
18:42:02.540,0,0,0,0.0,0.0,0.0,0,0.0,OFFLINE,0.0,0,0
18:42:03.045,0,0,0,0.0,0.0,0.0,0,0.0,OFFLINE,0.0,0,0
18:42:03.523,0,0,0,0.0,0.0,0.0,0,0.0,OFFLINE,0.0,0,0
18:42:04.029,0,0,0,0.0,0.0,0.0,0,0.0,OFFLINE,0.0,0,0
18:42:04.538,0,0,0,0.0,0.0,0.0,0,0.0,OFFLINE,0.0,0,0
18:42:05.039,0,0,0,0.0,0.0,0.0,0,0.0,OFFLINE,0.0,0,0
18:42:05.533,0,0,0,0.0,0.0,0.0,0,0.0,OFFLINE,0.0,0,0
18:42:06.037,0,0,0,0.0,0.0,0.0,0,0.0,OFFLINE,0.0,0,0
18:42:06.533,0,0,0,0.0,0.0,0.0,0,0.0,OFFLINE,0.0,0,0
18:42:07.035,0,0,0,0.0,0.0,0.0,0,0.0,OFFLINE,0.0,0,0
18:42:07.534,0,0,0,0.0,0.0,0.0,0,0.0,OFFLINE,0.0,0,0
18:42:08.037,0,0,0,0.0,0.0,0.0,0,0.0,OFFLINE,0.0,0,0
18:42:08.539,0,0,0,0.0,0.0,0.0,0,0.0,OFFLINE,0.0,0,0
18:42:09.025,0,0,0,0.0,0.0,0.0,0,0.0,OFFLINE,0.0,0,0
18:42:09.540,0,0,0,0.0,0.0,0.0,0,0.0,OFFLINE,0.0,0,0
18:42:10.029,0,0,0,0.0,0.0,0.0,0,0.0,OFFLINE,0.0,0,0
18:42:10.538,0,0,0,0.0,0.0,0.0,0,0.0,OFFLINE,0.0,0,0
18:42:11.035,0,0,0,0.0,0.0,0.0,0,0.0,OFFLINE,0.0,0,0
18:42:11.531,0,0,0,0.0,0.0,0.0,0,0.0,OFFLINE,0.0,0,0
18:42:12.024,0,0,0,0.0,0.0,0.0,0,0.0,OFFLINE,0.0,0,0
18:42:12.540,0,0,0,0.0,0.0,0.0,0,0.0,OFFLINE,0.0,0,0
18:42:13.030,0,0,0,0.0,0.0,0.0,0,0.0,OFFLINE,0.0,0,0
18:42:13.524,0,0,0,0.0,0.0,0.0,0,0.0,OFFLINE,0.0,0,0
18:42:14.045,0,0,0,0.0,0.0,0.0,0,0.0,OFFLINE,0.0,0,0
18:42:14.527,0,0,0,0.0,0.0,0.0,0,0.0,OFFLINE,0.0,0,0
18:42:15.026,0,0,0,0.0,0.0,0.0,0,0.0,OFFLINE,0.0,0,0
18:42:15.536,0,0,0,0.0,0.0,0.0,0,0.0,OFFLINE,0.0,0,0
18:42:16.038,0,0,0,0.0,0.0,0.0,0,0.0,OFFLINE,0.0,0,0
18:42:16.522,0,0,0,0.0,0.0,0.0,0,0.0,OFFLINE,0.0,0,0
18:42:17.037,0,0,0,0.0,0.0,0.0,0,0.0,OFFLINE,0.0,0,0
18:42:17.529,0,0,0,0.0,0.0,0.0,0,0.0,OFFLINE,0.0,0,0
18:42:18.036,0,0,0,0.0,0.0,0.0,0,0.0,OFFLINE,0.0,0,0
18:42:18.534,0,0,0,0.0,0.0,0.0,0,0.0,OFFLINE,0.0,0,0
18:42:19.044,0,0,0,0.0,0.0,0.0,0,0.0,OFFLINE,0.0,0,0
18:42:19.554,0,0,0,0.0,0.0,0.0,0,0.0,OFFLINE,0.0,0,0
18:42:20.042,0,0,0,0.0,0.0,0.0,0,0.0,OFFLINE,0.0,0,0
18:42:20.533,0,0,0,0.0,0.0,0.0,0,0.0,OFFLINE,0.0,0,0
18:42:21.030,0,0,0,0.0,0.0,0.0,0,0.0,OFFLINE,0.0,0,0
18:42:21.555,0,0,0,0.0,0.0,0.0,0,0.0,OFFLINE,0.0,0,0
18:42:22.032,0,0,0,0.0,0.0,0.0,0,0.0,OFFLINE,0.0,0,0
18:42:22.544,0,0,0,0.0,0.0,0.0,0,0.0,OFFLINE,0.0,0,0
18:42:23.037,0,0,0,0.0,0.0,0.0,0,0.0,OFFLINE,0.0,0,0
18:42:23.533,0,0,0,0.0,0.0,0.0,0,0.0,OFFLINE,0.0,0,0
18:42:24.029,0,0,0,0.0,0.0,0.0,0,0.0,OFFLINE,0.0,0,0
18:42:24.538,0,0,0,0.0,0.0,0.0,0,0.0,OFFLINE,0.0,0,0
18:42:25.026,0,0,0,0.0,0.0,0.0,0,0.0,OFFLINE,0.0,0,0
18:42:25.538,0,0,0,0.0,0.0,0.0,0,0.0,OFFLINE,0.0,0,0
18:42:26.037,0,0,0,0.0,0.0,0.0,0,0.0,OFFLINE,0.0,0,0
18:42:26.537,0,0,0,0.0,0.0,0.0,0,0.0,OFFLINE,0.0,0,0
18:42:27.037,0,0,0,0.0,0.0,0.0,0,0.0,OFFLINE,0.0,0,0
18:42:27.551,0,0,0,0.0,0.0,0.0,0,0.0,OFFLINE,0.0,0,0
18:42:28.032,0,0,0,0.0,0.0,0.0,0,0.0,OFFLINE,0.0,0,0
18:42:28.539,0,0,0,0.0,0.0,0.0,0,0.0,OFFLINE,0.0,0,0
18:42:29.035,0,0,0,0.0,0.0,0.0,0,0.0,OFFLINE,0.0,0,0
18:42:29.531,0,0,0,0.0,0.0,0.0,0,0.0,OFFLINE,0.0,0,0
18:42:30.046,0,0,0,0.0,0.0,0.0,0,0.0,OFFLINE,0.0,0,0
18:42:30.537,0,0,0,0.0,0.0,0.0,0,0.0,OFFLINE,0.0,0,0
18:42:31.027,0,0,0,0.0,0.0,0.0,0,0.0,OFFLINE,0.0,0,0
18:42:31.538,0,0,0,0.0,0.0,0.0,0,0.0,OFFLINE,0.0,0,0
18:42:32.041,0,0,0,0.0,0.0,0.0,0,0.0,OFFLINE,0.0,0,0
18:42:32.527,0,0,0,0.0,0.0,0.0,0,0.0,OFFLINE,0.0,0,0
18:42:33.052,0,0,0,0.0,0.0,0.0,0,0.0,OFFLINE,0.0,0,0
18:42:33.528,0,0,0,0.0,0.0,0.0,0,0.0,OFFLINE,0.0,0,0
18:42:34.029,0,0,0,0.0,0.0,0.0,0,0.0,OFFLINE,0.0,0,0
18:42:34.557,0,0,0,0.0,0.0,0.0,0,0.0,OFFLINE,0.0,0,0
18:42:35.045,0,0,0,0.0,0.0,0.0,0,0.0,OFFLINE,0.0,0,0
18:42:35.546,0,0,0,0.0,0.0,0.0,0,0.0,OFFLINE,0.0,0,0
18:42:36.044,0,0,0,0.0,0.0,0.0,0,0.0,OFFLINE,0.0,0,0
18:42:36.539,0,0,0,0.0,0.0,0.0,0,0.0,OFFLINE,0.0,0,0
18:42:37.028,0,0,0,0.0,0.0,0.0,0,0.0,OFFLINE,0.0,0,0
18:42:37.532,0,0,0,0.0,0.0,0.0,0,0.0,OFFLINE,0.0,0,0
18:42:38.042,0,0,0,0.0,0.0,0.0,0,0.0,OFFLINE,0.0,0,0
18:42:38.535,0,0,0,0.0,0.0,0.0,0,0.0,OFFLINE,0.0,0,0
18:42:39.026,0,0,0,0.0,0.0,0.0,0,0.0,OFFLINE,0.0,0,0
18:42:39.551,0,0,0,0.0,0.0,0.0,0,0.0,OFFLINE,0.0,0,0
18:42:40.035,0,0,0,0.0,0.0,0.0,0,0.0,OFFLINE,0.0,0,0
18:42:40.536,0,0,0,0.0,0.0,0.0,0,0.0,OFFLINE,0.0,0,0
18:42:41.035,0,0,0,0.0,0.0,0.0,0,0.0,OFFLINE,0.0,0,0
18:42:41.534,0,0,0,0.0,0.0,0.0,0,0.0,OFFLINE,0.0,0,0
18:42:42.028,0,0,0,0.0,0.0,0.0,0,0.0,OFFLINE,0.0,0,0
18:42:42.528,0,0,0,0.0,0.0,0.0,0,0.0,OFFLINE,0.0,0,0
18:42:43.033,0,0,0,0.0,0.0,0.0,0,0.0,OFFLINE,0.0,0,0
18:42:43.553,0,0,0,0.0,0.0,0.0,0,0.0,OFFLINE,0.0,0,0
18:42:44.037,0,0,0,0.0,0.0,0.0,0,0.0,OFFLINE,0.0,0,0
18:42:44.540,0,0,0,0.0,0.0,0.0,0,0.0,OFFLINE,0.0,0,0
18:42:45.036,0,0,0,0.0,0.0,0.0,0,0.0,OFFLINE,0.0,0,0
18:42:45.554,0,0,0,0.0,0.0,0.0,0,0.0,OFFLINE,0.0,0,0
18:42:46.030,0,0,0,0.0,0.0,0.0,0,0.0,OFFLINE,0.0,0,0
18:42:46.533,0,0,0,0.0,0.0,0.0,0,0.0,OFFLINE,0.0,0,0
18:42:47.040,0,0,0,0.0,0.0,0.0,0,0.0,OFFLINE,0.0,0,0
18:42:47.525,0,0,0,0.0,0.0,0.0,0,0.0,OFFLINE,0.0,0,0
18:42:48.038,0,0,0,0.0,0.0,0.0,0,0.0,OFFLINE,0.0,0,0
18:42:48.536,0,0,0,0.0,0.0,0.0,0,0.0,OFFLINE,0.0,0,0
18:42:49.023,0,0,0,0.0,0.0,0.0,0,0.0,OFFLINE,0.0,0,0
18:42:49.534,0,0,0,0.0,0.0,0.0,0,0.0,OFFLINE,0.0,0,0
18:42:50.031,0,0,0,0.0,0.0,0.0,0,0.0,OFFLINE,0.0,0,0
18:42:50.524,0,0,0,0.0,0.0,0.0,0,0.0,OFFLINE,0.0,0,0
18:42:51.034,0,0,0,0.0,0.0,0.0,0,0.0,OFFLINE,0.0,0,0
18:42:51.528,0,0,0,0.0,0.0,0.0,0,0.0,OFFLINE,0.0,0,0
18:42:52.047,0,0,0,0.0,0.0,0.0,0,0.0,OFFLINE,0.0,0,0
18:42:52.535,0,0,0,0.0,0.0,0.0,0,0.0,OFFLINE,0.0,0,0
18:42:53.047,0,0,0,0.0,0.0,0.0,0,0.0,OFFLINE,0.0,0,0
18:42:53.544,0,0,0,0.0,0.0,0.0,0,0.0,OFFLINE,0.0,0,0
18:42:54.025,0,0,0,0.0,0.0,0.0,0,0.0,OFFLINE,0.0,0,0
18:42:54.543,0,0,0,0.0,0.0,0.0,0,0.0,OFFLINE,0.0,0,0
